patient_id,diagnosis_date,treatment_decision_date,access_approval_date,treatment_start_date,treatment_status,discontinuation_date,discontinuation_reason
PT00001,2025-08-09,2025-08-14,2025-09-17,2025-09-29,Started,,
PT00002,2025-12-12,2025-12-14,2026-01-01,2026-01-13,Started,,
PT00003,2023-05-03,2023-05-05,2023-06-03,2023-06-06,Started,,
PT00004,2023-05-24,2023-05-31,2023-06-13,2023-06-26,Started,,
PT00005,2025-08-12,2025-08-19,2025-09-11,,Not Started,,
PT00006,2025-07-17,2025-07-18,2025-08-09,2025-08-19,Discontinued,2025-12-11,Cost / Affordability
PT00007,2023-05-31,2023-06-05,2023-06-13,2023-06-24,Started,,
PT00008,2025-05-30,2025-06-04,2025-06-26,,Not Started,,
PT00009,2023-01-09,2023-01-11,2023-02-06,2023-02-18,Started,,
PT00010,2024-09-19,2024-09-24,2024-10-07,2024-10-11,Started,,
PT00011,2024-05-24,2024-05-28,2024-06-10,2024-06-24,Started,,
PT00012,2025-08-14,2025-08-21,2025-09-11,2025-09-16,Started,,
PT00013,2024-02-05,2024-02-09,2024-03-03,2024-03-13,Started,,
PT00014,2023-08-14,2023-08-21,2023-09-08,2023-09-12,Started,,
PT00015,2024-10-20,2024-10-21,2024-11-02,2024-11-12,Started,,
PT00016,2024-06-01,2024-06-08,2024-06-26,2024-07-10,Started,,
PT00017,2024-11-30,2024-12-02,2024-12-20,2024-12-26,Started,,
PT00018,2024-07-19,2024-07-22,2024-08-03,2024-08-06,Started,,
PT00019,2025-02-23,2025-02-28,2025-03-12,2025-03-19,Started,,
PT00020,2025-07-09,2025-07-12,2025-07-20,2025-07-27,Started,,
PT00021,2024-05-26,2024-05-27,2024-06-18,2024-06-21,Started,,
PT00022,2024-12-27,2024-12-30,2025-01-11,2025-01-24,Started,,
PT00023,2023-11-01,2023-11-03,2023-11-06,2023-11-16,Started,,
PT00024,2025-12-12,2025-12-19,2026-01-11,2026-01-20,Started,,
PT00025,2023-02-16,2023-02-18,2023-03-02,2023-03-11,Started,,
PT00026,2024-10-18,2024-10-20,2024-11-02,2024-11-10,Started,,
PT00027,2025-03-01,2025-03-06,2025-03-15,2025-03-20,Started,,
PT00028,2024-07-13,2024-07-19,2024-08-04,,Not Started,,
PT00029,2025-05-10,2025-05-16,2025-05-30,2025-06-02,Started,,
PT00030,2025-12-28,2026-01-01,2026-01-24,2026-01-27,Discontinued,2026-05-18,Patient Decision
PT00031,2024-03-07,2024-03-08,2024-03-27,2024-04-02,Discontinued,2024-10-26,Adverse Event
PT00032,2025-03-12,2025-03-16,2025-04-05,2025-04-13,Started,,
PT00033,2024-05-30,2024-05-31,2024-06-13,,Not Started,,
PT00034,2024-11-20,2024-11-24,2024-12-11,2024-12-20,Started,,
PT00035,2025-12-02,2025-12-03,2025-12-22,2025-12-28,Started,,
PT00036,2023-02-04,2023-02-06,2023-03-10,2023-03-12,Started,,
PT00037,2024-09-08,2024-09-15,2024-09-28,2024-10-08,Started,,
PT00038,2025-10-17,2025-10-21,2025-11-10,2025-11-21,Started,,
PT00039,2025-09-04,2025-09-05,2025-09-22,2025-09-28,Started,,
PT00040,2023-10-06,2023-10-12,2023-11-07,,Not Started,,
PT00041,2024-02-01,2024-02-04,2024-02-23,,Not Started,,
PT00042,2024-03-30,2024-04-03,2024-05-01,,Not Started,,
PT00043,2024-01-31,2024-02-04,2024-02-14,2024-02-25,Started,,
PT00044,2025-12-01,2025-12-04,2025-12-15,2025-12-25,Started,,
PT00045,2024-10-19,2024-10-26,2024-11-06,2024-11-18,Started,,
PT00046,2023-06-19,2023-06-24,2023-07-01,2023-07-05,Started,,
PT00047,2024-05-14,2024-05-19,2024-06-11,2024-06-24,Started,,
PT00048,2024-03-20,2024-03-27,2024-04-07,,Not Started,,
PT00049,2024-10-14,2024-10-20,2024-11-10,2024-11-22,Started,,
PT00050,2025-10-21,2025-10-27,2025-11-26,2025-11-29,Started,,
PT00051,2025-07-17,2025-07-23,2025-08-07,2025-08-18,Started,,
PT00052,2025-06-04,2025-06-10,2025-06-16,2025-06-19,Started,,
PT00053,2023-02-16,2023-02-21,2023-03-22,,Not Started,,
PT00054,2024-04-15,2024-04-20,2024-05-06,2024-05-16,Started,,
PT00055,2025-10-28,2025-11-04,2025-11-29,2025-12-10,Started,,
PT00056,2025-05-18,2025-05-23,2025-06-02,2025-06-06,Started,,
PT00057,2024-04-05,2024-04-08,2024-05-03,2024-05-08,Started,,
PT00058,2023-09-13,2023-09-18,2023-09-29,2023-10-05,Discontinued,2024-03-12,Patient Decision
PT00059,2025-10-12,2025-10-19,2025-11-07,2025-11-16,Started,,
PT00060,2023-03-04,2023-03-06,2023-03-20,2023-03-27,Started,,
PT00061,2024-05-25,2024-05-28,2024-06-15,2024-06-23,Started,,
PT00062,2025-02-09,2025-02-10,2025-02-22,2025-02-24,Discontinued,2025-10-04,Access Issue
PT00063,2024-04-01,2024-04-05,2024-04-29,2024-05-13,Started,,
PT00064,2023-04-05,2023-04-12,2023-05-01,2023-05-15,Started,,
PT00065,2025-12-13,2025-12-16,2026-01-05,2026-01-13,Started,,
PT00066,2024-07-31,2024-08-07,2024-08-18,,Not Started,,
PT00067,2025-03-08,2025-03-10,2025-03-18,,Not Started,,
PT00068,2025-10-16,2025-10-18,2025-11-02,2025-11-08,Discontinued,2026-07-02,Cost / Affordability
PT00069,2025-02-23,2025-02-26,2025-03-20,2025-03-26,Started,,
PT00070,2023-02-12,2023-02-14,2023-02-20,2023-03-01,Started,,
PT00071,2025-06-18,2025-06-24,2025-07-28,2025-08-10,Started,,
PT00072,2025-12-10,2025-12-12,2025-12-20,2025-12-31,Started,,
PT00073,2024-10-06,2024-10-11,2024-10-14,2024-10-20,Started,,
PT00074,2025-03-04,2025-03-10,2025-03-26,2025-04-03,Started,,
PT00075,2025-11-15,2025-11-21,2025-12-08,,Not Started,,
PT00076,2023-03-19,2023-03-21,2023-03-26,2023-04-04,Started,,
PT00077,2025-07-07,2025-07-13,2025-07-25,2025-07-29,Started,,
PT00078,2025-11-04,2025-11-11,2025-11-17,2025-11-24,Started,,
PT00079,2024-06-20,2024-06-22,2024-07-06,2024-07-12,Started,,
PT00080,2023-04-21,2023-04-23,2023-05-13,,Not Started,,
PT00081,2024-02-29,2024-03-07,2024-03-29,2024-04-05,Started,,
PT00082,2024-10-23,2024-10-24,2024-11-11,2024-11-17,Started,,
PT00083,2025-06-17,2025-06-21,2025-07-16,2025-07-19,Started,,
PT00084,2023-01-04,2023-01-06,2023-01-29,2023-02-01,Started,,
PT00085,2025-04-26,2025-05-01,2025-05-22,2025-05-30,Started,,
PT00086,2025-04-15,2025-04-18,2025-05-03,2025-05-17,Started,,
PT00087,2025-04-24,2025-05-01,2025-05-07,2025-05-12,Started,,
PT00088,2025-06-16,2025-06-17,2025-06-25,2025-07-03,Started,,
PT00089,2025-06-29,2025-07-01,2025-07-21,2025-07-26,Started,,
PT00090,2023-11-30,2023-12-01,2023-12-12,,Not Started,,
PT00091,2025-07-06,2025-07-08,2025-08-03,2025-08-10,Started,,
PT00092,2024-12-25,2024-12-29,2025-01-22,2025-02-03,Started,,
PT00093,2023-03-30,2023-04-02,2023-04-15,2023-04-20,Started,,
PT00094,2024-07-28,2024-07-29,2024-08-18,2024-08-26,Started,,
PT00095,2023-04-14,2023-04-16,2023-05-08,,Not Started,,
PT00096,2025-11-04,2025-11-05,2025-11-14,,Not Started,,
PT00097,2025-10-17,2025-10-21,2025-10-25,2025-11-01,Started,,
PT00098,2025-05-14,2025-05-20,2025-06-01,2025-06-08,Started,,
PT00099,2023-01-15,2023-01-19,2023-01-26,2023-01-31,Started,,
PT00100,2023-04-05,2023-04-07,2023-04-15,2023-04-28,Started,,
PT00101,2025-05-21,2025-05-22,2025-06-20,2025-06-24,Started,,
PT00102,2025-08-15,2025-08-19,2025-09-05,2025-09-16,Started,,
PT00103,2025-10-04,2025-10-08,2025-10-30,,Not Started,,
PT00104,2025-10-10,2025-10-17,2025-11-01,2025-11-15,Started,,
PT00105,2024-02-24,2024-03-01,2024-03-22,2024-04-04,Discontinued,2024-05-31,Cost / Affordability
PT00106,2025-08-26,2025-08-27,2025-09-10,2025-09-20,Started,,
PT00107,2024-06-20,2024-06-25,2024-07-26,,Not Started,,
PT00108,2024-10-01,2024-10-06,2024-10-22,2024-10-25,Started,,
PT00109,2023-06-26,2023-06-27,2023-07-09,,Not Started,,
PT00110,2025-04-28,2025-05-05,2025-05-26,2025-06-02,Started,,
PT00111,2024-07-14,2024-07-18,2024-08-05,2024-08-11,Started,,
PT00112,2024-10-31,2024-11-06,2024-12-02,,Not Started,,
PT00113,2025-10-06,2025-10-07,2025-10-23,2025-10-31,Started,,
PT00114,2025-07-13,2025-07-16,2025-08-02,2025-08-07,Started,,
PT00115,2023-03-28,2023-04-03,2023-04-16,2023-04-24,Started,,
PT00116,2024-03-18,2024-03-21,2024-03-31,2024-04-09,Started,,
PT00117,2025-10-03,2025-10-09,2025-10-22,2025-10-29,Started,,
PT00118,2023-06-14,2023-06-16,2023-07-01,2023-07-13,Started,,
PT00119,2023-05-31,2023-06-03,2023-06-22,2023-06-25,Started,,
PT00120,2025-03-25,2025-03-31,2025-04-14,2025-04-25,Started,,
PT00121,2023-09-18,2023-09-21,2023-10-06,2023-10-14,Discontinued,2024-01-19,Adverse Event
PT00122,2025-05-03,2025-05-08,2025-06-08,,Not Started,,
PT00123,2024-06-09,2024-06-15,2024-07-09,,Not Started,,
PT00124,2023-01-04,2023-01-07,2023-01-26,,Not Started,,
PT00125,2023-02-11,2023-02-14,2023-03-02,2023-03-09,Started,,
PT00126,2023-12-08,2023-12-12,2024-01-02,2024-01-09,Started,,
PT00127,2025-03-31,2025-04-06,2025-04-23,2025-05-03,Started,,
PT00128,2023-05-10,2023-05-16,2023-05-22,2023-05-29,Started,,
PT00129,2023-05-29,2023-06-04,2023-06-24,2023-07-02,Started,,
PT00130,2023-04-08,2023-04-12,2023-04-29,2023-05-06,Started,,
PT00131,2025-08-15,2025-08-22,2025-09-18,2025-09-20,Started,,
PT00132,2023-10-23,2023-10-28,2023-11-20,2023-12-04,Started,,
PT00133,2023-04-18,2023-04-21,2023-05-18,2023-06-01,Started,,
PT00134,2025-03-27,2025-03-28,2025-04-23,2025-05-06,Started,,
PT00135,2024-10-22,2024-10-26,2024-11-20,2024-12-01,Started,,
PT00136,2024-05-03,2024-05-04,2024-05-25,2024-06-01,Started,,
PT00137,2023-09-07,2023-09-14,2023-10-03,2023-10-13,Started,,
PT00138,2024-12-27,2025-01-01,2025-01-15,2025-01-27,Started,,
PT00139,2024-09-06,2024-09-11,2024-09-22,2024-09-25,Started,,
PT00140,2025-03-15,2025-03-16,2025-04-04,2025-04-07,Discontinued,2025-09-24,Treatment Ineffectiveness
PT00141,2025-07-09,2025-07-11,2025-07-20,2025-07-26,Discontinued,2026-01-27,Cost / Affordability
PT00142,2025-01-08,2025-01-13,2025-02-05,2025-02-11,Started,,
PT00143,2025-11-28,2025-12-02,2025-12-22,2025-12-24,Started,,
PT00144,2024-01-12,2024-01-16,2024-02-12,2024-02-14,Started,,
PT00145,2024-01-11,2024-01-15,2024-01-26,2024-01-31,Started,,
PT00146,2024-08-07,2024-08-13,2024-09-06,2024-09-15,Started,,
PT00147,2025-07-27,2025-07-31,2025-08-19,,Not Started,,
PT00148,2024-07-17,2024-07-23,2024-08-01,2024-08-14,Started,,
PT00149,2023-08-14,2023-08-20,2023-09-07,2023-09-16,Started,,
PT00150,2025-11-09,2025-11-10,2025-12-05,2025-12-11,Started,,
PT00151,2023-01-03,2023-01-10,2023-01-29,2023-02-12,Discontinued,2023-04-24,Cost / Affordability
PT00152,2025-08-09,2025-08-12,2025-08-28,,Not Started,,
PT00153,2024-06-04,2024-06-06,2024-06-24,2024-06-29,Started,,
PT00154,2023-02-07,2023-02-09,2023-03-07,2023-03-15,Started,,
PT00155,2025-08-30,2025-09-05,2025-09-29,2025-10-03,Started,,
PT00156,2025-11-29,2025-11-30,2025-12-04,2025-12-06,Started,,
PT00157,2024-07-24,2024-07-26,2024-08-18,2024-08-20,Started,,
PT00158,2023-07-10,2023-07-17,2023-08-07,2023-08-15,Started,,
PT00159,2025-11-20,2025-11-26,2025-12-10,2025-12-24,Started,,
PT00160,2024-08-11,2024-08-16,2024-08-23,2024-08-30,Started,,
PT00161,2023-12-26,2023-12-28,2024-01-18,2024-01-31,Started,,
PT00162,2024-08-08,2024-08-13,2024-09-08,2024-09-22,Started,,
PT00163,2024-04-28,2024-05-02,2024-05-19,,Not Started,,
PT00164,2024-04-18,2024-04-22,2024-05-23,2024-05-28,Started,,
PT00165,2025-08-05,2025-08-10,2025-09-01,2025-09-12,Discontinued,2025-11-07,Access Issue
PT00166,2025-01-07,2025-01-13,2025-01-25,2025-02-05,Discontinued,2025-09-06,Access Issue
PT00167,2025-08-31,2025-09-04,2025-09-24,,Not Started,,
PT00168,2023-01-21,2023-01-22,2023-02-15,2023-02-17,Discontinued,2023-10-11,Access Issue
PT00169,2024-07-23,2024-07-24,2024-07-28,2024-08-08,Started,,
PT00170,2024-05-06,2024-05-12,2024-06-02,,Not Started,,
PT00171,2024-08-13,2024-08-20,2024-08-25,2024-09-04,Started,,
PT00172,2024-01-13,2024-01-17,2024-02-11,2024-02-23,Discontinued,2024-07-18,Adverse Event
PT00173,2024-06-04,2024-06-06,2024-06-23,2024-07-02,Discontinued,2024-12-25,Patient Decision
PT00174,2024-08-06,2024-08-13,2024-08-22,2024-08-24,Started,,
PT00175,2024-08-29,2024-09-04,2024-09-11,2024-09-19,Started,,
PT00176,2025-02-17,2025-02-19,2025-03-07,2025-03-10,Started,,
PT00177,2024-11-03,2024-11-09,2024-12-03,2024-12-07,Started,,
PT00178,2024-08-11,2024-08-15,2024-09-06,2024-09-09,Started,,
PT00179,2023-05-23,2023-05-25,2023-05-28,2023-06-02,Started,,
PT00180,2023-01-09,2023-01-10,2023-01-31,2023-02-07,Started,,
PT00181,2023-04-21,2023-04-24,2023-05-16,,Not Started,,
PT00182,2024-02-14,2024-02-20,2024-02-23,2024-03-08,Started,,
PT00183,2025-06-27,2025-06-30,2025-07-13,2025-07-21,Started,,
PT00184,2023-11-05,2023-11-07,2023-11-18,2023-11-21,Started,,
PT00185,2023-11-08,2023-11-12,2023-11-25,,Not Started,,
PT00186,2023-12-19,2023-12-20,2024-01-04,,Not Started,,
PT00187,2024-05-30,2024-06-04,2024-07-06,2024-07-11,Started,,
PT00188,2024-02-24,2024-02-25,2024-03-07,2024-03-18,Started,,
PT00189,2023-07-05,2023-07-06,2023-07-24,2023-08-03,Discontinued,2023-09-19,Access Issue
PT00190,2025-03-04,2025-03-10,2025-03-24,2025-03-27,Started,,
PT00191,2023-10-20,2023-10-21,2023-10-25,2023-10-30,Started,,
PT00192,2023-05-10,2023-05-12,2023-05-23,2023-05-31,Discontinued,2023-11-01,Cost / Affordability
PT00193,2023-09-18,2023-09-21,2023-10-12,,Not Started,,
PT00194,2024-09-21,2024-09-25,2024-10-05,2024-10-11,Started,,
PT00195,2025-08-29,2025-09-04,2025-09-14,,Not Started,,
PT00196,2023-06-14,2023-06-16,2023-07-01,2023-07-13,Started,,
PT00197,2023-11-30,2023-12-01,2023-12-11,,Not Started,,
PT00198,2024-04-29,2024-05-06,2024-05-28,2024-06-10,Started,,
PT00199,2023-08-30,2023-09-05,2023-09-23,,Not Started,,
PT00200,2024-05-09,2024-05-12,2024-06-06,2024-06-18,Discontinued,2024-12-07,Access Issue
PT00201,2025-06-10,2025-06-17,2025-06-23,,Not Started,,
PT00202,2023-03-27,2023-03-29,2023-04-12,2023-04-18,Started,,
PT00203,2023-10-30,2023-11-05,2023-11-20,2023-11-30,Started,,
PT00204,2025-12-12,2025-12-13,2026-01-03,2026-01-11,Started,,
PT00205,2024-11-18,2024-11-21,2024-12-01,2024-12-12,Started,,
PT00206,2024-05-08,2024-05-09,2024-05-21,2024-05-27,Started,,
PT00207,2025-04-01,2025-04-08,2025-05-02,2025-05-04,Started,,
PT00208,2025-04-07,2025-04-12,2025-05-01,2025-05-10,Started,,
PT00209,2025-05-16,2025-05-22,2025-05-30,2025-06-11,Started,,
PT00210,2023-11-24,2023-12-01,2023-12-14,2023-12-16,Started,,
PT00211,2023-10-31,2023-11-04,2023-11-25,2023-12-09,Started,,
PT00212,2025-10-01,2025-10-02,2025-10-30,2025-11-06,Started,,
PT00213,2024-12-15,2024-12-18,2025-01-08,2025-01-22,Started,,
PT00214,2025-10-04,2025-10-11,2025-10-29,2025-11-04,Started,,
PT00215,2024-10-31,2024-11-05,2024-11-28,2024-12-10,Started,,
PT00216,2025-11-28,2025-12-05,2025-12-22,2026-01-03,Started,,
PT00217,2023-02-05,2023-02-08,2023-02-16,,Not Started,,
PT00218,2024-07-12,2024-07-18,2024-08-01,2024-08-07,Discontinued,2024-10-29,Patient Decision
PT00219,2023-01-10,2023-01-17,2023-02-11,2023-02-22,Started,,
PT00220,2023-02-19,2023-02-21,2023-03-07,2023-03-19,Started,,
PT00221,2025-09-19,2025-09-25,2025-10-18,2025-10-21,Discontinued,2026-01-29,Cost / Affordability
PT00222,2024-10-22,2024-10-28,2024-11-27,,Not Started,,
PT00223,2025-08-26,2025-08-28,2025-09-21,,Not Started,,
PT00224,2024-09-28,2024-10-04,2024-10-28,,Not Started,,
PT00225,2024-07-07,2024-07-13,2024-07-27,2024-08-03,Started,,
PT00226,2023-03-14,2023-03-18,2023-04-02,2023-04-14,Started,,
PT00227,2025-08-13,2025-08-20,2025-09-14,2025-09-16,Discontinued,2026-03-16,Cost / Affordability
PT00228,2023-12-08,2023-12-13,2023-12-27,2024-01-05,Started,,
PT00229,2023-04-26,2023-04-30,2023-05-16,2023-05-23,Started,,
PT00230,2023-07-27,2023-08-03,2023-08-25,2023-09-01,Started,,
PT00231,2025-09-06,2025-09-07,2025-09-26,2025-10-01,Started,,
PT00232,2023-12-30,2024-01-02,2024-01-17,2024-01-19,Started,,
PT00233,2025-02-22,2025-02-23,2025-03-11,2025-03-19,Started,,
PT00234,2023-12-27,2024-01-03,2024-01-19,2024-01-27,Started,,
PT00235,2023-11-07,2023-11-08,2023-12-08,2023-12-20,Started,,
PT00236,2023-01-12,2023-01-16,2023-01-31,2023-02-02,Started,,
PT00237,2023-05-14,2023-05-17,2023-05-31,2023-06-06,Started,,
PT00238,2023-05-10,2023-05-11,2023-05-31,2023-06-09,Started,,
PT00239,2023-09-10,2023-09-17,2023-10-02,2023-10-05,Discontinued,2024-03-09,Adverse Event
PT00240,2025-06-20,2025-06-23,2025-07-16,2025-07-20,Started,,
PT00241,2025-11-01,2025-11-08,2025-11-28,2025-12-12,Started,,
PT00242,2024-03-22,2024-03-26,2024-04-15,2024-04-26,Started,,
PT00243,2025-10-07,2025-10-08,2025-10-25,2025-11-08,Started,,
PT00244,2025-12-15,2025-12-22,2025-12-27,2025-12-30,Discontinued,2026-06-23,Access Issue
PT00245,2025-06-01,2025-06-03,2025-06-24,2025-07-07,Started,,
PT00246,2025-03-30,2025-04-01,2025-04-09,2025-04-15,Discontinued,2025-08-30,Treatment Ineffectiveness
PT00247,2025-02-06,2025-02-07,2025-02-24,2025-02-27,Started,,
PT00248,2024-01-21,2024-01-27,2024-02-06,2024-02-15,Started,,
PT00249,2025-06-19,2025-06-26,2025-06-30,2025-07-04,Started,,
PT00250,2023-06-22,2023-06-24,2023-06-27,2023-07-07,Started,,
PT00251,2023-07-02,2023-07-04,2023-07-10,2023-07-19,Started,,
PT00252,2024-07-07,2024-07-10,2024-08-04,2024-08-12,Started,,
PT00253,2023-05-09,2023-05-10,2023-05-30,,Not Started,,
PT00254,2025-02-27,2025-03-06,2025-03-27,2025-04-06,Started,,
PT00255,2025-05-05,2025-05-06,2025-06-10,2025-06-20,Started,,
PT00256,2023-03-28,2023-04-04,2023-04-16,2023-04-21,Started,,
PT00257,2023-08-20,2023-08-21,2023-09-05,2023-09-08,Started,,
PT00258,2024-07-16,2024-07-23,2024-08-05,2024-08-13,Started,,
PT00259,2023-12-26,2023-12-29,2024-01-12,2024-01-25,Started,,
PT00260,2023-06-18,2023-06-22,2023-07-24,2023-07-29,Started,,
PT00261,2025-02-08,2025-02-13,2025-02-26,2025-03-12,Started,,
PT00262,2025-02-21,2025-02-24,2025-03-07,2025-03-20,Started,,
PT00263,2025-09-11,2025-09-13,2025-10-04,2025-10-12,Discontinued,2026-05-15,Access Issue
PT00264,2023-04-23,2023-04-27,2023-05-14,2023-05-27,Started,,
PT00265,2023-05-29,2023-06-05,2023-06-22,,Not Started,,
PT00266,2024-10-23,2024-10-24,2024-11-02,2024-11-15,Started,,
PT00267,2024-04-07,2024-04-13,2024-05-01,2024-05-08,Started,,
PT00268,2024-11-26,2024-11-28,2024-12-16,2024-12-18,Started,,
PT00269,2023-05-16,2023-05-22,2023-06-04,2023-06-13,Started,,
PT00270,2025-05-23,2025-05-26,2025-06-18,2025-06-25,Started,,
PT00271,2023-04-22,2023-04-27,2023-05-12,2023-05-16,Started,,
PT00272,2025-11-03,2025-11-04,2025-11-20,,Not Started,,
PT00273,2024-11-28,2024-11-30,2024-12-20,,Not Started,,
PT00274,2025-04-01,2025-04-05,2025-05-03,2025-05-07,Started,,
PT00275,2025-11-09,2025-11-16,2025-12-08,2025-12-19,Started,,
PT00276,2024-11-28,2024-12-05,2024-12-20,2024-12-22,Discontinued,2025-03-22,Cost / Affordability
PT00277,2023-06-08,2023-06-12,2023-07-08,2023-07-18,Started,,
PT00278,2024-06-25,2024-07-02,2024-07-18,2024-07-25,Started,,
PT00279,2023-07-02,2023-07-08,2023-07-14,2023-07-24,Started,,
PT00280,2025-08-28,2025-09-04,2025-09-21,2025-10-04,Started,,
PT00281,2023-03-19,2023-03-22,2023-04-11,2023-04-18,Discontinued,2023-11-25,Access Issue
PT00282,2023-02-19,2023-02-25,2023-03-23,2023-04-02,Started,,
PT00283,2024-07-16,2024-07-19,2024-08-10,2024-08-15,Started,,
PT00284,2023-02-18,2023-02-22,2023-03-01,2023-03-06,Started,,
PT00285,2024-10-02,2024-10-04,2024-10-15,2024-10-28,Started,,
PT00286,2025-09-11,2025-09-18,2025-10-03,,Not Started,,
PT00287,2023-09-27,2023-10-03,2023-10-19,2023-10-28,Started,,
PT00288,2025-04-20,2025-04-25,2025-05-09,2025-05-22,Started,,
PT00289,2023-07-15,2023-07-19,2023-07-31,2023-08-08,Started,,
PT00290,2025-08-01,2025-08-03,2025-09-04,2025-09-08,Started,,
PT00291,2025-09-10,2025-09-12,2025-09-28,2025-10-05,Started,,
PT00292,2023-06-10,2023-06-15,2023-06-21,2023-06-28,Started,,
PT00293,2023-01-28,2023-01-31,2023-02-11,2023-02-20,Started,,
PT00294,2025-04-21,2025-04-24,2025-05-11,2025-05-15,Started,,
PT00295,2024-03-10,2024-03-11,2024-03-17,2024-03-21,Started,,
PT00296,2023-08-31,2023-09-02,2023-09-05,2023-09-16,Discontinued,2023-11-03,Access Issue
PT00297,2025-06-02,2025-06-08,2025-07-05,2025-07-07,Started,,
PT00298,2024-11-10,2024-11-13,2024-11-26,2024-12-09,Started,,
PT00299,2025-12-03,2025-12-08,2025-12-29,2026-01-10,Started,,
PT00300,2024-12-09,2024-12-12,2025-01-12,,Not Started,,
PT00301,2024-04-29,2024-05-04,2024-06-02,2024-06-09,Started,,
PT00302,2024-01-21,2024-01-23,2024-02-19,,Not Started,,
PT00303,2025-10-11,2025-10-12,2025-11-01,2025-11-06,Started,,
PT00304,2025-08-23,2025-08-30,2025-09-11,2025-09-16,Started,,
PT00305,2025-10-09,2025-10-11,2025-10-19,2025-10-29,Started,,
PT00306,2023-05-11,2023-05-17,2023-06-09,2023-06-13,Started,,
PT00307,2023-09-22,2023-09-25,2023-10-08,2023-10-11,Started,,
PT00308,2025-07-31,2025-08-04,2025-08-14,2025-08-26,Started,,
PT00309,2025-09-12,2025-09-19,2025-10-07,2025-10-20,Started,,
PT00310,2024-06-29,2024-07-06,2024-07-27,2024-07-29,Started,,
PT00311,2024-09-11,2024-09-12,2024-10-02,2024-10-04,Started,,
PT00312,2024-04-27,2024-04-28,2024-05-03,2024-05-12,Started,,
PT00313,2025-08-25,2025-08-30,2025-09-18,2025-10-01,Started,,
PT00314,2025-08-06,2025-08-11,2025-09-02,2025-09-10,Started,,
PT00315,2023-07-29,2023-08-04,2023-08-24,2023-09-04,Started,,
PT00316,2024-07-11,2024-07-16,2024-08-10,2024-08-12,Started,,
PT00317,2023-10-08,2023-10-11,2023-11-04,,Not Started,,
PT00318,2023-10-11,2023-10-17,2023-11-05,2023-11-08,Started,,
PT00319,2025-02-25,2025-02-26,2025-03-09,2025-03-17,Started,,
PT00320,2023-09-22,2023-09-26,2023-10-07,2023-10-14,Started,,
PT00321,2023-11-30,2023-12-03,2023-12-30,2024-01-07,Started,,
PT00322,2024-11-25,2024-12-01,2024-12-08,2024-12-22,Started,,
PT00323,2024-10-22,2024-10-26,2024-11-19,,Not Started,,
PT00324,2025-11-24,2025-11-26,2025-12-13,2025-12-15,Started,,
PT00325,2023-06-23,2023-06-28,2023-07-20,2023-07-28,Discontinued,2023-10-30,Access Issue
PT00326,2024-05-19,2024-05-21,2024-05-31,2024-06-05,Started,,
PT00327,2024-08-01,2024-08-04,2024-08-17,,Not Started,,
PT00328,2024-07-26,2024-07-30,2024-08-06,2024-08-15,Started,,
PT00329,2023-04-03,2023-04-07,2023-05-03,2023-05-06,Discontinued,2023-08-24,Patient Decision
PT00330,2024-12-01,2024-12-05,2024-12-18,2024-12-22,Started,,
PT00331,2024-08-24,2024-08-31,2024-09-19,2024-10-01,Discontinued,2025-01-01,Treatment Ineffectiveness
PT00332,2025-03-27,2025-04-03,2025-04-15,,Not Started,,
PT00333,2025-06-25,2025-06-30,2025-07-18,2025-07-30,Started,,
PT00334,2024-03-31,2024-04-04,2024-04-22,2024-05-06,Started,,
PT00335,2025-09-14,2025-09-15,2025-09-26,2025-10-09,Started,,
PT00336,2025-04-29,2025-05-05,2025-05-22,2025-06-03,Started,,
PT00337,2024-02-16,2024-02-20,2024-03-06,2024-03-14,Started,,
PT00338,2025-08-16,2025-08-23,2025-09-22,2025-09-24,Started,,
PT00339,2024-12-13,2024-12-20,2025-01-03,2025-01-09,Started,,
PT00340,2024-01-22,2024-01-27,2024-02-10,2024-02-19,Started,,
PT00341,2025-09-12,2025-09-13,2025-10-02,2025-10-11,Started,,
PT00342,2023-10-04,2023-10-07,2023-10-22,,Not Started,,
PT00343,2023-07-14,2023-07-21,2023-08-06,2023-08-16,Started,,
PT00344,2024-11-09,2024-11-14,2024-12-02,2024-12-05,Started,,
PT00345,2024-07-12,2024-07-15,2024-08-12,2024-08-15,Started,,
PT00346,2023-05-06,2023-05-07,2023-05-19,2023-06-02,Started,,
PT00347,2025-04-12,2025-04-13,2025-05-08,2025-05-14,Started,,
PT00348,2023-12-29,2024-01-04,2024-01-22,2024-02-04,Started,,
PT00349,2024-04-29,2024-04-30,2024-05-04,2024-05-17,Started,,
PT00350,2023-07-20,2023-07-22,2023-08-14,2023-08-17,Started,,
PT00351,2025-10-04,2025-10-11,2025-10-31,2025-11-11,Started,,
PT00352,2025-03-31,2025-04-07,2025-04-10,2025-04-17,Started,,
PT00353,2023-12-07,2023-12-13,2023-12-30,2024-01-04,Discontinued,2024-06-22,Access Issue
PT00354,2024-04-27,2024-05-04,2024-05-20,2024-05-29,Started,,
PT00355,2023-04-14,2023-04-15,2023-05-06,2023-05-13,Started,,
PT00356,2024-10-18,2024-10-23,2024-11-10,2024-11-24,Started,,
PT00357,2023-09-03,2023-09-08,2023-09-19,2023-09-26,Discontinued,2024-05-13,Treatment Ineffectiveness
PT00358,2024-07-11,2024-07-12,2024-08-08,2024-08-15,Started,,
PT00359,2025-03-30,2025-04-04,2025-04-24,,Not Started,,
PT00360,2024-12-04,2024-12-06,2024-12-25,,Not Started,,
PT00361,2025-02-10,2025-02-17,2025-03-06,2025-03-13,Started,,
PT00362,2025-05-30,2025-05-31,2025-06-06,2025-06-19,Started,,
PT00363,2025-07-31,2025-08-04,2025-08-17,2025-08-21,Started,,
PT00364,2025-06-24,2025-06-30,2025-07-17,2025-07-26,Started,,
PT00365,2023-02-26,2023-02-27,2023-03-17,2023-03-30,Started,,
PT00366,2023-01-25,2023-02-01,2023-02-20,2023-02-24,Started,,
PT00367,2024-06-30,2024-07-03,2024-07-28,2024-08-03,Started,,
PT00368,2025-06-28,2025-07-04,2025-07-13,2025-07-15,Started,,
PT00369,2025-12-25,2025-12-27,2026-01-18,,Not Started,,
PT00370,2025-11-02,2025-11-06,2025-11-24,2025-12-03,Started,,
PT00371,2025-01-02,2025-01-04,2025-02-01,,Not Started,,
PT00372,2025-12-12,2025-12-17,2025-12-24,2026-01-05,Started,,
PT00373,2024-10-21,2024-10-24,2024-11-06,2024-11-20,Started,,
PT00374,2025-12-18,2025-12-25,2026-01-26,,Not Started,,
PT00375,2025-05-22,2025-05-23,2025-06-07,2025-06-11,Started,,
PT00376,2023-10-21,2023-10-22,2023-11-05,2023-11-17,Started,,
PT00377,2024-10-29,2024-10-31,2024-11-13,,Not Started,,
PT00378,2024-09-03,2024-09-08,2024-10-12,,Not Started,,
PT00379,2024-04-15,2024-04-21,2024-05-13,2024-05-25,Started,,
PT00380,2023-08-23,2023-08-25,2023-09-06,,Not Started,,
PT00381,2024-06-16,2024-06-17,2024-07-11,2024-07-25,Started,,
PT00382,2023-08-15,2023-08-20,2023-09-02,,Not Started,,
PT00383,2023-01-31,2023-02-01,2023-02-27,2023-03-12,Started,,
PT00384,2023-06-11,2023-06-12,2023-06-25,,Not Started,,
PT00385,2024-06-23,2024-06-29,2024-07-23,,Not Started,,
PT00386,2023-02-18,2023-02-19,2023-03-06,2023-03-18,Started,,
PT00387,2025-05-17,2025-05-21,2025-06-12,2025-06-21,Started,,
PT00388,2024-06-24,2024-06-27,2024-07-16,2024-07-27,Started,,
PT00389,2024-04-09,2024-04-16,2024-05-02,,Not Started,,
PT00390,2025-01-14,2025-01-18,2025-01-28,2025-02-11,Started,,
PT00391,2024-06-02,2024-06-04,2024-06-17,2024-06-24,Started,,
PT00392,2024-09-14,2024-09-16,2024-10-06,2024-10-18,Started,,
PT00393,2025-12-18,2025-12-24,2026-01-02,2026-01-04,Started,,
PT00394,2024-04-15,2024-04-19,2024-05-13,2024-05-24,Started,,
PT00395,2024-06-23,2024-06-29,2024-07-13,2024-07-19,Started,,
PT00396,2024-05-21,2024-05-28,2024-06-09,2024-06-17,Started,,
PT00397,2024-05-05,2024-05-12,2024-05-19,2024-05-21,Started,,
PT00398,2025-03-04,2025-03-08,2025-03-27,2025-03-31,Started,,
PT00399,2024-02-26,2024-03-04,2024-04-07,,Not Started,,
PT00400,2024-08-20,2024-08-22,2024-08-28,,Not Started,,
PT00401,2024-05-07,2024-05-11,2024-05-30,,Not Started,,
PT00402,2023-09-29,2023-10-02,2023-10-27,2023-11-02,Started,,
PT00403,2023-12-23,2023-12-27,2024-01-06,2024-01-12,Started,,
PT00404,2025-06-01,2025-06-08,2025-06-19,2025-06-25,Started,,
PT00405,2024-06-03,2024-06-10,2024-06-27,2024-06-29,Started,,
PT00406,2025-01-23,2025-01-25,2025-02-16,2025-03-01,Started,,
PT00407,2023-06-20,2023-06-22,2023-06-27,2023-07-03,Started,,
PT00408,2025-06-07,2025-06-10,2025-06-21,2025-07-05,Started,,
PT00409,2023-05-09,2023-05-10,2023-05-29,2023-05-31,Started,,
PT00410,2024-12-18,2024-12-19,2025-01-06,2025-01-11,Started,,
PT00411,2025-08-18,2025-08-22,2025-09-09,2025-09-21,Started,,
PT00412,2025-11-30,2025-12-05,2025-12-14,2025-12-16,Started,,
PT00413,2025-01-02,2025-01-08,2025-01-28,2025-01-31,Started,,
PT00414,2024-02-07,2024-02-10,2024-03-08,2024-03-16,Started,,
PT00415,2024-04-06,2024-04-11,2024-04-27,2024-05-02,Discontinued,2024-11-19,Adverse Event
PT00416,2024-07-06,2024-07-12,2024-07-23,2024-08-03,Started,,
PT00417,2023-09-28,2023-10-04,2023-10-18,2023-10-26,Started,,
PT00418,2025-09-20,2025-09-26,2025-10-09,2025-10-16,Started,,
PT00419,2024-09-19,2024-09-25,2024-10-09,2024-10-18,Started,,
PT00420,2024-11-30,2024-12-02,2024-12-15,2024-12-21,Started,,
PT00421,2024-01-19,2024-01-22,2024-02-08,2024-02-10,Started,,
PT00422,2023-11-02,2023-11-09,2023-11-23,2023-12-02,Started,,
PT00423,2025-12-06,2025-12-10,2025-12-23,2025-12-28,Started,,
PT00424,2025-01-22,2025-01-28,2025-02-10,2025-02-17,Started,,
PT00425,2023-01-10,2023-01-14,2023-02-05,2023-02-16,Discontinued,2023-08-01,Access Issue
PT00426,2025-01-22,2025-01-26,2025-02-06,2025-02-11,Started,,
PT00427,2025-10-21,2025-10-27,2025-11-13,2025-11-20,Started,,
PT00428,2024-11-11,2024-11-14,2024-11-20,2024-11-29,Started,,
PT00429,2024-07-14,2024-07-20,2024-08-04,2024-08-15,Started,,
PT00430,2025-05-13,2025-05-14,2025-05-31,2025-06-03,Started,,
PT00431,2024-11-04,2024-11-11,2024-11-22,2024-11-27,Started,,
PT00432,2023-12-05,2023-12-06,2024-01-03,2024-01-05,Started,,
PT00433,2024-12-16,2024-12-21,2025-01-12,2025-01-26,Started,,
PT00434,2025-11-11,2025-11-14,2025-11-17,2025-11-25,Started,,
PT00435,2024-05-14,2024-05-19,2024-06-14,2024-06-16,Started,,
PT00436,2023-05-20,2023-05-27,2023-06-04,2023-06-18,Started,,
PT00437,2023-02-19,2023-02-20,2023-03-08,2023-03-20,Started,,
PT00438,2024-01-26,2024-01-29,2024-02-24,2024-02-28,Started,,
PT00439,2023-12-04,2023-12-09,2023-12-29,2024-01-12,Started,,
PT00440,2024-06-01,2024-06-04,2024-06-26,2024-07-04,Started,,
PT00441,2025-10-15,2025-10-19,2025-11-14,2025-11-21,Started,,
PT00442,2023-01-22,2023-01-28,2023-02-07,2023-02-20,Started,,
PT00443,2023-05-28,2023-06-01,2023-06-13,2023-06-17,Started,,
PT00444,2023-03-14,2023-03-17,2023-04-09,2023-04-13,Started,,
PT00445,2024-02-17,2024-02-21,2024-03-26,2024-03-29,Started,,
PT00446,2025-08-04,2025-08-10,2025-09-12,2025-09-20,Started,,
PT00447,2023-10-11,2023-10-17,2023-11-12,,Not Started,,
PT00448,2023-02-15,2023-02-21,2023-03-14,2023-03-27,Started,,
PT00449,2023-02-23,2023-02-28,2023-03-15,2023-03-17,Started,,
PT00450,2024-01-14,2024-01-21,2024-02-21,2024-03-06,Started,,
PT00451,2023-06-19,2023-06-23,2023-07-13,2023-07-24,Started,,
PT00452,2025-10-20,2025-10-25,2025-11-03,2025-11-11,Started,,
PT00453,2025-08-20,2025-08-23,2025-09-23,2025-09-25,Started,,
PT00454,2023-11-15,2023-11-22,2023-12-22,2023-12-25,Discontinued,2024-08-19,Cost / Affordability
PT00455,2024-11-21,2024-11-22,2024-12-10,2024-12-22,Started,,
PT00456,2025-03-06,2025-03-11,2025-03-22,2025-04-03,Started,,
PT00457,2023-12-29,2024-01-02,2024-01-27,,Not Started,,
PT00458,2023-04-02,2023-04-05,2023-04-20,2023-05-04,Started,,
PT00459,2023-09-13,2023-09-18,2023-09-24,2023-10-06,Started,,
PT00460,2025-10-23,2025-10-28,2025-11-10,2025-11-21,Started,,
PT00461,2024-12-14,2024-12-20,2024-12-29,2024-12-31,Started,,
PT00462,2023-03-10,2023-03-15,2023-04-08,2023-04-11,Started,,
PT00463,2023-03-02,2023-03-05,2023-03-19,2023-03-21,Started,,
PT00464,2023-11-10,2023-11-11,2023-11-24,2023-11-28,Started,,
PT00465,2024-06-30,2024-07-02,2024-07-27,,Not Started,,
PT00466,2025-04-04,2025-04-08,2025-05-02,2025-05-14,Started,,
PT00467,2025-12-04,2025-12-08,2025-12-27,2026-01-01,Started,,
PT00468,2024-12-21,2024-12-27,2025-01-14,2025-01-19,Started,,
PT00469,2025-07-20,2025-07-26,2025-08-14,2025-08-16,Started,,
PT00470,2023-12-29,2024-01-04,2024-01-30,2024-02-10,Started,,
PT00471,2023-06-24,2023-06-29,2023-07-05,,Not Started,,
PT00472,2023-04-03,2023-04-06,2023-04-21,2023-05-04,Discontinued,2023-07-21,Adverse Event
PT00473,2023-03-12,2023-03-14,2023-03-23,2023-03-31,Started,,
PT00474,2024-06-12,2024-06-19,2024-07-09,2024-07-17,Started,,
PT00475,2025-03-04,2025-03-09,2025-03-29,2025-04-02,Started,,
PT00476,2023-12-02,2023-12-07,2023-12-23,2023-12-28,Started,,
PT00477,2024-03-04,2024-03-10,2024-03-30,,Not Started,,
PT00478,2024-01-19,2024-01-26,2024-02-03,,Not Started,,
PT00479,2023-10-19,2023-10-21,2023-11-16,2023-11-19,Discontinued,2024-03-07,Adverse Event
PT00480,2023-12-01,2023-12-07,2023-12-15,2023-12-25,Started,,
PT00481,2023-07-25,2023-07-27,2023-08-10,2023-08-18,Started,,
PT00482,2024-09-10,2024-09-12,2024-09-28,,Not Started,,
PT00483,2023-11-13,2023-11-14,2023-12-09,2023-12-17,Started,,
PT00484,2025-03-17,2025-03-24,2025-03-29,2025-04-10,Started,,
PT00485,2024-07-24,2024-07-30,2024-08-23,2024-09-03,Started,,
PT00486,2024-12-27,2025-01-03,2025-01-18,2025-01-26,Discontinued,2025-08-17,Access Issue
PT00487,2025-07-26,2025-07-29,2025-08-14,2025-08-16,Started,,
PT00488,2024-01-21,2024-01-26,2024-02-15,2024-02-27,Started,,
PT00489,2024-01-31,2024-02-04,2024-02-21,2024-02-24,Started,,
PT00490,2023-07-14,2023-07-19,2023-08-03,2023-08-08,Started,,
PT00491,2025-07-11,2025-07-17,2025-08-14,2025-08-19,Started,,
PT00492,2023-12-06,2023-12-07,2023-12-15,2023-12-19,Discontinued,2024-03-08,Treatment Ineffectiveness
PT00493,2025-04-07,2025-04-09,2025-04-26,2025-05-08,Started,,
PT00494,2023-04-14,2023-04-21,2023-05-04,2023-05-06,Discontinued,2023-08-07,Adverse Event
PT00495,2024-11-18,2024-11-22,2024-12-09,2024-12-14,Discontinued,2025-05-10,Access Issue
PT00496,2023-12-31,2024-01-06,2024-01-13,2024-01-27,Discontinued,2024-07-27,Cost / Affordability
PT00497,2024-04-03,2024-04-04,2024-05-03,2024-05-12,Started,,
PT00498,2024-08-20,2024-08-25,2024-09-13,2024-09-23,Started,,
PT00499,2024-05-29,2024-06-05,2024-06-28,2024-07-09,Started,,
PT00500,2024-01-18,2024-01-21,2024-01-25,2024-01-30,Started,,
PT00501,2024-10-12,2024-10-17,2024-11-08,2024-11-21,Started,,
PT00502,2025-02-18,2025-02-22,2025-03-24,2025-04-07,Started,,
PT00503,2023-07-08,2023-07-14,2023-07-25,2023-07-31,Started,,
PT00504,2024-07-24,2024-07-26,2024-08-11,2024-08-22,Started,,
PT00505,2024-09-07,2024-09-08,2024-09-20,2024-09-23,Discontinued,2025-04-27,Access Issue
PT00506,2024-03-09,2024-03-14,2024-04-01,2024-04-11,Started,,
PT00507,2023-06-15,2023-06-16,2023-07-12,2023-07-17,Started,,
PT00508,2025-01-11,2025-01-13,2025-01-28,2025-02-02,Started,,
PT00509,2024-10-21,2024-10-22,2024-11-14,2024-11-22,Started,,
PT00510,2025-09-02,2025-09-03,2025-09-21,2025-09-26,Started,,
PT00511,2023-06-28,2023-07-04,2023-08-01,2023-08-03,Started,,
PT00512,2024-01-01,2024-01-05,2024-01-15,2024-01-25,Started,,
PT00513,2025-07-13,2025-07-20,2025-07-26,2025-08-03,Started,,
PT00514,2023-10-03,2023-10-06,2023-10-17,,Not Started,,
PT00515,2024-08-06,2024-08-13,2024-09-05,2024-09-13,Discontinued,2025-04-03,Adverse Event
PT00516,2023-02-08,2023-02-10,2023-03-01,2023-03-12,Started,,
PT00517,2023-06-15,2023-06-17,2023-06-30,2023-07-07,Started,,
PT00518,2023-04-06,2023-04-08,2023-04-19,2023-04-22,Started,,
PT00519,2025-12-24,2025-12-30,2026-01-22,2026-02-01,Started,,
PT00520,2025-02-28,2025-03-01,2025-03-18,2025-03-30,Started,,
PT00521,2025-04-10,2025-04-11,2025-04-27,2025-05-10,Started,,
PT00522,2025-04-24,2025-04-27,2025-05-16,2025-05-28,Started,,
PT00523,2023-02-17,2023-02-24,2023-03-23,,Not Started,,
PT00524,2025-04-28,2025-05-04,2025-05-20,2025-05-23,Started,,
PT00525,2025-04-24,2025-04-25,2025-05-29,2025-06-08,Started,,
PT00526,2025-01-27,2025-01-28,2025-02-19,2025-03-05,Started,,
PT00527,2024-01-22,2024-01-29,2024-02-19,2024-02-29,Started,,
PT00528,2023-10-14,2023-10-16,2023-10-19,2023-10-29,Started,,
PT00529,2023-10-03,2023-10-05,2023-10-12,2023-10-21,Discontinued,2024-05-06,Patient Decision
PT00530,2025-12-17,2025-12-18,2026-01-03,,Not Started,,
PT00531,2023-06-05,2023-06-08,2023-06-25,2023-06-28,Started,,
PT00532,2025-05-20,2025-05-27,2025-06-19,2025-07-02,Started,,
PT00533,2024-08-28,2024-08-31,2024-09-28,2024-10-09,Started,,
PT00534,2024-12-14,2024-12-18,2025-01-21,2025-01-31,Discontinued,2025-05-18,Access Issue
PT00535,2025-10-21,2025-10-26,2025-11-10,2025-11-18,Started,,
PT00536,2025-10-13,2025-10-14,2025-10-27,2025-11-09,Started,,
PT00537,2023-05-19,2023-05-21,2023-06-05,2023-06-12,Started,,
PT00538,2024-02-28,2024-03-04,2024-03-08,2024-03-20,Started,,
PT00539,2023-08-15,2023-08-17,2023-08-30,2023-09-06,Started,,
PT00540,2024-10-29,2024-10-30,2024-11-12,2024-11-22,Started,,
PT00541,2023-06-26,2023-06-29,2023-07-10,2023-07-19,Discontinued,2024-03-10,Patient Decision
PT00542,2024-11-30,2024-12-01,2024-12-16,2024-12-22,Started,,
PT00543,2023-07-29,2023-08-05,2023-08-23,2023-08-27,Started,,
PT00544,2023-05-17,2023-05-21,2023-06-10,2023-06-23,Started,,
PT00545,2025-07-08,2025-07-10,2025-07-19,2025-07-23,Started,,
PT00546,2025-10-25,2025-10-29,2025-11-21,2025-11-24,Started,,
PT00547,2023-06-11,2023-06-17,2023-07-01,2023-07-09,Started,,
PT00548,2024-10-31,2024-11-05,2024-11-23,2024-12-06,Discontinued,2025-07-11,Access Issue
PT00549,2025-06-02,2025-06-06,2025-06-21,2025-07-05,Started,,
PT00550,2025-09-10,2025-09-16,2025-10-08,,Not Started,,
PT00551,2024-06-13,2024-06-16,2024-07-08,2024-07-16,Started,,
PT00552,2023-12-11,2023-12-15,2023-12-21,2023-12-31,Started,,
PT00553,2023-11-07,2023-11-08,2023-12-04,2023-12-16,Started,,
PT00554,2023-12-26,2023-12-28,2024-01-21,2024-01-28,Started,,
PT00555,2025-06-09,2025-06-16,2025-06-26,2025-07-03,Started,,
PT00556,2024-11-28,2024-12-02,2024-12-22,2025-01-04,Discontinued,2025-07-07,Treatment Ineffectiveness
PT00557,2023-10-05,2023-10-07,2023-10-27,2023-10-30,Started,,
PT00558,2023-01-22,2023-01-29,2023-02-06,2023-02-08,Started,,
PT00559,2024-10-18,2024-10-21,2024-11-06,2024-11-18,Started,,
PT00560,2023-09-26,2023-10-02,2023-10-17,,Not Started,,
PT00561,2024-02-11,2024-02-13,2024-02-23,2024-02-29,Started,,
PT00562,2023-05-26,2023-06-01,2023-06-12,2023-06-23,Started,,
PT00563,2025-01-20,2025-01-21,2025-01-31,2025-02-11,Discontinued,2025-09-26,Treatment Ineffectiveness
PT00564,2023-02-13,2023-02-15,2023-02-18,2023-02-28,Started,,
PT00565,2025-03-10,2025-03-15,2025-04-03,2025-04-08,Discontinued,2025-05-28,Cost / Affordability
PT00566,2023-07-06,2023-07-13,2023-07-29,2023-08-01,Started,,
PT00567,2025-02-09,2025-02-14,2025-02-24,2025-03-07,Started,,
PT00568,2024-08-05,2024-08-09,2024-08-28,2024-09-01,Started,,
PT00569,2024-10-19,2024-10-25,2024-11-18,2024-11-28,Started,,
PT00570,2024-03-28,2024-04-04,2024-04-13,2024-04-25,Started,,
PT00571,2023-01-06,2023-01-11,2023-02-09,2023-02-15,Started,,
PT00572,2025-10-26,2025-10-28,2025-11-01,2025-11-11,Started,,
PT00573,2025-08-16,2025-08-22,2025-09-06,2025-09-14,Discontinued,2025-11-16,Cost / Affordability
PT00574,2023-05-30,2023-06-05,2023-06-18,,Not Started,,
PT00575,2024-08-21,2024-08-27,2024-09-10,2024-09-15,Started,,
PT00576,2023-05-05,2023-05-07,2023-05-31,2023-06-07,Started,,
PT00577,2024-01-03,2024-01-08,2024-01-24,2024-02-06,Discontinued,2024-08-14,Cost / Affordability
PT00578,2023-04-26,2023-04-27,2023-05-17,2023-05-20,Started,,
PT00579,2024-05-17,2024-05-19,2024-05-27,2024-05-29,Started,,
PT00580,2025-10-15,2025-10-17,2025-11-05,2025-11-12,Started,,
PT00581,2023-09-19,2023-09-21,2023-09-26,2023-10-09,Discontinued,2024-02-02,Treatment Ineffectiveness
PT00582,2025-09-25,2025-09-30,2025-10-20,2025-11-01,Started,,
PT00583,2023-01-17,2023-01-23,2023-02-02,2023-02-06,Started,,
PT00584,2024-09-21,2024-09-23,2024-10-16,2024-10-20,Started,,
PT00585,2025-03-07,2025-03-13,2025-04-03,2025-04-08,Started,,
PT00586,2023-03-05,2023-03-09,2023-03-26,2023-04-06,Started,,
PT00587,2025-07-06,2025-07-13,2025-07-30,2025-08-02,Started,,
PT00588,2025-04-09,2025-04-12,2025-04-25,2025-05-03,Started,,
PT00589,2024-08-04,2024-08-08,2024-08-26,2024-09-09,Started,,
PT00590,2025-07-04,2025-07-05,2025-07-09,2025-07-12,Started,,
PT00591,2024-08-11,2024-08-13,2024-08-31,2024-09-04,Started,,
PT00592,2024-02-19,2024-02-20,2024-03-11,2024-03-20,Started,,
PT00593,2023-11-12,2023-11-18,2023-12-03,2023-12-10,Started,,
PT00594,2023-05-09,2023-05-13,2023-06-13,2023-06-18,Started,,
PT00595,2025-09-18,2025-09-21,2025-10-06,2025-10-14,Started,,
PT00596,2024-06-14,2024-06-16,2024-07-10,2024-07-22,Started,,
PT00597,2024-05-04,2024-05-11,2024-05-31,2024-06-04,Started,,
PT00598,2025-02-16,2025-02-17,2025-03-19,2025-03-25,Started,,
PT00599,2024-02-25,2024-02-27,2024-03-07,2024-03-20,Started,,
PT00600,2023-12-02,2023-12-05,2023-12-19,2024-01-02,Started,,
PT00601,2024-06-05,2024-06-12,2024-06-18,2024-06-23,Started,,
PT00602,2025-07-11,2025-07-14,2025-08-05,2025-08-16,Started,,
PT00603,2023-05-05,2023-05-11,2023-06-02,,Not Started,,
PT00604,2023-11-28,2023-12-04,2023-12-17,2023-12-27,Started,,
PT00605,2025-07-29,2025-08-04,2025-08-24,2025-08-30,Started,,
PT00606,2024-10-22,2024-10-26,2024-11-07,2024-11-12,Started,,
PT00607,2023-11-13,2023-11-19,2023-12-05,2023-12-19,Started,,
PT00608,2023-04-19,2023-04-20,2023-05-08,2023-05-11,Started,,
PT00609,2025-02-23,2025-02-24,2025-03-02,2025-03-15,Started,,
PT00610,2023-11-22,2023-11-24,2023-12-10,2023-12-12,Started,,
PT00611,2023-03-13,2023-03-17,2023-04-03,2023-04-16,Discontinued,2023-08-17,Patient Decision
PT00612,2023-02-23,2023-03-02,2023-04-05,2023-04-14,Started,,
PT00613,2023-05-09,2023-05-16,2023-05-30,,Not Started,,
PT00614,2023-05-11,2023-05-15,2023-05-24,2023-05-29,Started,,
PT00615,2023-08-31,2023-09-01,2023-09-16,2023-09-25,Discontinued,2024-04-27,Treatment Ineffectiveness
PT00616,2023-02-21,2023-02-26,2023-03-15,2023-03-19,Started,,
PT00617,2024-09-18,2024-09-22,2024-10-02,,Not Started,,
PT00618,2024-03-10,2024-03-14,2024-04-03,2024-04-08,Discontinued,2024-06-13,Adverse Event
PT00619,2025-03-16,2025-03-23,2025-04-11,2025-04-19,Started,,
PT00620,2023-11-24,2023-11-30,2023-12-16,2023-12-29,Started,,
PT00621,2024-10-13,2024-10-18,2024-10-28,2024-10-31,Started,,
PT00622,2023-04-26,2023-05-02,2023-05-25,2023-06-02,Started,,
PT00623,2024-03-04,2024-03-05,2024-03-28,2024-04-07,Started,,
PT00624,2025-05-14,2025-05-18,2025-05-29,2025-06-11,Started,,
PT00625,2024-11-15,2024-11-18,2024-12-16,2024-12-26,Discontinued,2025-02-17,Adverse Event
PT00626,2023-09-01,2023-09-03,2023-09-16,2023-09-29,Started,,
PT00627,2023-11-26,2023-11-28,2023-12-22,2023-12-31,Started,,
PT00628,2025-08-06,2025-08-11,2025-09-12,,Not Started,,
PT00629,2024-04-22,2024-04-23,2024-05-05,2024-05-07,Started,,
PT00630,2024-01-12,2024-01-19,2024-01-24,2024-01-29,Started,,
PT00631,2023-10-31,2023-11-02,2023-11-28,2023-11-30,Started,,
PT00632,2023-08-10,2023-08-12,2023-08-30,2023-09-05,Discontinued,2024-01-15,Treatment Ineffectiveness
PT00633,2024-08-21,2024-08-28,2024-09-15,2024-09-28,Started,,
PT00634,2023-02-02,2023-02-07,2023-02-27,,Not Started,,
PT00635,2025-01-16,2025-01-20,2025-02-08,2025-02-19,Started,,
PT00636,2024-02-26,2024-02-29,2024-03-12,2024-03-20,Started,,
PT00637,2024-12-22,2024-12-26,2025-01-15,2025-01-25,Started,,
PT00638,2024-05-17,2024-05-21,2024-06-03,2024-06-10,Discontinued,2024-12-23,Adverse Event
PT00639,2024-03-08,2024-03-09,2024-03-17,2024-03-27,Started,,
PT00640,2025-06-08,2025-06-15,2025-06-30,2025-07-11,Started,,
PT00641,2025-09-01,2025-09-06,2025-09-27,2025-10-02,Started,,
PT00642,2024-06-03,2024-06-08,2024-07-01,,Not Started,,
PT00643,2025-11-05,2025-11-06,2025-11-29,2025-12-03,Started,,
PT00644,2023-01-15,2023-01-22,2023-02-13,2023-02-27,Started,,
PT00645,2023-09-23,2023-09-29,2023-10-19,2023-10-26,Started,,
PT00646,2025-07-25,2025-07-29,2025-08-21,2025-09-02,Started,,
PT00647,2024-10-19,2024-10-20,2024-11-09,2024-11-13,Started,,
PT00648,2025-09-18,2025-09-24,2025-10-14,2025-10-25,Started,,
PT00649,2025-06-22,2025-06-24,2025-07-14,2025-07-17,Started,,
PT00650,2023-05-28,2023-05-29,2023-06-15,2023-06-26,Discontinued,2024-01-28,Adverse Event
PT00651,2025-08-30,2025-09-06,2025-09-18,2025-09-28,Started,,
PT00652,2025-01-19,2025-01-21,2025-02-16,2025-02-18,Started,,
PT00653,2024-12-26,2024-12-30,2025-01-18,2025-01-25,Started,,
PT00654,2025-07-03,2025-07-07,2025-07-20,2025-07-27,Started,,
PT00655,2023-05-07,2023-05-14,2023-06-07,2023-06-15,Started,,
PT00656,2024-02-23,2024-02-27,2024-03-14,2024-03-18,Started,,
PT00657,2023-03-06,2023-03-09,2023-03-19,2023-03-30,Started,,
PT00658,2023-11-09,2023-11-13,2023-11-18,2023-11-30,Started,,
PT00659,2025-12-09,2025-12-16,2025-12-29,,Not Started,,
PT00660,2024-06-16,2024-06-18,2024-07-18,2024-07-26,Started,,
PT00661,2023-01-28,2023-02-02,2023-02-13,2023-02-15,Started,,
PT00662,2025-06-20,2025-06-26,2025-07-02,2025-07-04,Started,,
PT00663,2023-05-26,2023-05-28,2023-06-10,2023-06-22,Started,,
PT00664,2023-06-02,2023-06-03,2023-06-26,2023-06-30,Started,,
PT00665,2024-12-23,2024-12-30,2025-01-10,2025-01-14,Started,,
PT00666,2025-05-21,2025-05-24,2025-06-21,,Not Started,,
PT00667,2024-07-04,2024-07-06,2024-07-23,2024-07-25,Started,,
PT00668,2024-04-23,2024-04-28,2024-05-14,2024-05-16,Started,,
PT00669,2023-09-29,2023-10-03,2023-10-21,2023-10-27,Started,,
PT00670,2024-06-08,2024-06-11,2024-06-18,2024-07-01,Discontinued,2024-11-10,Cost / Affordability
PT00671,2023-07-10,2023-07-15,2023-07-26,2023-08-08,Started,,
PT00672,2024-01-11,2024-01-12,2024-01-28,2024-02-06,Started,,
PT00673,2024-07-25,2024-07-31,2024-08-26,2024-09-04,Discontinued,2024-10-23,Access Issue
PT00674,2023-07-16,2023-07-18,2023-08-05,,Not Started,,
PT00675,2024-10-26,2024-10-30,2024-11-11,2024-11-22,Discontinued,2025-03-01,Treatment Ineffectiveness
PT00676,2025-06-04,2025-06-06,2025-06-26,,Not Started,,
PT00677,2025-11-04,2025-11-09,2025-11-24,2025-12-04,Started,,
PT00678,2024-04-11,2024-04-15,2024-04-26,2024-05-05,Started,,
PT00679,2024-08-17,2024-08-18,2024-09-09,2024-09-19,Started,,
PT00680,2024-06-01,2024-06-03,2024-06-24,2024-06-27,Started,,
PT00681,2023-11-27,2023-11-28,2023-12-12,2023-12-26,Started,,
PT00682,2025-08-04,2025-08-05,2025-08-14,,Not Started,,
PT00683,2025-12-18,2025-12-19,2026-01-16,2026-01-23,Started,,
PT00684,2023-08-25,2023-08-29,2023-09-26,2023-10-07,Started,,
PT00685,2025-04-22,2025-04-23,2025-05-25,,Not Started,,
PT00686,2023-08-12,2023-08-15,2023-09-14,2023-09-18,Started,,
PT00687,2025-11-13,2025-11-19,2025-11-29,2025-12-02,Started,,
PT00688,2024-07-15,2024-07-22,2024-08-09,2024-08-11,Started,,
PT00689,2023-12-18,2023-12-24,2024-01-06,2024-01-12,Started,,
PT00690,2023-11-30,2023-12-03,2023-12-23,2023-12-25,Started,,
PT00691,2024-07-03,2024-07-04,2024-07-29,2024-08-11,Started,,
PT00692,2023-12-06,2023-12-08,2023-12-28,2024-01-09,Started,,
PT00693,2025-04-27,2025-04-28,2025-05-25,,Not Started,,
PT00694,2023-11-21,2023-11-23,2023-12-13,2023-12-18,Started,,
PT00695,2023-09-22,2023-09-25,2023-10-10,2023-10-16,Started,,
PT00696,2023-09-08,2023-09-15,2023-09-30,2023-10-09,Started,,
PT00697,2023-05-05,2023-05-09,2023-06-01,2023-06-06,Started,,
PT00698,2023-08-16,2023-08-22,2023-09-13,2023-09-27,Started,,
PT00699,2025-11-07,2025-11-13,2025-11-28,2025-12-11,Started,,
PT00700,2024-10-19,2024-10-21,2024-11-11,2024-11-16,Started,,
PT00701,2023-09-05,2023-09-10,2023-09-19,2023-09-30,Started,,
PT00702,2023-02-21,2023-02-22,2023-03-16,2023-03-18,Started,,
PT00703,2024-11-21,2024-11-25,2024-12-16,,Not Started,,
PT00704,2024-06-19,2024-06-20,2024-07-19,2024-07-26,Started,,
PT00705,2024-07-27,2024-07-31,2024-08-21,2024-09-04,Started,,
PT00706,2024-09-01,2024-09-08,2024-09-29,2024-10-01,Started,,
PT00707,2024-07-22,2024-07-24,2024-08-05,2024-08-11,Started,,
PT00708,2023-11-17,2023-11-22,2023-12-12,2023-12-25,Started,,
PT00709,2024-06-21,2024-06-24,2024-07-02,2024-07-04,Discontinued,2024-12-12,Treatment Ineffectiveness
PT00710,2024-06-18,2024-06-20,2024-07-17,,Not Started,,
PT00711,2024-08-12,2024-08-17,2024-08-26,2024-08-28,Started,,
PT00712,2024-10-13,2024-10-16,2024-11-06,2024-11-09,Started,,
PT00713,2025-06-20,2025-06-23,2025-07-05,2025-07-14,Started,,
PT00714,2025-09-01,2025-09-02,2025-09-06,2025-09-11,Started,,
PT00715,2025-04-27,2025-04-29,2025-05-09,2025-05-15,Started,,
PT00716,2024-02-17,2024-02-23,2024-03-12,2024-03-17,Started,,
PT00717,2024-09-08,2024-09-15,2024-09-29,2024-10-02,Started,,
PT00718,2024-10-31,2024-11-06,2024-11-14,2024-11-23,Discontinued,2025-03-13,Treatment Ineffectiveness
PT00719,2023-02-25,2023-03-03,2023-03-13,2023-03-20,Started,,
PT00720,2023-05-10,2023-05-11,2023-06-02,2023-06-08,Discontinued,2023-10-12,Adverse Event
PT00721,2024-03-22,2024-03-25,2024-04-19,2024-04-25,Started,,
PT00722,2023-12-10,2023-12-17,2023-12-29,2024-01-11,Started,,
PT00723,2025-06-07,2025-06-11,2025-06-17,2025-06-20,Discontinued,2026-01-10,Patient Decision
PT00724,2023-06-17,2023-06-22,2023-07-12,2023-07-20,Started,,
PT00725,2025-07-01,2025-07-08,2025-07-27,2025-08-02,Discontinued,2025-11-04,Treatment Ineffectiveness
PT00726,2023-06-06,2023-06-13,2023-07-05,2023-07-14,Started,,
PT00727,2023-06-04,2023-06-08,2023-06-25,2023-06-27,Discontinued,2023-10-15,Cost / Affordability
PT00728,2023-06-03,2023-06-04,2023-06-16,2023-06-27,Started,,
PT00729,2025-02-25,2025-03-01,2025-03-17,2025-03-19,Started,,
PT00730,2024-10-27,2024-11-01,2024-11-23,2024-12-05,Started,,
PT00731,2024-07-14,2024-07-19,2024-08-06,2024-08-16,Started,,
PT00732,2023-05-28,2023-05-29,2023-06-24,2023-07-07,Started,,
PT00733,2023-10-28,2023-10-31,2023-11-20,2023-11-28,Started,,
PT00734,2024-09-11,2024-09-18,2024-10-05,2024-10-12,Started,,
PT00735,2023-10-09,2023-10-10,2023-10-25,2023-10-30,Started,,
PT00736,2023-10-31,2023-11-07,2023-11-16,2023-11-26,Started,,
PT00737,2023-03-19,2023-03-23,2023-04-15,2023-04-24,Started,,
PT00738,2025-11-07,2025-11-08,2025-12-12,,Not Started,,
PT00739,2023-03-25,2023-03-27,2023-04-21,2023-04-29,Started,,
PT00740,2023-07-11,2023-07-18,2023-08-01,2023-08-03,Started,,
PT00741,2024-06-12,2024-06-13,2024-06-28,2024-06-30,Started,,
PT00742,2024-09-22,2024-09-27,2024-10-14,,Not Started,,
PT00743,2024-06-05,2024-06-08,2024-06-22,2024-06-28,Started,,
PT00744,2024-05-30,2024-06-03,2024-06-24,2024-07-08,Discontinued,2025-02-21,Patient Decision
PT00745,2023-01-19,2023-01-26,2023-02-10,2023-02-16,Started,,
PT00746,2025-06-13,2025-06-16,2025-07-07,2025-07-10,Started,,
PT00747,2024-04-13,2024-04-20,2024-05-06,2024-05-12,Started,,
PT00748,2025-05-03,2025-05-09,2025-05-22,2025-06-05,Started,,
PT00749,2023-03-27,2023-03-28,2023-04-07,2023-04-17,Started,,
PT00750,2025-07-08,2025-07-12,2025-07-27,2025-08-07,Started,,
PT00751,2025-11-07,2025-11-12,2025-12-04,2025-12-13,Started,,
PT00752,2025-10-13,2025-10-18,2025-11-06,2025-11-18,Started,,
PT00753,2023-06-29,2023-07-06,2023-07-15,,Not Started,,
PT00754,2024-11-17,2024-11-18,2024-12-12,2024-12-21,Discontinued,2025-02-18,Access Issue
PT00755,2023-03-29,2023-04-01,2023-04-13,2023-04-20,Started,,
PT00756,2025-07-31,2025-08-06,2025-08-24,2025-08-26,Started,,
PT00757,2025-04-12,2025-04-16,2025-05-01,,Not Started,,
PT00758,2025-11-02,2025-11-06,2025-11-26,2025-12-03,Started,,
PT00759,2025-08-28,2025-08-29,2025-09-20,2025-09-24,Started,,
PT00760,2023-10-09,2023-10-16,2023-10-28,,Not Started,,
PT00761,2025-04-24,2025-04-28,2025-05-18,2025-05-30,Started,,
PT00762,2024-12-10,2024-12-12,2025-01-01,2025-01-07,Started,,
PT00763,2024-05-10,2024-05-17,2024-05-31,2024-06-03,Started,,
PT00764,2025-09-16,2025-09-19,2025-10-16,2025-10-26,Started,,
PT00765,2023-12-23,2023-12-26,2024-01-24,,Not Started,,
PT00766,2023-10-11,2023-10-16,2023-11-05,2023-11-10,Started,,
PT00767,2024-01-03,2024-01-06,2024-01-25,2024-02-02,Started,,
PT00768,2025-02-06,2025-02-11,2025-03-03,2025-03-16,Started,,
PT00769,2023-11-03,2023-11-06,2023-12-02,2023-12-16,Started,,
PT00770,2023-04-11,2023-04-13,2023-04-26,2023-05-05,Discontinued,2023-09-08,Patient Decision
PT00771,2023-08-14,2023-08-17,2023-09-06,2023-09-09,Started,,
PT00772,2024-08-10,2024-08-14,2024-08-23,2024-09-03,Started,,
PT00773,2025-05-05,2025-05-06,2025-05-17,2025-05-25,Started,,
PT00774,2023-02-28,2023-03-07,2023-03-26,2023-04-08,Started,,
PT00775,2024-11-19,2024-11-26,2024-12-18,2024-12-27,Discontinued,2025-04-21,Treatment Ineffectiveness
PT00776,2024-12-07,2024-12-13,2025-01-05,2025-01-09,Started,,
PT00777,2024-12-08,2024-12-09,2024-12-21,2024-12-29,Started,,
PT00778,2023-06-14,2023-06-21,2023-07-12,2023-07-20,Started,,
PT00779,2023-07-25,2023-07-27,2023-08-06,2023-08-18,Started,,
PT00780,2024-08-02,2024-08-09,2024-08-19,2024-08-30,Started,,
PT00781,2024-03-28,2024-03-30,2024-04-03,2024-04-05,Started,,
PT00782,2025-05-30,2025-06-03,2025-06-16,2025-06-18,Started,,
PT00783,2024-11-27,2024-12-04,2024-12-19,2024-12-28,Started,,
PT00784,2025-10-12,2025-10-13,2025-11-07,2025-11-12,Started,,
PT00785,2023-09-19,2023-09-24,2023-10-18,,Not Started,,
PT00786,2024-04-30,2024-05-07,2024-05-23,2024-06-06,Started,,
PT00787,2023-01-19,2023-01-20,2023-02-05,2023-02-08,Started,,
PT00788,2024-09-30,2024-10-02,2024-10-17,2024-10-28,Started,,
PT00789,2024-01-08,2024-01-10,2024-01-22,2024-02-03,Started,,
PT00790,2024-12-03,2024-12-10,2025-01-03,2025-01-17,Started,,
PT00791,2025-11-08,2025-11-12,2025-11-17,2025-11-26,Started,,
PT00792,2024-02-28,2024-03-01,2024-03-23,2024-04-05,Discontinued,2024-09-06,Access Issue
PT00793,2023-07-15,2023-07-17,2023-08-13,2023-08-18,Started,,
PT00794,2024-06-12,2024-06-15,2024-07-02,2024-07-14,Started,,
PT00795,2023-09-28,2023-09-30,2023-10-27,2023-11-07,Started,,
PT00796,2024-12-25,2024-12-28,2024-12-31,2025-01-13,Started,,
PT00797,2025-11-16,2025-11-17,2025-12-12,2025-12-20,Started,,
PT00798,2025-07-20,2025-07-23,2025-08-15,2025-08-17,Started,,
PT00799,2024-08-16,2024-08-23,2024-09-24,2024-10-05,Discontinued,2025-01-05,Adverse Event
PT00800,2023-07-13,2023-07-15,2023-07-24,2023-08-03,Started,,
PT00801,2023-03-29,2023-03-31,2023-04-13,,Not Started,,
PT00802,2025-03-20,2025-03-25,2025-04-08,2025-04-14,Started,,
PT00803,2023-01-17,2023-01-20,2023-02-09,2023-02-19,Started,,
PT00804,2023-02-14,2023-02-20,2023-03-09,2023-03-20,Started,,
PT00805,2024-05-29,2024-06-03,2024-06-12,2024-06-14,Started,,
PT00806,2025-10-24,2025-10-29,2025-11-13,2025-11-24,Started,,
PT00807,2024-12-17,2024-12-21,2025-01-08,2025-01-10,Started,,
PT00808,2025-10-13,2025-10-19,2025-11-04,2025-11-10,Started,,
PT00809,2025-03-24,2025-03-29,2025-04-17,2025-04-23,Started,,
PT00810,2025-02-08,2025-02-14,2025-03-01,2025-03-07,Started,,
PT00811,2024-03-14,2024-03-21,2024-04-05,2024-04-14,Discontinued,2024-10-19,Access Issue
PT00812,2024-11-23,2024-11-27,2024-12-11,2024-12-23,Started,,
PT00813,2023-09-16,2023-09-20,2023-10-01,2023-10-09,Started,,
PT00814,2023-06-11,2023-06-16,2023-06-30,2023-07-06,Started,,
PT00815,2024-06-15,2024-06-21,2024-07-06,2024-07-17,Started,,
PT00816,2025-01-19,2025-01-26,2025-02-19,2025-03-02,Started,,
PT00817,2023-02-18,2023-02-20,2023-03-19,,Not Started,,
PT00818,2024-04-23,2024-04-28,2024-05-25,2024-06-02,Started,,
PT00819,2025-04-01,2025-04-02,2025-04-29,2025-05-08,Started,,
PT00820,2023-06-30,2023-07-06,2023-07-24,,Not Started,,
PT00821,2023-05-08,2023-05-14,2023-05-27,2023-06-10,Started,,
PT00822,2023-08-12,2023-08-16,2023-09-02,2023-09-13,Started,,
PT00823,2023-06-28,2023-07-02,2023-07-17,,Not Started,,
PT00824,2025-09-19,2025-09-24,2025-10-24,,Not Started,,
PT00825,2023-12-04,2023-12-07,2024-01-02,2024-01-13,Discontinued,2024-07-11,Adverse Event
PT00826,2025-12-02,2025-12-04,2025-12-11,,Not Started,,
PT00827,2024-08-03,2024-08-06,2024-08-27,2024-08-30,Started,,
PT00828,2024-05-16,2024-05-19,2024-06-07,2024-06-18,Started,,
PT00829,2023-08-06,2023-08-08,2023-08-29,2023-09-12,Started,,
PT00830,2023-05-03,2023-05-06,2023-05-20,2023-05-27,Started,,
PT00831,2024-03-13,2024-03-19,2024-04-07,2024-04-14,Started,,
PT00832,2025-04-11,2025-04-17,2025-05-11,2025-05-16,Started,,
PT00833,2025-12-17,2025-12-23,2026-01-21,2026-02-01,Started,,
PT00834,2024-05-16,2024-05-21,2024-05-29,2024-06-04,Started,,
PT00835,2024-09-05,2024-09-07,2024-09-16,2024-09-23,Started,,
PT00836,2024-05-25,2024-05-31,2024-06-23,,Not Started,,
PT00837,2025-04-19,2025-04-21,2025-05-05,2025-05-08,Started,,
PT00838,2025-04-13,2025-04-19,2025-05-06,2025-05-16,Started,,
PT00839,2023-03-08,2023-03-11,2023-04-03,2023-04-12,Started,,
PT00840,2025-10-22,2025-10-25,2025-11-17,2025-11-22,Started,,
PT00841,2025-02-01,2025-02-02,2025-03-03,2025-03-11,Started,,
PT00842,2025-09-08,2025-09-13,2025-10-04,2025-10-17,Started,,
PT00843,2023-01-16,2023-01-23,2023-02-08,2023-02-21,Started,,
PT00844,2023-04-25,2023-04-27,2023-05-15,2023-05-19,Started,,
PT00845,2023-10-24,2023-10-29,2023-11-10,2023-11-12,Started,,
PT00846,2023-06-10,2023-06-13,2023-07-05,2023-07-07,Started,,
PT00847,2024-11-06,2024-11-08,2024-11-30,2024-12-04,Started,,
PT00848,2024-03-14,2024-03-20,2024-04-08,2024-04-14,Started,,
PT00849,2023-12-23,2023-12-24,2024-01-16,2024-01-23,Started,,
PT00850,2025-07-02,2025-07-08,2025-07-18,2025-07-25,Started,,
PT00851,2025-02-23,2025-02-24,2025-03-17,2025-03-24,Started,,
PT00852,2023-06-25,2023-06-27,2023-07-17,2023-07-23,Started,,
PT00853,2025-01-24,2025-01-29,2025-02-22,2025-02-27,Started,,
PT00854,2023-09-27,2023-09-30,2023-10-19,,Not Started,,
PT00855,2025-12-28,2026-01-01,2026-01-16,2026-01-19,Started,,
PT00856,2025-11-18,2025-11-25,2025-12-11,2025-12-24,Started,,
PT00857,2023-03-23,2023-03-25,2023-04-13,,Not Started,,
PT00858,2024-09-17,2024-09-24,2024-10-12,2024-10-24,Started,,
PT00859,2023-04-22,2023-04-26,2023-05-14,2023-05-20,Started,,
PT00860,2024-06-03,2024-06-06,2024-06-18,2024-06-28,Started,,
PT00861,2024-08-01,2024-08-05,2024-08-20,,Not Started,,
PT00862,2024-01-21,2024-01-23,2024-02-17,2024-03-01,Started,,
PT00863,2023-11-07,2023-11-14,2023-11-22,2023-11-24,Started,,
PT00864,2023-05-10,2023-05-11,2023-06-03,2023-06-17,Started,,
PT00865,2024-11-13,2024-11-16,2024-12-08,2024-12-21,Started,,
PT00866,2023-11-09,2023-11-13,2023-12-09,2023-12-21,Started,,
PT00867,2024-03-25,2024-03-27,2024-04-02,2024-04-10,Discontinued,2024-11-23,Cost / Affordability
PT00868,2024-07-09,2024-07-16,2024-08-02,2024-08-16,Discontinued,2025-04-05,Adverse Event
PT00869,2025-05-28,2025-06-04,2025-06-25,2025-07-08,Started,,
PT00870,2025-07-11,2025-07-13,2025-08-03,2025-08-15,Started,,
PT00871,2023-06-18,2023-06-22,2023-06-28,2023-07-10,Started,,
PT00872,2023-04-16,2023-04-20,2023-05-13,,Not Started,,
PT00873,2025-03-01,2025-03-04,2025-03-23,2025-03-29,Started,,
PT00874,2025-07-17,2025-07-19,2025-08-02,2025-08-05,Started,,
PT00875,2023-04-16,2023-04-20,2023-05-04,2023-05-14,Started,,
PT00876,2023-03-11,2023-03-13,2023-03-22,2023-03-26,Started,,
PT00877,2025-08-01,2025-08-06,2025-08-23,2025-09-06,Started,,
PT00878,2023-09-08,2023-09-11,2023-09-28,2023-10-05,Started,,
PT00879,2025-03-13,2025-03-18,2025-04-04,2025-04-18,Started,,
PT00880,2024-09-06,2024-09-12,2024-10-04,,Not Started,,
PT00881,2023-05-09,2023-05-15,2023-06-05,,Not Started,,
PT00882,2025-08-01,2025-08-06,2025-08-22,,Not Started,,
PT00883,2024-05-10,2024-05-13,2024-05-22,2024-05-24,Started,,
PT00884,2023-03-05,2023-03-10,2023-03-31,,Not Started,,
PT00885,2024-05-20,2024-05-26,2024-06-03,2024-06-15,Started,,
PT00886,2025-03-16,2025-03-22,2025-04-11,2025-04-25,Started,,
PT00887,2025-11-06,2025-11-08,2025-11-27,2025-12-01,Discontinued,2026-02-24,Patient Decision
PT00888,2023-10-29,2023-11-02,2023-11-20,2023-11-28,Started,,
PT00889,2025-10-05,2025-10-10,2025-10-23,2025-11-04,Started,,
PT00890,2023-01-31,2023-02-01,2023-02-23,2023-03-01,Started,,
PT00891,2023-04-11,2023-04-12,2023-05-02,2023-05-08,Started,,
PT00892,2024-10-21,2024-10-25,2024-11-15,2024-11-24,Discontinued,2025-04-19,Cost / Affordability
PT00893,2025-03-29,2025-04-05,2025-05-04,2025-05-17,Started,,
PT00894,2023-09-18,2023-09-19,2023-10-03,2023-10-06,Started,,
PT00895,2023-03-10,2023-03-17,2023-03-21,2023-03-30,Started,,
PT00896,2025-06-02,2025-06-08,2025-07-10,2025-07-18,Discontinued,2026-03-04,Adverse Event
PT00897,2024-11-20,2024-11-21,2024-12-04,2024-12-15,Started,,
PT00898,2023-06-18,2023-06-23,2023-07-03,2023-07-13,Started,,
PT00899,2024-06-11,2024-06-18,2024-07-03,2024-07-05,Discontinued,2024-08-31,Treatment Ineffectiveness
PT00900,2024-02-05,2024-02-09,2024-02-20,2024-02-27,Started,,
PT00901,2024-08-11,2024-08-18,2024-09-08,2024-09-17,Started,,
PT00902,2023-01-17,2023-01-18,2023-02-17,2023-03-02,Started,,
PT00903,2025-04-21,2025-04-26,2025-05-09,2025-05-22,Started,,
PT00904,2024-08-14,2024-08-15,2024-08-18,2024-08-23,Started,,
PT00905,2023-08-16,2023-08-21,2023-09-15,2023-09-23,Started,,
PT00906,2024-03-12,2024-03-17,2024-04-05,2024-04-14,Started,,
PT00907,2025-03-23,2025-03-26,2025-04-24,2025-04-27,Started,,
PT00908,2025-09-17,2025-09-22,2025-10-19,,Not Started,,
PT00909,2025-11-13,2025-11-18,2025-12-03,2025-12-09,Started,,
PT00910,2023-05-17,2023-05-18,2023-05-21,2023-05-27,Discontinued,2023-12-01,Access Issue
PT00911,2023-02-22,2023-02-24,2023-03-11,2023-03-18,Started,,
PT00912,2024-08-21,2024-08-23,2024-09-23,,Not Started,,
PT00913,2023-03-25,2023-03-31,2023-04-13,2023-04-27,Started,,
PT00914,2025-07-12,2025-07-17,2025-08-11,2025-08-25,Started,,
PT00915,2023-04-28,2023-05-03,2023-05-17,2023-05-26,Started,,
PT00916,2025-07-23,2025-07-25,2025-08-14,2025-08-25,Started,,
PT00917,2024-07-13,2024-07-18,2024-08-04,2024-08-14,Started,,
PT00918,2025-04-25,2025-04-30,2025-05-19,2025-05-25,Started,,
PT00919,2025-08-25,2025-09-01,2025-09-10,2025-09-15,Started,,
PT00920,2024-09-03,2024-09-08,2024-09-29,2024-10-09,Started,,
PT00921,2024-03-03,2024-03-06,2024-03-27,,Not Started,,
PT00922,2023-10-07,2023-10-14,2023-10-27,2023-11-02,Started,,
PT00923,2024-10-29,2024-10-30,2024-11-21,2024-12-02,Started,,
PT00924,2023-04-26,2023-05-02,2023-05-09,,Not Started,,
PT00925,2023-11-05,2023-11-11,2023-12-01,2023-12-06,Started,,
PT00926,2025-01-07,2025-01-11,2025-01-28,2025-02-05,Started,,
PT00927,2024-04-30,2024-05-06,2024-05-29,2024-06-08,Started,,
PT00928,2024-01-02,2024-01-04,2024-01-26,2024-02-04,Started,,
PT00929,2025-02-13,2025-02-15,2025-02-26,2025-03-11,Started,,
PT00930,2023-07-29,2023-08-02,2023-08-18,2023-08-20,Started,,
PT00931,2023-04-29,2023-05-01,2023-05-12,2023-05-24,Discontinued,2023-09-21,Access Issue
PT00932,2023-08-01,2023-08-07,2023-08-26,,Not Started,,
PT00933,2023-04-15,2023-04-19,2023-04-27,2023-05-08,Started,,
PT00934,2024-01-14,2024-01-20,2024-02-07,2024-02-12,Started,,
PT00935,2023-07-02,2023-07-09,2023-07-24,2023-08-07,Discontinued,2023-09-22,Access Issue
PT00936,2023-06-04,2023-06-05,2023-06-29,2023-07-07,Started,,
PT00937,2023-05-17,2023-05-22,2023-06-20,2023-06-22,Started,,
PT00938,2025-02-02,2025-02-04,2025-02-19,2025-03-01,Started,,
PT00939,2024-07-14,2024-07-21,2024-08-15,2024-08-20,Started,,
PT00940,2025-01-17,2025-01-23,2025-02-06,2025-02-19,Started,,
PT00941,2024-02-09,2024-02-14,2024-03-05,2024-03-10,Started,,
PT00942,2025-04-04,2025-04-11,2025-04-25,2025-04-30,Started,,
PT00943,2025-07-09,2025-07-10,2025-08-02,,Not Started,,
PT00944,2025-09-25,2025-09-27,2025-10-06,2025-10-13,Started,,
PT00945,2025-03-13,2025-03-20,2025-04-08,2025-04-22,Started,,
PT00946,2023-07-11,2023-07-13,2023-07-17,2023-07-19,Discontinued,2023-09-23,Access Issue
PT00947,2024-04-01,2024-04-08,2024-04-27,2024-05-04,Started,,
PT00948,2023-05-10,2023-05-16,2023-06-10,2023-06-13,Started,,
PT00949,2023-12-23,2023-12-29,2024-01-17,2024-01-28,Started,,
PT00950,2023-03-26,2023-03-27,2023-04-02,2023-04-05,Discontinued,2023-08-28,Adverse Event
PT00951,2023-04-09,2023-04-11,2023-05-06,,Not Started,,
PT00952,2025-10-06,2025-10-12,2025-10-22,2025-11-03,Started,,
PT00953,2025-01-21,2025-01-28,2025-02-18,2025-03-04,Discontinued,2025-05-19,Patient Decision
PT00954,2023-01-20,2023-01-22,2023-02-11,,Not Started,,
PT00955,2024-05-17,2024-05-24,2024-06-19,2024-06-21,Started,,
PT00956,2024-02-06,2024-02-12,2024-03-01,,Not Started,,
PT00957,2023-07-01,2023-07-05,2023-08-01,2023-08-14,Started,,
PT00958,2024-02-19,2024-02-23,2024-03-14,2024-03-22,Started,,
PT00959,2023-05-13,2023-05-16,2023-06-03,2023-06-10,Started,,
PT00960,2023-02-08,2023-02-13,2023-03-14,2023-03-17,Discontinued,2023-06-15,Cost / Affordability
PT00961,2025-11-23,2025-11-30,2025-12-10,,Not Started,,
PT00962,2025-12-03,2025-12-05,2025-12-26,2026-01-08,Started,,
PT00963,2023-08-07,2023-08-09,2023-08-27,2023-09-04,Started,,
PT00964,2024-12-02,2024-12-03,2024-12-26,,Not Started,,
PT00965,2024-08-16,2024-08-18,2024-09-04,2024-09-13,Started,,
PT00966,2024-11-19,2024-11-23,2024-12-13,2024-12-24,Started,,
PT00967,2023-10-20,2023-10-26,2023-11-15,,Not Started,,
PT00968,2023-11-23,2023-11-26,2023-12-10,2023-12-15,Started,,
PT00969,2024-03-16,2024-03-22,2024-04-18,2024-04-24,Started,,
PT00970,2025-09-15,2025-09-21,2025-10-10,2025-10-23,Started,,
PT00971,2023-07-15,2023-07-21,2023-08-02,2023-08-05,Started,,
PT00972,2025-07-28,2025-07-30,2025-08-17,2025-08-26,Started,,
PT00973,2025-09-10,2025-09-12,2025-10-13,2025-10-27,Started,,
PT00974,2025-05-24,2025-05-27,2025-06-09,2025-06-22,Started,,
PT00975,2025-03-08,2025-03-13,2025-03-30,2025-04-01,Started,,
PT00976,2023-04-02,2023-04-05,2023-05-04,2023-05-06,Started,,
PT00977,2024-12-18,2024-12-25,2025-01-01,2025-01-12,Started,,
PT00978,2024-10-18,2024-10-23,2024-11-12,2024-11-22,Started,,
PT00979,2024-05-14,2024-05-21,2024-06-03,2024-06-07,Started,,
PT00980,2023-09-27,2023-10-01,2023-10-18,,Not Started,,
PT00981,2024-01-22,2024-01-24,2024-02-10,2024-02-13,Started,,
PT00982,2024-07-11,2024-07-15,2024-07-20,,Not Started,,
PT00983,2025-01-20,2025-01-22,2025-02-14,,Not Started,,
PT00984,2025-07-27,2025-08-01,2025-08-22,2025-09-05,Started,,
PT00985,2025-01-07,2025-01-12,2025-02-05,2025-02-13,Discontinued,2025-07-24,Treatment Ineffectiveness
PT00986,2023-09-06,2023-09-11,2023-09-27,2023-10-10,Started,,
PT00987,2025-05-07,2025-05-14,2025-06-06,2025-06-12,Started,,
PT00988,2023-10-29,2023-11-05,2023-12-02,2023-12-11,Started,,
PT00989,2023-11-10,2023-11-12,2023-12-14,2023-12-16,Started,,
PT00990,2024-01-21,2024-01-28,2024-02-18,2024-02-29,Started,,
PT00991,2024-09-19,2024-09-26,2024-10-22,,Not Started,,
PT00992,2024-08-22,2024-08-24,2024-09-07,2024-09-14,Discontinued,2025-01-02,Adverse Event
PT00993,2023-10-17,2023-10-21,2023-11-24,2023-12-01,Started,,
PT00994,2024-01-31,2024-02-04,2024-02-12,2024-02-18,Started,,
PT00995,2023-01-24,2023-01-25,2023-02-22,2023-03-03,Started,,
PT00996,2024-02-26,2024-03-02,2024-03-09,2024-03-20,Started,,
PT00997,2023-02-11,2023-02-16,2023-02-21,2023-03-01,Started,,
PT00998,2024-07-07,2024-07-08,2024-07-24,2024-07-28,Started,,
PT00999,2023-04-16,2023-04-18,2023-05-06,2023-05-19,Started,,
PT01000,2025-03-12,2025-03-14,2025-03-26,2025-04-05,Started,,
PT01001,2024-07-10,2024-07-11,2024-07-26,,Not Started,,
PT01002,2024-10-07,2024-10-14,2024-10-25,2024-11-04,Started,,
PT01003,2024-05-01,2024-05-06,2024-05-23,,Not Started,,
PT01004,2025-03-08,2025-03-11,2025-03-18,2025-03-27,Started,,
PT01005,2024-10-05,2024-10-08,2024-11-06,,Not Started,,
PT01006,2024-06-23,2024-06-26,2024-07-18,2024-07-24,Started,,
PT01007,2024-03-16,2024-03-17,2024-04-05,2024-04-09,Started,,
PT01008,2025-10-29,2025-10-31,2025-11-16,,Not Started,,
PT01009,2025-12-21,2025-12-23,2026-01-02,2026-01-10,Started,,
PT01010,2024-03-21,2024-03-23,2024-04-03,2024-04-13,Started,,
PT01011,2025-02-07,2025-02-11,2025-02-15,2025-02-26,Started,,
PT01012,2023-04-15,2023-04-21,2023-05-14,2023-05-21,Started,,
PT01013,2023-11-29,2023-12-02,2023-12-23,2023-12-31,Started,,
PT01014,2025-06-27,2025-07-03,2025-07-25,2025-08-06,Started,,
PT01015,2024-04-01,2024-04-06,2024-04-19,2024-04-28,Started,,
PT01016,2025-11-09,2025-11-13,2025-11-22,2025-12-06,Started,,
PT01017,2023-09-22,2023-09-29,2023-10-18,2023-10-30,Started,,
PT01018,2023-12-16,2023-12-19,2024-01-02,2024-01-16,Started,,
PT01019,2023-02-22,2023-02-23,2023-03-08,2023-03-18,Started,,
PT01020,2024-09-20,2024-09-23,2024-10-14,2024-10-24,Started,,
PT01021,2025-05-27,2025-05-31,2025-06-20,2025-07-03,Started,,
PT01022,2023-05-25,2023-05-27,2023-06-09,2023-06-15,Started,,
PT01023,2024-10-27,2024-10-29,2024-11-14,2024-11-21,Started,,
PT01024,2025-12-06,2025-12-08,2025-12-28,2026-01-02,Started,,
PT01025,2025-08-30,2025-09-05,2025-09-25,2025-10-09,Discontinued,2025-12-26,Cost / Affordability
PT01026,2025-08-07,2025-08-10,2025-08-20,2025-08-23,Started,,
PT01027,2024-01-17,2024-01-24,2024-02-14,2024-02-17,Started,,
PT01028,2023-01-20,2023-01-27,2023-02-20,2023-02-27,Started,,
PT01029,2023-09-10,2023-09-12,2023-10-04,,Not Started,,
PT01030,2025-07-01,2025-07-07,2025-07-29,2025-08-12,Discontinued,2026-03-03,Treatment Ineffectiveness
PT01031,2023-10-18,2023-10-21,2023-11-08,2023-11-16,Started,,
PT01032,2025-05-19,2025-05-22,2025-06-11,2025-06-25,Discontinued,2026-01-29,Treatment Ineffectiveness
PT01033,2025-04-15,2025-04-19,2025-05-07,2025-05-17,Started,,
PT01034,2023-04-16,2023-04-17,2023-04-26,2023-05-06,Started,,
PT01035,2024-06-23,2024-06-30,2024-07-07,2024-07-12,Started,,
PT01036,2025-06-11,2025-06-17,2025-07-06,,Not Started,,
PT01037,2024-09-15,2024-09-16,2024-10-17,2024-10-22,Started,,
PT01038,2024-08-18,2024-08-20,2024-09-02,2024-09-11,Started,,
PT01039,2025-08-12,2025-08-13,2025-09-07,2025-09-12,Started,,
PT01040,2024-07-11,2024-07-15,2024-07-31,2024-08-09,Started,,
PT01041,2025-09-11,2025-09-16,2025-10-05,2025-10-16,Started,,
PT01042,2023-03-14,2023-03-16,2023-04-16,2023-04-29,Started,,
PT01043,2024-12-05,2024-12-09,2024-12-26,2025-01-02,Started,,
PT01044,2024-08-01,2024-08-06,2024-08-23,2024-09-04,Started,,
PT01045,2023-05-13,2023-05-15,2023-05-31,2023-06-09,Started,,
PT01046,2023-03-17,2023-03-22,2023-03-31,2023-04-11,Started,,
PT01047,2025-11-12,2025-11-14,2025-11-19,2025-11-26,Started,,
PT01048,2025-12-10,2025-12-12,2026-01-04,2026-01-06,Started,,
PT01049,2024-10-25,2024-11-01,2024-11-19,2024-11-28,Started,,
PT01050,2023-12-30,2024-01-06,2024-01-25,2024-02-03,Started,,
PT01051,2023-09-25,2023-09-29,2023-10-17,2023-10-29,Started,,
PT01052,2024-09-19,2024-09-26,2024-10-03,2024-10-09,Started,,
PT01053,2024-09-08,2024-09-15,2024-09-26,2024-10-05,Started,,
PT01054,2023-01-14,2023-01-18,2023-02-13,,Not Started,,
PT01055,2023-09-27,2023-09-30,2023-10-21,2023-10-28,Started,,
PT01056,2023-12-21,2023-12-28,2024-01-17,2024-01-25,Started,,
PT01057,2023-11-20,2023-11-22,2023-12-16,2023-12-20,Started,,
PT01058,2025-02-19,2025-02-23,2025-03-09,2025-03-22,Started,,
PT01059,2024-02-15,2024-02-20,2024-03-02,,Not Started,,
PT01060,2025-09-15,2025-09-22,2025-10-05,2025-10-15,Started,,
PT01061,2025-12-13,2025-12-19,2026-01-08,2026-01-15,Discontinued,2026-08-03,Cost / Affordability
PT01062,2024-10-29,2024-11-02,2024-11-14,2024-11-19,Discontinued,2025-01-09,Patient Decision
PT01063,2023-11-28,2023-12-05,2023-12-21,2023-12-23,Started,,
PT01064,2024-03-17,2024-03-22,2024-04-02,2024-04-05,Started,,
PT01065,2024-04-10,2024-04-13,2024-05-03,2024-05-15,Started,,
PT01066,2025-06-23,2025-06-28,2025-07-13,2025-07-15,Started,,
PT01067,2025-02-12,2025-02-14,2025-02-22,2025-03-06,Started,,
PT01068,2025-09-07,2025-09-08,2025-09-20,2025-09-30,Started,,
PT01069,2025-05-18,2025-05-23,2025-06-11,2025-06-18,Discontinued,2025-08-10,Treatment Ineffectiveness
PT01070,2025-05-09,2025-05-16,2025-06-01,2025-06-12,Started,,
PT01071,2023-05-02,2023-05-07,2023-05-23,2023-05-30,Started,,
PT01072,2025-07-13,2025-07-17,2025-08-03,2025-08-17,Started,,
PT01073,2025-09-17,2025-09-22,2025-09-29,2025-10-05,Started,,
PT01074,2024-08-23,2024-08-27,2024-09-17,,Not Started,,
PT01075,2024-11-07,2024-11-11,2024-12-12,2024-12-21,Started,,
PT01076,2025-03-08,2025-03-09,2025-03-27,2025-04-07,Started,,
PT01077,2025-11-12,2025-11-18,2025-11-27,2025-11-29,Started,,
PT01078,2025-04-04,2025-04-06,2025-04-29,,Not Started,,
PT01079,2023-03-14,2023-03-21,2023-04-08,2023-04-16,Discontinued,2023-12-08,Patient Decision
PT01080,2023-05-04,2023-05-05,2023-05-22,2023-05-24,Started,,
PT01081,2025-06-29,2025-07-05,2025-07-10,2025-07-23,Started,,
PT01082,2025-09-24,2025-09-26,2025-10-19,2025-10-23,Started,,
PT01083,2025-01-16,2025-01-22,2025-01-31,2025-02-11,Started,,
PT01084,2024-06-16,2024-06-22,2024-07-03,2024-07-11,Started,,
PT01085,2025-05-08,2025-05-09,2025-05-19,2025-05-29,Started,,
PT01086,2023-08-14,2023-08-18,2023-09-05,2023-09-19,Discontinued,2024-05-04,Access Issue
PT01087,2023-09-14,2023-09-20,2023-10-04,,Not Started,,
PT01088,2023-12-23,2023-12-28,2024-01-29,2024-02-05,Started,,
PT01089,2023-03-10,2023-03-16,2023-03-29,2023-04-03,Started,,
PT01090,2023-02-18,2023-02-19,2023-03-11,2023-03-18,Started,,
PT01091,2024-02-24,2024-02-27,2024-03-10,2024-03-18,Started,,
PT01092,2025-08-21,2025-08-28,2025-09-20,2025-09-30,Discontinued,2026-04-11,Patient Decision
PT01093,2023-08-18,2023-08-25,2023-09-09,2023-09-23,Started,,
PT01094,2024-08-23,2024-08-27,2024-09-07,,Not Started,,
PT01095,2023-01-12,2023-01-13,2023-01-27,,Not Started,,
PT01096,2024-10-08,2024-10-15,2024-10-25,2024-10-27,Started,,
PT01097,2024-01-18,2024-01-21,2024-02-11,2024-02-25,Started,,
PT01098,2025-03-24,2025-03-27,2025-04-20,2025-05-02,Started,,
PT01099,2023-05-02,2023-05-07,2023-06-03,2023-06-12,Started,,
PT01100,2024-11-10,2024-11-17,2024-12-17,2024-12-22,Started,,
PT01101,2023-12-30,2024-01-01,2024-01-15,2024-01-27,Started,,
PT01102,2025-10-08,2025-10-11,2025-11-03,2025-11-05,Started,,
PT01103,2023-08-30,2023-09-03,2023-09-17,2023-09-21,Started,,
PT01104,2023-02-16,2023-02-19,2023-03-10,2023-03-16,Started,,
PT01105,2025-04-20,2025-04-21,2025-05-11,2025-05-21,Started,,
PT01106,2025-04-05,2025-04-09,2025-04-20,2025-04-28,Started,,
PT01107,2023-09-14,2023-09-21,2023-10-09,2023-10-15,Started,,
PT01108,2023-10-27,2023-11-02,2023-11-19,2023-11-24,Discontinued,2024-07-01,Cost / Affordability
PT01109,2025-12-10,2025-12-11,2025-12-28,2026-01-07,Started,,
PT01110,2025-11-12,2025-11-13,2025-11-26,,Not Started,,
PT01111,2025-12-26,2025-12-27,2026-01-13,2026-01-19,Started,,
PT01112,2024-01-23,2024-01-28,2024-02-15,2024-02-18,Started,,
PT01113,2024-10-24,2024-10-31,2024-11-09,2024-11-23,Started,,
PT01114,2023-10-21,2023-10-25,2023-11-03,2023-11-06,Started,,
PT01115,2025-12-20,2025-12-26,2026-01-17,2026-01-23,Started,,
PT01116,2023-02-13,2023-02-16,2023-03-07,2023-03-21,Started,,
PT01117,2025-03-07,2025-03-13,2025-04-02,2025-04-16,Started,,
PT01118,2024-04-16,2024-04-23,2024-05-10,,Not Started,,
PT01119,2024-04-11,2024-04-13,2024-04-29,2024-05-13,Started,,
PT01120,2023-03-08,2023-03-12,2023-04-06,2023-04-10,Discontinued,2023-08-04,Patient Decision
PT01121,2023-11-08,2023-11-15,2023-12-01,2023-12-15,Started,,
PT01122,2025-07-18,2025-07-19,2025-08-04,2025-08-16,Discontinued,2025-11-29,Patient Decision
PT01123,2025-11-28,2025-11-29,2025-12-14,2025-12-23,Started,,
PT01124,2025-12-21,2025-12-26,2026-01-06,2026-01-14,Started,,
PT01125,2023-04-16,2023-04-17,2023-05-02,2023-05-15,Started,,
PT01126,2024-02-12,2024-02-19,2024-03-11,2024-03-24,Started,,
PT01127,2025-07-06,2025-07-08,2025-08-02,,Not Started,,
PT01128,2024-04-17,2024-04-21,2024-05-13,2024-05-19,Started,,
PT01129,2024-06-12,2024-06-13,2024-06-18,2024-06-29,Discontinued,2024-09-20,Access Issue
PT01130,2024-03-15,2024-03-16,2024-04-01,2024-04-11,Started,,
PT01131,2023-06-22,2023-06-23,2023-07-11,2023-07-18,Started,,
PT01132,2024-01-16,2024-01-21,2024-02-12,2024-02-22,Started,,
PT01133,2025-09-06,2025-09-08,2025-09-17,2025-09-19,Started,,
PT01134,2025-12-18,2025-12-20,2026-01-16,2026-01-30,Started,,
PT01135,2023-09-30,2023-10-04,2023-10-24,2023-10-31,Started,,
PT01136,2023-07-23,2023-07-24,2023-08-09,2023-08-18,Started,,
PT01137,2023-12-05,2023-12-10,2023-12-16,2023-12-30,Discontinued,2024-08-05,Adverse Event
PT01138,2024-11-20,2024-11-26,2024-12-17,2024-12-25,Started,,
PT01139,2025-01-16,2025-01-20,2025-02-09,2025-02-15,Started,,
PT01140,2023-05-24,2023-05-29,2023-06-18,2023-07-01,Started,,
PT01141,2023-06-18,2023-06-24,2023-07-11,2023-07-25,Started,,
PT01142,2025-08-03,2025-08-08,2025-08-29,2025-09-07,Started,,
PT01143,2025-04-14,2025-04-17,2025-05-16,2025-05-22,Started,,
PT01144,2024-07-06,2024-07-11,2024-07-25,2024-08-02,Started,,
PT01145,2023-09-15,2023-09-17,2023-10-17,2023-10-24,Started,,
PT01146,2023-09-17,2023-09-21,2023-10-13,2023-10-18,Started,,
PT01147,2023-03-30,2023-04-01,2023-04-14,2023-04-17,Started,,
PT01148,2025-10-01,2025-10-07,2025-10-19,,Not Started,,
PT01149,2025-02-07,2025-02-12,2025-02-26,2025-03-10,Started,,
PT01150,2024-06-25,2024-06-30,2024-07-09,2024-07-18,Started,,
PT01151,2025-06-07,2025-06-11,2025-07-01,2025-07-15,Started,,
PT01152,2023-03-31,2023-04-05,2023-04-26,2023-05-03,Started,,
PT01153,2025-02-20,2025-02-23,2025-03-16,2025-03-24,Started,,
PT01154,2023-08-11,2023-08-12,2023-09-07,2023-09-14,Started,,
PT01155,2025-11-16,2025-11-23,2025-12-07,2025-12-16,Started,,
PT01156,2025-11-11,2025-11-16,2025-11-23,2025-11-25,Started,,
PT01157,2025-02-14,2025-02-15,2025-03-06,2025-03-13,Started,,
PT01158,2024-08-24,2024-08-25,2024-09-01,2024-09-03,Discontinued,2025-03-26,Access Issue
PT01159,2023-06-28,2023-07-03,2023-07-15,2023-07-27,Started,,
PT01160,2025-08-18,2025-08-21,2025-09-03,2025-09-05,Started,,
PT01161,2023-06-23,2023-06-28,2023-07-24,2023-07-31,Started,,
PT01162,2025-03-21,2025-03-28,2025-04-19,2025-04-28,Started,,
PT01163,2023-03-28,2023-03-29,2023-04-05,2023-04-16,Started,,
PT01164,2024-04-11,2024-04-18,2024-05-18,,Not Started,,
PT01165,2024-11-14,2024-11-16,2024-12-14,2024-12-25,Discontinued,2025-08-19,Cost / Affordability
PT01166,2025-02-07,2025-02-14,2025-03-01,2025-03-10,Discontinued,2025-05-24,Access Issue
PT01167,2025-01-08,2025-01-11,2025-01-25,2025-02-07,Started,,
PT01168,2025-01-15,2025-01-21,2025-01-28,2025-01-31,Started,,
PT01169,2023-06-04,2023-06-10,2023-06-23,2023-07-04,Started,,
PT01170,2023-01-31,2023-02-02,2023-03-08,2023-03-14,Discontinued,2023-07-02,Treatment Ineffectiveness
PT01171,2024-06-13,2024-06-18,2024-07-09,2024-07-19,Discontinued,2025-03-02,Access Issue
PT01172,2023-09-24,2023-09-28,2023-10-11,2023-10-20,Discontinued,2023-12-31,Adverse Event
PT01173,2025-10-09,2025-10-13,2025-11-12,2025-11-17,Started,,
PT01174,2025-06-16,2025-06-21,2025-07-03,2025-07-07,Started,,
PT01175,2025-09-16,2025-09-18,2025-10-03,2025-10-10,Started,,
PT01176,2023-08-22,2023-08-25,2023-09-03,2023-09-09,Started,,
PT01177,2024-08-14,2024-08-20,2024-09-13,2024-09-17,Started,,
PT01178,2025-05-31,2025-06-05,2025-06-18,2025-07-02,Started,,
PT01179,2025-10-23,2025-10-26,2025-11-12,,Not Started,,
PT01180,2023-09-01,2023-09-07,2023-09-21,2023-09-24,Started,,
PT01181,2025-07-19,2025-07-24,2025-08-01,2025-08-06,Started,,
PT01182,2023-06-12,2023-06-14,2023-07-03,2023-07-09,Started,,
PT01183,2025-09-28,2025-10-01,2025-10-17,2025-10-29,Started,,
PT01184,2024-08-22,2024-08-26,2024-09-10,2024-09-21,Started,,
PT01185,2024-10-08,2024-10-11,2024-10-27,2024-11-10,Started,,
PT01186,2024-01-31,2024-02-05,2024-02-20,2024-02-27,Started,,
PT01187,2025-05-31,2025-06-04,2025-06-17,2025-06-24,Started,,
PT01188,2025-06-20,2025-06-27,2025-07-10,2025-07-12,Started,,
PT01189,2025-07-01,2025-07-02,2025-07-15,2025-07-21,Started,,
PT01190,2024-11-06,2024-11-08,2024-11-23,2024-11-25,Started,,
PT01191,2025-04-18,2025-04-19,2025-04-30,2025-05-03,Started,,
PT01192,2025-04-15,2025-04-22,2025-05-04,2025-05-12,Started,,
PT01193,2025-09-13,2025-09-15,2025-10-04,2025-10-13,Started,,
PT01194,2023-10-24,2023-10-26,2023-11-05,2023-11-16,Started,,
PT01195,2023-01-08,2023-01-09,2023-01-24,2023-02-07,Started,,
PT01196,2025-03-07,2025-03-13,2025-04-03,2025-04-07,Started,,
PT01197,2023-07-13,2023-07-18,2023-08-09,2023-08-23,Discontinued,2024-03-11,Access Issue
PT01198,2024-10-31,2024-11-02,2024-11-21,,Not Started,,
PT01199,2023-10-03,2023-10-04,2023-10-18,2023-10-25,Started,,
PT01200,2025-01-09,2025-01-15,2025-02-08,2025-02-15,Started,,
PT01201,2025-11-10,2025-11-17,2025-11-29,2025-12-09,Started,,
PT01202,2023-06-11,2023-06-14,2023-07-04,2023-07-17,Started,,
PT01203,2023-08-31,2023-09-06,2023-09-27,2023-09-30,Discontinued,2024-04-08,Adverse Event
PT01204,2023-01-12,2023-01-15,2023-01-28,2023-02-03,Started,,
PT01205,2023-03-03,2023-03-05,2023-03-28,2023-04-01,Started,,
PT01206,2025-11-14,2025-11-15,2025-11-28,2025-12-06,Started,,
PT01207,2023-05-13,2023-05-20,2023-06-17,2023-06-26,Started,,
PT01208,2025-09-23,2025-09-25,2025-10-14,2025-10-25,Discontinued,2026-02-14,Access Issue
PT01209,2025-07-17,2025-07-21,2025-08-05,,Not Started,,
PT01210,2025-02-21,2025-02-25,2025-03-14,,Not Started,,
PT01211,2025-08-26,2025-08-29,2025-09-17,2025-09-22,Started,,
PT01212,2023-07-27,2023-08-03,2023-08-20,2023-08-23,Started,,
PT01213,2023-09-11,2023-09-15,2023-09-26,2023-10-05,Started,,
PT01214,2025-01-16,2025-01-22,2025-02-12,2025-02-17,Discontinued,2025-09-18,Access Issue
PT01215,2025-03-28,2025-04-01,2025-04-24,2025-04-26,Started,,
PT01216,2023-03-07,2023-03-12,2023-03-26,2023-04-08,Started,,
PT01217,2024-08-19,2024-08-26,2024-09-10,2024-09-22,Started,,
PT01218,2025-12-20,2025-12-26,2026-01-11,2026-01-16,Discontinued,2026-05-09,Treatment Ineffectiveness
PT01219,2025-10-20,2025-10-24,2025-11-13,2025-11-18,Started,,
PT01220,2025-09-28,2025-09-29,2025-10-13,2025-10-19,Started,,
PT01221,2023-07-10,2023-07-16,2023-07-20,2023-07-25,Started,,
PT01222,2025-05-21,2025-05-28,2025-06-09,2025-06-20,Started,,
PT01223,2024-08-04,2024-08-10,2024-09-01,2024-09-04,Started,,
PT01224,2023-06-24,2023-06-25,2023-07-23,,Not Started,,
PT01225,2024-08-02,2024-08-05,2024-08-12,2024-08-21,Started,,
PT01226,2024-07-16,2024-07-19,2024-08-12,2024-08-17,Started,,
PT01227,2025-04-03,2025-04-07,2025-04-26,2025-05-08,Started,,
PT01228,2025-04-17,2025-04-22,2025-05-10,2025-05-12,Started,,
PT01229,2023-03-21,2023-03-23,2023-04-11,2023-04-16,Discontinued,2023-07-23,Patient Decision
PT01230,2025-01-10,2025-01-13,2025-01-28,2025-02-08,Discontinued,2025-09-11,Access Issue
PT01231,2025-02-13,2025-02-17,2025-03-02,2025-03-06,Started,,
PT01232,2024-12-23,2024-12-26,2025-01-11,,Not Started,,
PT01233,2023-12-31,2024-01-06,2024-01-23,,Not Started,,
PT01234,2023-03-27,2023-03-30,2023-04-11,,Not Started,,
PT01235,2025-03-10,2025-03-15,2025-03-21,2025-03-27,Started,,
PT01236,2025-06-27,2025-06-30,2025-07-13,2025-07-25,Started,,
PT01237,2025-06-08,2025-06-11,2025-06-25,,Not Started,,
PT01238,2024-07-21,2024-07-23,2024-08-05,,Not Started,,
PT01239,2024-04-04,2024-04-07,2024-04-16,2024-04-29,Started,,
PT01240,2025-11-18,2025-11-20,2025-12-03,,Not Started,,
PT01241,2023-12-19,2023-12-26,2024-01-13,,Not Started,,
PT01242,2023-05-19,2023-05-25,2023-06-12,2023-06-24,Started,,
PT01243,2024-11-06,2024-11-10,2024-12-02,,Not Started,,
PT01244,2023-05-17,2023-05-22,2023-06-11,2023-06-20,Started,,
PT01245,2024-02-19,2024-02-24,2024-03-24,2024-04-07,Started,,
PT01246,2023-11-19,2023-11-23,2023-12-05,2023-12-19,Started,,
PT01247,2025-03-30,2025-04-03,2025-04-21,2025-04-29,Started,,
PT01248,2024-10-25,2024-10-26,2024-11-21,2024-12-03,Started,,
PT01249,2023-06-19,2023-06-22,2023-07-05,,Not Started,,
PT01250,2023-02-26,2023-03-05,2023-03-14,2023-03-22,Started,,
PT01251,2024-01-03,2024-01-10,2024-02-08,2024-02-14,Started,,
PT01252,2023-09-13,2023-09-15,2023-09-30,2023-10-12,Discontinued,2024-01-24,Treatment Ineffectiveness
PT01253,2024-07-24,2024-07-29,2024-08-05,,Not Started,,
PT01254,2025-06-18,2025-06-22,2025-07-02,2025-07-14,Started,,
PT01255,2025-09-17,2025-09-18,2025-09-29,2025-10-09,Started,,
PT01256,2025-07-08,2025-07-10,2025-08-10,,Not Started,,
PT01257,2024-10-13,2024-10-19,2024-11-04,2024-11-08,Started,,
PT01258,2023-06-28,2023-07-02,2023-07-21,2023-08-02,Started,,
PT01259,2025-05-19,2025-05-26,2025-06-07,2025-06-17,Started,,
PT01260,2024-01-16,2024-01-18,2024-01-23,2024-02-04,Started,,
PT01261,2024-05-06,2024-05-12,2024-05-30,2024-06-03,Started,,
PT01262,2024-08-24,2024-08-29,2024-09-24,2024-09-27,Started,,
PT01263,2024-08-30,2024-09-02,2024-09-13,2024-09-16,Started,,
PT01264,2023-07-27,2023-08-02,2023-08-14,2023-08-25,Started,,
PT01265,2025-10-01,2025-10-03,2025-10-30,2025-11-04,Started,,
PT01266,2023-12-14,2023-12-21,2023-12-28,2024-01-07,Started,,
PT01267,2025-05-05,2025-05-07,2025-05-26,,Not Started,,
PT01268,2024-10-17,2024-10-20,2024-11-15,2024-11-19,Started,,
PT01269,2023-11-05,2023-11-08,2023-11-27,2023-11-29,Started,,
PT01270,2023-01-12,2023-01-15,2023-02-01,2023-02-13,Started,,
PT01271,2025-09-25,2025-09-28,2025-10-15,2025-10-20,Started,,
PT01272,2023-12-13,2023-12-14,2024-01-02,2024-01-06,Started,,
PT01273,2025-09-26,2025-09-28,2025-10-08,2025-10-12,Discontinued,2026-02-05,Patient Decision
PT01274,2023-12-10,2023-12-13,2023-12-27,2024-01-07,Started,,
PT01275,2025-01-02,2025-01-09,2025-01-20,2025-01-24,Started,,
PT01276,2023-12-07,2023-12-08,2023-12-26,2024-01-09,Started,,
PT01277,2025-04-29,2025-04-30,2025-05-08,2025-05-10,Started,,
PT01278,2024-10-07,2024-10-11,2024-10-26,2024-10-29,Started,,
PT01279,2023-05-29,2023-06-03,2023-06-06,2023-06-16,Discontinued,2024-01-26,Adverse Event
PT01280,2024-07-07,2024-07-12,2024-08-05,2024-08-13,Started,,
PT01281,2025-07-04,2025-07-07,2025-07-27,2025-08-02,Started,,
PT01282,2025-07-30,2025-08-02,2025-08-22,2025-08-27,Started,,
PT01283,2023-09-28,2023-10-04,2023-10-22,2023-10-25,Started,,
PT01284,2023-11-05,2023-11-09,2023-11-21,2023-12-03,Started,,
PT01285,2023-07-16,2023-07-22,2023-08-18,2023-08-31,Started,,
PT01286,2023-08-30,2023-09-02,2023-09-20,2023-09-23,Started,,
PT01287,2024-08-16,2024-08-18,2024-09-02,2024-09-11,Started,,
PT01288,2023-01-15,2023-01-17,2023-01-27,2023-01-29,Started,,
PT01289,2025-03-23,2025-03-27,2025-04-10,2025-04-24,Started,,
PT01290,2025-11-19,2025-11-26,2025-12-15,2025-12-28,Started,,
PT01291,2024-10-21,2024-10-23,2024-11-22,,Not Started,,
PT01292,2024-04-30,2024-05-06,2024-05-25,2024-06-08,Started,,
PT01293,2023-08-08,2023-08-12,2023-08-24,2023-09-06,Discontinued,2024-02-21,Patient Decision
PT01294,2025-04-07,2025-04-11,2025-04-25,,Not Started,,
PT01295,2024-11-08,2024-11-10,2024-11-20,2024-11-30,Started,,
PT01296,2024-10-16,2024-10-22,2024-11-05,2024-11-13,Started,,
PT01297,2023-04-08,2023-04-09,2023-05-08,2023-05-22,Started,,
PT01298,2023-02-13,2023-02-14,2023-03-02,2023-03-07,Started,,
PT01299,2024-04-18,2024-04-19,2024-05-07,2024-05-13,Started,,
PT01300,2023-08-31,2023-09-06,2023-09-17,2023-09-26,Started,,
PT01301,2023-01-26,2023-01-30,2023-02-12,2023-02-16,Started,,
PT01302,2024-10-29,2024-11-02,2024-11-19,2024-11-27,Started,,
PT01303,2023-01-28,2023-02-04,2023-02-22,2023-03-08,Started,,
PT01304,2023-10-23,2023-10-28,2023-11-18,2023-11-23,Started,,
PT01305,2024-12-12,2024-12-13,2025-01-06,,Not Started,,
PT01306,2023-04-18,2023-04-20,2023-05-20,2023-05-28,Started,,
PT01307,2023-12-30,2023-12-31,2024-01-12,,Not Started,,
PT01308,2024-05-23,2024-05-27,2024-06-26,2024-06-28,Started,,
PT01309,2023-10-13,2023-10-20,2023-11-14,2023-11-17,Started,,
PT01310,2025-06-25,2025-06-26,2025-07-03,2025-07-08,Started,,
PT01311,2024-08-12,2024-08-17,2024-08-27,2024-09-08,Started,,
PT01312,2024-06-18,2024-06-21,2024-07-11,2024-07-16,Started,,
PT01313,2025-07-20,2025-07-23,2025-08-10,2025-08-20,Started,,
PT01314,2023-11-30,2023-12-02,2023-12-08,2023-12-18,Started,,
PT01315,2023-12-14,2023-12-19,2024-01-01,2024-01-03,Discontinued,2024-03-16,Patient Decision
PT01316,2024-07-11,2024-07-16,2024-07-28,2024-08-01,Started,,
PT01317,2025-10-26,2025-10-29,2025-11-15,2025-11-18,Started,,
PT01318,2023-02-21,2023-02-25,2023-03-17,,Not Started,,
PT01319,2023-11-05,2023-11-12,2023-12-05,,Not Started,,
PT01320,2024-09-23,2024-09-26,2024-10-06,,Not Started,,
PT01321,2024-09-06,2024-09-08,2024-10-04,2024-10-16,Started,,
PT01322,2024-08-14,2024-08-17,2024-09-04,2024-09-17,Started,,
PT01323,2025-05-28,2025-05-31,2025-06-08,2025-06-14,Started,,
PT01324,2023-02-14,2023-02-15,2023-03-09,2023-03-17,Started,,
PT01325,2023-11-14,2023-11-19,2023-12-04,2023-12-09,Started,,
PT01326,2024-04-22,2024-04-23,2024-05-02,2024-05-14,Started,,
PT01327,2023-09-11,2023-09-13,2023-10-02,2023-10-09,Started,,
PT01328,2023-03-29,2023-04-05,2023-04-22,2023-04-30,Started,,
PT01329,2025-01-14,2025-01-17,2025-02-09,2025-02-13,Started,,
PT01330,2024-08-19,2024-08-24,2024-09-08,2024-09-20,Started,,
PT01331,2024-11-17,2024-11-20,2024-12-10,2024-12-21,Started,,
PT01332,2024-08-29,2024-08-30,2024-09-14,2024-09-28,Started,,
PT01333,2023-01-16,2023-01-17,2023-02-03,2023-02-15,Started,,
PT01334,2023-11-16,2023-11-17,2023-12-09,2023-12-15,Started,,
PT01335,2024-12-03,2024-12-07,2024-12-24,2024-12-28,Started,,
PT01336,2024-01-06,2024-01-08,2024-01-14,2024-01-27,Started,,
PT01337,2024-03-15,2024-03-16,2024-03-24,2024-04-01,Discontinued,2024-09-20,Access Issue
PT01338,2025-02-18,2025-02-19,2025-03-11,2025-03-21,Started,,
PT01339,2025-07-27,2025-08-02,2025-08-21,2025-09-03,Started,,
PT01340,2024-07-28,2024-08-03,2024-08-29,2024-09-06,Started,,
PT01341,2023-08-24,2023-08-29,2023-09-22,2023-10-03,Started,,
PT01342,2023-05-13,2023-05-19,2023-06-13,2023-06-19,Started,,
PT01343,2023-10-20,2023-10-26,2023-11-13,2023-11-15,Started,,
PT01344,2025-01-04,2025-01-07,2025-01-31,2025-02-03,Started,,
PT01345,2023-05-30,2023-06-03,2023-06-22,2023-06-30,Started,,
PT01346,2024-05-06,2024-05-08,2024-05-19,2024-05-24,Started,,
PT01347,2023-08-05,2023-08-08,2023-09-02,2023-09-06,Started,,
PT01348,2025-03-28,2025-04-04,2025-05-02,2025-05-09,Started,,
PT01349,2023-11-15,2023-11-19,2023-12-13,2023-12-18,Discontinued,2024-07-22,Treatment Ineffectiveness
PT01350,2024-04-04,2024-04-09,2024-05-04,2024-05-09,Discontinued,2024-08-09,Treatment Ineffectiveness
PT01351,2025-08-26,2025-08-29,2025-09-11,2025-09-20,Started,,
PT01352,2023-09-26,2023-10-03,2023-10-22,2023-10-31,Discontinued,2024-03-14,Treatment Ineffectiveness
PT01353,2025-12-27,2026-01-02,2026-01-20,,Not Started,,
PT01354,2025-08-05,2025-08-12,2025-08-30,2025-09-10,Started,,
PT01355,2023-09-03,2023-09-09,2023-09-21,2023-09-27,Started,,
PT01356,2023-06-21,2023-06-24,2023-07-15,2023-07-26,Started,,
PT01357,2023-09-21,2023-09-27,2023-10-04,2023-10-14,Started,,
PT01358,2025-05-19,2025-05-26,2025-06-17,2025-06-25,Started,,
PT01359,2023-01-16,2023-01-23,2023-02-11,2023-02-17,Started,,
PT01360,2024-03-22,2024-03-28,2024-04-21,,Not Started,,
PT01361,2023-05-31,2023-06-07,2023-06-21,2023-06-30,Started,,
PT01362,2025-04-05,2025-04-08,2025-04-28,2025-05-04,Discontinued,2025-07-16,Patient Decision
PT01363,2024-10-01,2024-10-02,2024-10-29,2024-11-06,Started,,
PT01364,2025-12-16,2025-12-22,2026-01-04,2026-01-18,Discontinued,2026-05-31,Adverse Event
PT01365,2024-05-28,2024-06-02,2024-06-28,2024-07-10,Started,,
PT01366,2024-03-09,2024-03-16,2024-04-09,,Not Started,,
PT01367,2025-08-12,2025-08-15,2025-08-29,2025-08-31,Started,,
PT01368,2025-08-18,2025-08-19,2025-09-05,2025-09-09,Started,,
PT01369,2025-11-06,2025-11-13,2025-12-04,2025-12-18,Started,,
PT01370,2025-11-16,2025-11-17,2025-11-30,,Not Started,,
PT01371,2025-06-17,2025-06-24,2025-06-30,2025-07-10,Started,,
PT01372,2023-08-24,2023-08-25,2023-09-16,,Not Started,,
PT01373,2024-07-12,2024-07-13,2024-08-07,2024-08-14,Started,,
PT01374,2023-10-02,2023-10-03,2023-10-27,2023-11-10,Started,,
PT01375,2023-03-06,2023-03-12,2023-04-10,,Not Started,,
PT01376,2023-08-17,2023-08-23,2023-09-23,2023-09-26,Started,,
PT01377,2025-05-22,2025-05-23,2025-06-13,,Not Started,,
PT01378,2025-02-07,2025-02-10,2025-02-24,2025-02-27,Started,,
PT01379,2023-05-14,2023-05-19,2023-06-06,2023-06-11,Started,,
PT01380,2023-12-17,2023-12-24,2024-01-22,2024-01-29,Started,,
PT01381,2024-01-05,2024-01-09,2024-01-23,2024-01-28,Started,,
PT01382,2024-02-01,2024-02-03,2024-03-01,2024-03-11,Started,,
PT01383,2024-05-04,2024-05-05,2024-05-20,2024-06-01,Started,,
PT01384,2023-01-11,2023-01-18,2023-02-09,2023-02-14,Started,,
PT01385,2023-06-05,2023-06-06,2023-06-22,2023-07-06,Started,,
PT01386,2023-10-04,2023-10-07,2023-10-26,2023-11-05,Started,,
PT01387,2025-08-13,2025-08-15,2025-08-24,2025-08-29,Started,,
PT01388,2023-10-06,2023-10-11,2023-10-31,2023-11-14,Started,,
PT01389,2023-12-26,2023-12-30,2024-01-22,2024-02-03,Started,,
PT01390,2024-06-06,2024-06-08,2024-06-19,2024-06-30,Started,,
PT01391,2024-01-18,2024-01-21,2024-02-06,2024-02-14,Started,,
PT01392,2024-04-28,2024-05-01,2024-05-13,,Not Started,,
PT01393,2025-10-24,2025-10-29,2025-11-17,2025-11-23,Started,,
PT01394,2025-04-26,2025-05-03,2025-05-06,2025-05-15,Discontinued,2025-08-27,Access Issue
PT01395,2025-07-17,2025-07-24,2025-08-09,2025-08-11,Started,,
PT01396,2024-06-12,2024-06-17,2024-06-25,2024-07-07,Started,,
PT01397,2025-07-08,2025-07-15,2025-08-02,2025-08-04,Started,,
PT01398,2023-09-29,2023-10-05,2023-10-17,2023-10-23,Started,,
PT01399,2023-07-26,2023-07-27,2023-08-26,2023-09-07,Started,,
PT01400,2025-06-19,2025-06-21,2025-07-06,2025-07-11,Discontinued,2026-02-10,Access Issue
PT01401,2024-08-23,2024-08-28,2024-09-09,2024-09-12,Started,,
PT01402,2023-09-03,2023-09-10,2023-09-23,,Not Started,,
PT01403,2024-03-17,2024-03-18,2024-03-31,2024-04-11,Started,,
PT01404,2025-07-23,2025-07-25,2025-08-07,2025-08-10,Started,,
PT01405,2025-05-28,2025-05-29,2025-06-23,2025-06-28,Started,,
PT01406,2023-04-14,2023-04-19,2023-04-26,2023-05-05,Started,,
PT01407,2025-01-18,2025-01-19,2025-01-31,2025-02-07,Started,,
PT01408,2025-10-08,2025-10-10,2025-10-22,2025-11-02,Started,,
PT01409,2024-09-04,2024-09-09,2024-09-24,,Not Started,,
PT01410,2024-10-24,2024-10-28,2024-11-06,2024-11-20,Started,,
PT01411,2023-05-18,2023-05-24,2023-06-05,2023-06-07,Started,,
PT01412,2023-11-06,2023-11-12,2023-11-28,2023-12-01,Started,,
PT01413,2025-10-23,2025-10-29,2025-11-15,2025-11-25,Started,,
PT01414,2023-09-26,2023-09-28,2023-10-12,2023-10-19,Discontinued,2024-03-14,Access Issue
PT01415,2024-01-24,2024-01-27,2024-02-04,2024-02-08,Started,,
PT01416,2023-12-08,2023-12-09,2023-12-19,2023-12-21,Started,,
PT01417,2023-10-30,2023-11-04,2023-11-18,,Not Started,,
PT01418,2023-01-16,2023-01-20,2023-02-03,2023-02-05,Discontinued,2023-04-14,Access Issue
PT01419,2023-10-16,2023-10-17,2023-10-26,2023-11-02,Started,,
PT01420,2024-06-04,2024-06-08,2024-06-17,2024-06-24,Started,,
PT01421,2025-08-13,2025-08-16,2025-08-24,2025-09-02,Discontinued,2025-10-20,Adverse Event
PT01422,2024-01-13,2024-01-19,2024-02-20,2024-03-04,Started,,
PT01423,2023-01-16,2023-01-21,2023-02-05,2023-02-17,Discontinued,2023-05-30,Patient Decision
PT01424,2025-03-17,2025-03-21,2025-04-05,,Not Started,,
PT01425,2025-01-21,2025-01-26,2025-02-12,2025-02-25,Discontinued,2025-10-19,Cost / Affordability
PT01426,2025-03-22,2025-03-28,2025-04-07,2025-04-19,Started,,
PT01427,2024-06-05,2024-06-11,2024-06-20,2024-06-24,Started,,
PT01428,2024-07-12,2024-07-14,2024-07-24,2024-07-26,Discontinued,2024-11-24,Treatment Ineffectiveness
PT01429,2023-06-05,2023-06-10,2023-06-28,,Not Started,,
PT01430,2024-10-30,2024-11-06,2024-12-11,2024-12-25,Started,,
PT01431,2023-10-31,2023-11-04,2023-11-27,2023-11-30,Started,,
PT01432,2024-04-18,2024-04-19,2024-04-27,2024-04-29,Started,,
PT01433,2025-12-25,2025-12-26,2025-12-29,2026-01-02,Started,,
PT01434,2023-11-10,2023-11-14,2023-11-30,,Not Started,,
PT01435,2025-03-11,2025-03-18,2025-04-04,2025-04-10,Discontinued,2025-07-28,Access Issue
PT01436,2023-03-06,2023-03-08,2023-03-19,2023-03-23,Started,,
PT01437,2025-10-30,2025-11-02,2025-11-21,2025-12-01,Started,,
PT01438,2023-01-27,2023-02-02,2023-02-27,2023-03-13,Started,,
PT01439,2025-05-19,2025-05-26,2025-06-11,2025-06-25,Started,,
PT01440,2025-10-29,2025-10-31,2025-11-21,2025-11-24,Started,,
PT01441,2025-03-28,2025-04-04,2025-04-11,2025-04-13,Discontinued,2025-07-25,Patient Decision
PT01442,2025-11-16,2025-11-22,2025-12-12,2025-12-17,Discontinued,2026-03-07,Patient Decision
PT01443,2024-08-28,2024-09-01,2024-09-27,2024-10-05,Discontinued,2025-05-08,Access Issue
PT01444,2025-06-28,2025-07-04,2025-07-24,2025-07-28,Discontinued,2025-10-26,Adverse Event
PT01445,2025-09-01,2025-09-02,2025-09-08,2025-09-13,Started,,
PT01446,2025-09-05,2025-09-11,2025-09-21,2025-09-23,Started,,
PT01447,2024-01-10,2024-01-16,2024-02-12,2024-02-23,Discontinued,2024-07-16,Cost / Affordability
PT01448,2023-03-17,2023-03-23,2023-04-28,2023-05-09,Started,,
PT01449,2025-02-02,2025-02-03,2025-02-10,2025-02-12,Started,,
PT01450,2024-05-11,2024-05-16,2024-06-01,2024-06-12,Started,,
PT01451,2024-03-29,2024-04-05,2024-04-12,2024-04-19,Started,,
PT01452,2024-09-11,2024-09-18,2024-10-01,2024-10-10,Started,,
PT01453,2025-06-28,2025-07-03,2025-07-23,,Not Started,,
PT01454,2023-08-29,2023-08-30,2023-09-12,2023-09-17,Started,,
PT01455,2025-01-16,2025-01-23,2025-02-13,2025-02-26,Started,,
PT01456,2025-10-17,2025-10-22,2025-11-11,2025-11-20,Started,,
PT01457,2024-10-10,2024-10-15,2024-10-23,2024-10-28,Started,,
PT01458,2024-07-01,2024-07-07,2024-07-17,2024-07-21,Started,,
PT01459,2025-02-11,2025-02-16,2025-02-25,2025-03-05,Started,,
PT01460,2023-01-03,2023-01-07,2023-01-27,2023-01-29,Started,,
PT01461,2023-11-25,2023-11-30,2023-12-17,2023-12-20,Started,,
PT01462,2023-08-05,2023-08-10,2023-08-30,2023-09-07,Discontinued,2023-11-15,Access Issue
PT01463,2025-06-18,2025-06-24,2025-07-13,,Not Started,,
PT01464,2023-01-09,2023-01-16,2023-01-26,2023-02-01,Started,,
PT01465,2023-11-27,2023-11-30,2023-12-18,,Not Started,,
PT01466,2024-09-16,2024-09-18,2024-10-05,2024-10-13,Started,,
PT01467,2024-09-27,2024-10-02,2024-10-14,2024-10-22,Started,,
PT01468,2023-12-14,2023-12-19,2024-01-09,2024-01-17,Started,,
PT01469,2023-10-28,2023-10-31,2023-11-29,2023-12-03,Started,,
PT01470,2025-10-16,2025-10-20,2025-11-12,2025-11-21,Discontinued,2026-01-15,Access Issue
PT01471,2023-08-05,2023-08-08,2023-08-27,2023-09-08,Started,,
PT01472,2025-12-16,2025-12-18,2026-01-02,2026-01-04,Started,,
PT01473,2023-08-03,2023-08-05,2023-08-25,2023-09-01,Started,,
PT01474,2025-06-12,2025-06-15,2025-06-27,,Not Started,,
PT01475,2025-11-05,2025-11-11,2025-11-19,2025-11-27,Started,,
PT01476,2024-09-03,2024-09-07,2024-09-11,2024-09-17,Discontinued,2024-12-18,Patient Decision
PT01477,2024-05-15,2024-05-20,2024-05-30,2024-06-12,Started,,
PT01478,2025-10-06,2025-10-08,2025-10-23,2025-11-03,Started,,
PT01479,2024-03-31,2024-04-07,2024-04-27,2024-04-30,Started,,
PT01480,2023-09-01,2023-09-04,2023-09-28,2023-10-08,Started,,
PT01481,2023-10-23,2023-10-30,2023-11-15,2023-11-28,Started,,
PT01482,2025-01-01,2025-01-05,2025-01-21,2025-01-29,Started,,
PT01483,2024-09-30,2024-10-04,2024-10-13,2024-10-25,Started,,
PT01484,2023-03-04,2023-03-07,2023-03-16,,Not Started,,
PT01485,2023-03-21,2023-03-22,2023-04-25,2023-05-03,Discontinued,2023-06-25,Access Issue
PT01486,2024-05-23,2024-05-30,2024-06-16,2024-06-21,Started,,
PT01487,2025-09-24,2025-09-25,2025-10-22,2025-10-30,Started,,
PT01488,2024-11-08,2024-11-13,2024-11-29,2024-12-02,Started,,
PT01489,2023-01-15,2023-01-20,2023-02-14,2023-02-23,Started,,
PT01490,2025-05-08,2025-05-15,2025-06-16,,Not Started,,
PT01491,2023-06-10,2023-06-15,2023-07-15,2023-07-29,Started,,
PT01492,2023-03-21,2023-03-25,2023-04-12,,Not Started,,
PT01493,2023-12-01,2023-12-08,2024-01-01,2024-01-08,Started,,
PT01494,2025-12-06,2025-12-12,2026-01-01,2026-01-04,Started,,
PT01495,2023-10-24,2023-10-29,2023-11-18,2023-11-23,Started,,
PT01496,2025-08-19,2025-08-26,2025-09-17,2025-09-20,Started,,
PT01497,2023-07-18,2023-07-22,2023-08-05,2023-08-14,Started,,
PT01498,2023-12-14,2023-12-20,2024-01-15,2024-01-29,Started,,
PT01499,2023-12-16,2023-12-18,2024-01-08,2024-01-19,Started,,
PT01500,2025-04-04,2025-04-05,2025-04-28,2025-05-05,Started,,
PT01501,2025-11-03,2025-11-07,2025-11-13,2025-11-20,Started,,
PT01502,2025-11-11,2025-11-16,2025-12-03,2025-12-12,Started,,
PT01503,2023-09-03,2023-09-04,2023-09-25,2023-10-01,Started,,
PT01504,2023-01-08,2023-01-09,2023-01-24,2023-02-06,Started,,
PT01505,2024-02-10,2024-02-17,2024-03-10,2024-03-22,Started,,
PT01506,2024-08-17,2024-08-21,2024-09-19,2024-10-01,Started,,
PT01507,2024-11-16,2024-11-18,2024-12-14,2024-12-19,Started,,
PT01508,2025-10-24,2025-10-31,2025-11-15,2025-11-29,Started,,
PT01509,2024-09-12,2024-09-15,2024-10-07,2024-10-19,Started,,
PT01510,2023-07-02,2023-07-06,2023-07-20,2023-07-28,Started,,
PT01511,2025-11-09,2025-11-12,2025-12-10,2025-12-18,Discontinued,2026-06-27,Treatment Ineffectiveness
PT01512,2025-01-24,2025-01-30,2025-02-17,,Not Started,,
PT01513,2024-02-13,2024-02-15,2024-03-07,2024-03-16,Started,,
PT01514,2024-04-09,2024-04-16,2024-05-01,2024-05-07,Started,,
PT01515,2023-06-29,2023-06-30,2023-07-18,2023-07-22,Discontinued,2023-09-20,Cost / Affordability
PT01516,2023-04-26,2023-04-30,2023-05-20,2023-05-30,Started,,
PT01517,2024-07-11,2024-07-17,2024-08-13,2024-08-27,Started,,
PT01518,2025-11-07,2025-11-11,2025-11-28,2025-12-11,Started,,
PT01519,2024-04-08,2024-04-12,2024-04-21,2024-05-05,Started,,
PT01520,2023-02-25,2023-03-02,2023-03-17,2023-03-31,Discontinued,2023-05-25,Access Issue
PT01521,2025-09-30,2025-10-07,2025-11-05,2025-11-13,Started,,
PT01522,2025-06-27,2025-06-29,2025-07-15,2025-07-19,Started,,
PT01523,2024-12-08,2024-12-13,2025-01-01,2025-01-09,Started,,
PT01524,2025-02-02,2025-02-07,2025-02-18,2025-02-21,Discontinued,2025-07-28,Treatment Ineffectiveness
PT01525,2024-07-13,2024-07-20,2024-08-06,2024-08-14,Started,,
PT01526,2025-02-06,2025-02-07,2025-02-24,,Not Started,,
PT01527,2024-08-09,2024-08-15,2024-08-26,2024-09-02,Started,,
PT01528,2024-01-09,2024-01-10,2024-01-26,2024-02-02,Started,,
PT01529,2024-01-03,2024-01-06,2024-01-23,2024-01-29,Started,,
PT01530,2024-08-19,2024-08-22,2024-09-11,2024-09-14,Started,,
PT01531,2023-04-22,2023-04-28,2023-05-08,2023-05-14,Started,,
PT01532,2024-07-14,2024-07-15,2024-08-12,2024-08-25,Started,,
PT01533,2023-05-05,2023-05-12,2023-05-21,,Not Started,,
PT01534,2025-02-14,2025-02-17,2025-03-05,2025-03-16,Started,,
PT01535,2023-06-29,2023-07-02,2023-07-16,,Not Started,,
PT01536,2024-03-03,2024-03-06,2024-03-24,2024-03-27,Started,,
PT01537,2025-07-13,2025-07-19,2025-08-14,2025-08-16,Started,,
PT01538,2023-06-04,2023-06-09,2023-06-29,2023-07-12,Started,,
PT01539,2024-01-21,2024-01-24,2024-01-27,2024-02-02,Started,,
PT01540,2025-04-18,2025-04-24,2025-05-15,2025-05-21,Started,,
PT01541,2023-04-15,2023-04-21,2023-05-06,2023-05-19,Discontinued,2023-12-06,Access Issue
PT01542,2024-03-17,2024-03-23,2024-04-15,2024-04-29,Started,,
PT01543,2024-05-16,2024-05-18,2024-05-25,2024-06-01,Started,,
PT01544,2023-08-05,2023-08-06,2023-08-26,2023-09-06,Started,,
PT01545,2025-10-19,2025-10-22,2025-11-09,2025-11-19,Started,,
PT01546,2024-02-10,2024-02-13,2024-03-05,2024-03-08,Started,,
PT01547,2023-11-13,2023-11-15,2023-11-28,2023-12-06,Discontinued,2024-02-12,Treatment Ineffectiveness
PT01548,2023-01-09,2023-01-12,2023-02-04,2023-02-06,Started,,
PT01549,2023-02-02,2023-02-07,2023-02-18,2023-03-04,Started,,
PT01550,2023-12-25,2023-12-26,2024-01-07,2024-01-15,Started,,
PT01551,2025-04-07,2025-04-13,2025-05-05,2025-05-14,Started,,
PT01552,2025-11-03,2025-11-10,2025-11-24,2025-12-03,Discontinued,2026-07-24,Patient Decision
PT01553,2024-07-22,2024-07-28,2024-08-25,2024-09-07,Discontinued,2024-10-29,Access Issue
PT01554,2023-03-09,2023-03-10,2023-03-28,2023-04-06,Started,,
PT01555,2025-04-16,2025-04-19,2025-05-01,,Not Started,,
PT01556,2024-05-02,2024-05-04,2024-05-27,2024-06-05,Started,,
PT01557,2025-07-05,2025-07-06,2025-08-06,,Not Started,,
PT01558,2023-04-09,2023-04-11,2023-04-29,2023-05-10,Started,,
PT01559,2025-10-20,2025-10-21,2025-11-02,2025-11-13,Started,,
PT01560,2024-11-30,2024-12-04,2024-12-12,2024-12-24,Started,,
PT01561,2025-10-08,2025-10-09,2025-10-25,2025-10-31,Started,,
PT01562,2024-05-18,2024-05-23,2024-06-20,2024-07-02,Started,,
PT01563,2025-12-02,2025-12-06,2025-12-22,2025-12-25,Started,,
PT01564,2023-09-01,2023-09-06,2023-10-03,2023-10-08,Started,,
PT01565,2024-01-25,2024-01-28,2024-02-17,2024-02-23,Started,,
PT01566,2025-12-02,2025-12-07,2025-12-19,2025-12-27,Started,,
PT01567,2025-02-17,2025-02-23,2025-03-11,2025-03-14,Started,,
PT01568,2025-03-14,2025-03-19,2025-04-03,2025-04-05,Started,,
PT01569,2025-07-11,2025-07-18,2025-07-29,2025-08-11,Started,,
PT01570,2025-09-20,2025-09-23,2025-10-12,,Not Started,,
PT01571,2023-05-22,2023-05-27,2023-06-17,2023-06-29,Started,,
PT01572,2025-04-18,2025-04-22,2025-05-06,2025-05-16,Started,,
PT01573,2023-06-05,2023-06-12,2023-07-04,2023-07-10,Started,,
PT01574,2023-03-10,2023-03-13,2023-03-26,2023-04-08,Started,,
PT01575,2024-10-27,2024-10-31,2024-11-09,2024-11-11,Started,,
PT01576,2023-09-13,2023-09-14,2023-10-10,2023-10-18,Started,,
PT01577,2024-01-02,2024-01-04,2024-01-18,2024-01-27,Started,,
PT01578,2023-06-26,2023-06-30,2023-07-25,2023-08-03,Started,,
PT01579,2024-12-10,2024-12-14,2025-01-11,2025-01-22,Started,,
PT01580,2023-03-26,2023-03-28,2023-04-18,2023-04-22,Discontinued,2023-10-06,Patient Decision
PT01581,2025-11-27,2025-12-01,2025-12-20,2025-12-27,Started,,
PT01582,2024-03-16,2024-03-20,2024-04-10,2024-04-15,Started,,
PT01583,2024-01-20,2024-01-22,2024-02-13,2024-02-25,Started,,
PT01584,2025-04-02,2025-04-06,2025-05-06,2025-05-18,Started,,
PT01585,2023-01-27,2023-02-02,2023-03-10,2023-03-15,Started,,
PT01586,2024-02-19,2024-02-20,2024-03-22,2024-04-01,Started,,
PT01587,2024-06-27,2024-06-29,2024-07-05,,Not Started,,
PT01588,2023-02-15,2023-02-22,2023-03-08,2023-03-11,Started,,
PT01589,2025-07-01,2025-07-02,2025-07-19,2025-07-28,Started,,
PT01590,2025-10-03,2025-10-05,2025-10-29,2025-11-02,Discontinued,2026-05-23,Treatment Ineffectiveness
PT01591,2025-11-02,2025-11-06,2025-12-02,,Not Started,,
PT01592,2024-05-12,2024-05-19,2024-06-09,2024-06-23,Started,,
PT01593,2024-07-12,2024-07-14,2024-08-01,2024-08-12,Discontinued,2025-01-28,Cost / Affordability
PT01594,2023-02-06,2023-02-12,2023-03-01,2023-03-05,Started,,
PT01595,2023-03-19,2023-03-25,2023-04-09,2023-04-17,Started,,
PT01596,2024-03-06,2024-03-07,2024-03-20,2024-04-01,Started,,
PT01597,2024-11-24,2024-11-25,2024-12-07,2024-12-11,Started,,
PT01598,2023-05-24,2023-05-30,2023-06-12,2023-06-21,Started,,
PT01599,2025-04-16,2025-04-19,2025-05-07,2025-05-10,Started,,
PT01600,2024-11-22,2024-11-28,2024-12-13,2024-12-19,Started,,
PT01601,2024-06-05,2024-06-09,2024-06-25,2024-07-08,Started,,
PT01602,2023-04-28,2023-05-04,2023-05-22,2023-05-26,Started,,
PT01603,2023-07-18,2023-07-25,2023-08-10,2023-08-20,Started,,
PT01604,2025-12-18,2025-12-21,2026-01-11,2026-01-19,Started,,
PT01605,2023-09-13,2023-09-14,2023-09-27,2023-10-08,Started,,
PT01606,2025-04-03,2025-04-04,2025-04-13,2025-04-20,Started,,
PT01607,2025-11-06,2025-11-08,2025-11-24,2025-11-29,Started,,
PT01608,2024-03-06,2024-03-11,2024-03-26,2024-04-04,Started,,
PT01609,2025-06-18,2025-06-25,2025-07-15,,Not Started,,
PT01610,2025-10-30,2025-10-31,2025-11-04,2025-11-16,Started,,
PT01611,2024-08-05,2024-08-11,2024-08-23,2024-08-29,Started,,
PT01612,2025-02-19,2025-02-23,2025-03-17,2025-03-22,Started,,
PT01613,2025-05-14,2025-05-16,2025-06-06,2025-06-12,Started,,
PT01614,2023-12-25,2023-12-30,2024-01-12,2024-01-16,Discontinued,2024-07-03,Adverse Event
PT01615,2024-04-08,2024-04-15,2024-04-28,2024-05-03,Started,,
PT01616,2025-05-21,2025-05-22,2025-06-06,2025-06-08,Started,,
PT01617,2024-12-05,2024-12-10,2024-12-16,2024-12-19,Started,,
PT01618,2025-03-09,2025-03-13,2025-03-18,2025-03-20,Started,,
PT01619,2024-03-01,2024-03-02,2024-03-24,2024-03-29,Started,,
PT01620,2024-04-14,2024-04-20,2024-05-04,2024-05-12,Started,,
PT01621,2024-07-29,2024-08-02,2024-08-07,2024-08-16,Started,,
PT01622,2024-02-10,2024-02-13,2024-03-07,2024-03-10,Started,,
PT01623,2025-04-14,2025-04-16,2025-04-27,2025-05-05,Started,,
PT01624,2024-12-15,2024-12-21,2025-01-01,2025-01-12,Discontinued,2025-05-04,Access Issue
PT01625,2023-11-03,2023-11-05,2023-11-18,2023-11-26,Started,,
PT01626,2023-10-28,2023-10-31,2023-11-17,2023-11-26,Started,,
PT01627,2024-05-12,2024-05-19,2024-06-05,2024-06-14,Started,,
PT01628,2023-12-26,2023-12-28,2024-01-08,2024-01-13,Started,,
PT01629,2024-01-21,2024-01-25,2024-02-11,2024-02-25,Started,,
PT01630,2025-02-11,2025-02-15,2025-03-02,2025-03-12,Started,,
PT01631,2025-09-11,2025-09-14,2025-09-28,2025-10-09,Started,,
PT01632,2023-02-27,2023-03-01,2023-03-22,2023-04-02,Started,,
PT01633,2025-06-17,2025-06-20,2025-06-25,2025-06-27,Started,,
PT01634,2024-08-27,2024-09-01,2024-09-13,2024-09-26,Started,,
PT01635,2023-03-07,2023-03-12,2023-03-26,2023-04-05,Started,,
PT01636,2025-05-05,2025-05-07,2025-05-22,2025-05-31,Started,,
PT01637,2023-03-20,2023-03-27,2023-04-14,2023-04-28,Started,,
PT01638,2025-05-04,2025-05-10,2025-05-22,2025-05-31,Discontinued,2025-11-05,Treatment Ineffectiveness
PT01639,2024-06-05,2024-06-07,2024-06-30,,Not Started,,
PT01640,2025-10-04,2025-10-08,2025-10-22,2025-11-02,Started,,
PT01641,2023-02-24,2023-03-03,2023-03-25,2023-03-31,Started,,
PT01642,2025-01-21,2025-01-26,2025-02-10,2025-02-21,Started,,
PT01643,2024-11-19,2024-11-24,2024-12-02,2024-12-15,Started,,
PT01644,2023-12-14,2023-12-15,2023-12-26,2024-01-01,Started,,
PT01645,2025-08-12,2025-08-16,2025-09-03,2025-09-10,Started,,
PT01646,2024-09-30,2024-10-04,2024-10-16,2024-10-21,Started,,
PT01647,2024-04-14,2024-04-18,2024-04-29,2024-05-09,Started,,
PT01648,2025-01-31,2025-02-01,2025-02-17,2025-03-01,Started,,
PT01649,2025-04-11,2025-04-14,2025-05-05,2025-05-16,Started,,
PT01650,2025-12-28,2025-12-29,2026-01-22,2026-01-31,Started,,
PT01651,2025-10-03,2025-10-04,2025-10-25,2025-10-31,Started,,
PT01652,2024-05-04,2024-05-08,2024-05-27,2024-06-04,Started,,
PT01653,2023-06-02,2023-06-09,2023-06-27,2023-06-30,Started,,
PT01654,2024-05-14,2024-05-20,2024-05-28,2024-05-31,Started,,
PT01655,2023-09-09,2023-09-16,2023-10-06,2023-10-19,Started,,
PT01656,2024-12-23,2024-12-28,2025-01-10,2025-01-18,Started,,
PT01657,2024-07-17,2024-07-20,2024-08-01,2024-08-14,Started,,
PT01658,2023-11-17,2023-11-18,2023-12-11,,Not Started,,
PT01659,2024-11-06,2024-11-12,2024-11-29,2024-12-12,Started,,
PT01660,2023-05-05,2023-05-09,2023-05-24,2023-06-07,Started,,
PT01661,2025-05-19,2025-05-21,2025-06-05,2025-06-14,Started,,
PT01662,2025-01-07,2025-01-10,2025-01-24,2025-02-06,Started,,
PT01663,2025-08-16,2025-08-22,2025-09-14,2025-09-23,Started,,
PT01664,2025-09-20,2025-09-24,2025-10-15,2025-10-27,Started,,
PT01665,2025-03-24,2025-03-28,2025-04-13,,Not Started,,
PT01666,2025-06-30,2025-07-02,2025-07-16,2025-07-20,Started,,
PT01667,2024-01-22,2024-01-24,2024-02-16,2024-02-28,Discontinued,2024-06-03,Treatment Ineffectiveness
PT01668,2025-08-20,2025-08-26,2025-09-11,2025-09-24,Started,,
PT01669,2023-05-29,2023-06-01,2023-06-20,2023-06-24,Discontinued,2023-08-09,Cost / Affordability
PT01670,2024-11-28,2024-12-02,2024-12-16,2024-12-26,Started,,
PT01671,2023-01-06,2023-01-09,2023-01-15,2023-01-27,Started,,
PT01672,2025-04-17,2025-04-22,2025-05-07,2025-05-19,Started,,
PT01673,2023-01-22,2023-01-25,2023-02-12,2023-02-19,Started,,
PT01674,2023-07-26,2023-07-27,2023-08-06,2023-08-17,Started,,
PT01675,2025-05-04,2025-05-11,2025-06-03,2025-06-15,Started,,
PT01676,2024-03-17,2024-03-20,2024-04-08,2024-04-15,Started,,
PT01677,2023-09-01,2023-09-04,2023-09-18,2023-09-22,Discontinued,2024-04-21,Patient Decision
PT01678,2025-08-26,2025-08-30,2025-09-26,2025-10-05,Started,,
PT01679,2025-12-14,2025-12-18,2025-12-26,2026-01-03,Started,,
PT01680,2023-02-16,2023-02-20,2023-03-15,,Not Started,,
PT01681,2023-10-13,2023-10-17,2023-11-05,2023-11-19,Started,,
PT01682,2024-02-16,2024-02-23,2024-03-22,2024-03-28,Started,,
PT01683,2023-12-31,2024-01-05,2024-01-14,2024-01-28,Started,,
PT01684,2024-08-24,2024-08-31,2024-09-13,2024-09-20,Started,,
PT01685,2025-03-07,2025-03-09,2025-03-25,2025-04-03,Started,,
PT01686,2023-10-28,2023-11-01,2023-11-17,,Not Started,,
PT01687,2025-12-26,2025-12-27,2026-01-03,2026-01-09,Started,,
PT01688,2025-12-02,2025-12-03,2025-12-16,2025-12-23,Started,,
PT01689,2025-01-29,2025-02-02,2025-03-06,2025-03-16,Discontinued,2025-09-23,Cost / Affordability
PT01690,2025-06-22,2025-06-24,2025-07-15,2025-07-19,Started,,
PT01691,2025-12-03,2025-12-06,2025-12-22,2025-12-28,Started,,
PT01692,2024-01-03,2024-01-08,2024-02-03,2024-02-09,Started,,
PT01693,2024-06-02,2024-06-03,2024-06-24,2024-07-02,Started,,
PT01694,2023-10-15,2023-10-18,2023-10-28,2023-11-07,Started,,
PT01695,2024-07-18,2024-07-22,2024-08-10,2024-08-13,Started,,
PT01696,2025-05-30,2025-05-31,2025-06-12,2025-06-20,Discontinued,2025-09-16,Treatment Ineffectiveness
PT01697,2024-08-23,2024-08-28,2024-09-05,2024-09-08,Started,,
PT01698,2023-10-10,2023-10-15,2023-11-01,2023-11-05,Started,,
PT01699,2025-04-13,2025-04-20,2025-05-14,,Not Started,,
PT01700,2025-08-08,2025-08-15,2025-08-20,2025-08-31,Started,,
PT01701,2023-11-13,2023-11-19,2023-12-04,2023-12-13,Started,,
PT01702,2025-02-16,2025-02-17,2025-02-28,2025-03-14,Started,,
PT01703,2025-02-18,2025-02-21,2025-03-07,2025-03-16,Started,,
PT01704,2024-08-13,2024-08-20,2024-09-07,2024-09-12,Started,,
PT01705,2023-08-22,2023-08-24,2023-08-28,2023-09-02,Started,,
PT01706,2023-08-29,2023-09-03,2023-09-26,2023-10-06,Started,,
PT01707,2024-04-12,2024-04-18,2024-05-14,2024-05-18,Started,,
PT01708,2025-08-12,2025-08-18,2025-09-15,,Not Started,,
PT01709,2025-02-04,2025-02-11,2025-02-22,2025-03-06,Started,,
PT01710,2025-11-12,2025-11-19,2025-12-05,2025-12-18,Started,,
PT01711,2023-10-22,2023-10-23,2023-11-09,2023-11-19,Started,,
PT01712,2023-08-19,2023-08-24,2023-09-13,,Not Started,,
PT01713,2024-02-05,2024-02-10,2024-02-29,2024-03-07,Started,,
PT01714,2023-09-16,2023-09-22,2023-10-15,2023-10-23,Discontinued,2024-05-09,Access Issue
PT01715,2024-09-22,2024-09-26,2024-10-12,2024-10-23,Started,,
PT01716,2024-12-27,2024-12-31,2025-01-26,2025-02-01,Started,,
PT01717,2023-02-06,2023-02-08,2023-02-26,,Not Started,,
PT01718,2024-08-23,2024-08-30,2024-09-11,2024-09-21,Started,,
PT01719,2025-06-28,2025-07-03,2025-07-17,2025-07-28,Discontinued,2026-02-18,Cost / Affordability
PT01720,2023-10-11,2023-10-17,2023-11-02,,Not Started,,
PT01721,2024-10-07,2024-10-09,2024-10-17,2024-10-22,Started,,
PT01722,2025-03-20,2025-03-22,2025-04-13,2025-04-17,Started,,
PT01723,2025-03-14,2025-03-15,2025-04-12,2025-04-20,Started,,
PT01724,2023-08-10,2023-08-14,2023-08-28,2023-09-11,Started,,
PT01725,2024-11-13,2024-11-18,2024-11-28,2024-12-05,Started,,
PT01726,2024-05-11,2024-05-16,2024-05-19,2024-05-25,Started,,
PT01727,2025-09-27,2025-10-04,2025-10-10,2025-10-12,Started,,
PT01728,2024-01-15,2024-01-20,2024-02-07,2024-02-12,Started,,
PT01729,2024-06-11,2024-06-18,2024-07-13,2024-07-18,Started,,
PT01730,2024-05-18,2024-05-22,2024-06-09,2024-06-14,Discontinued,2024-11-24,Adverse Event
PT01731,2025-01-05,2025-01-06,2025-01-26,2025-02-07,Started,,
PT01732,2025-03-14,2025-03-17,2025-04-09,2025-04-13,Discontinued,2025-10-11,Treatment Ineffectiveness
PT01733,2023-05-13,2023-05-19,2023-06-16,2023-06-26,Started,,
PT01734,2024-09-15,2024-09-22,2024-10-16,2024-10-21,Started,,
PT01735,2023-04-15,2023-04-19,2023-05-02,2023-05-06,Started,,
PT01736,2025-02-09,2025-02-13,2025-03-02,2025-03-04,Started,,
PT01737,2023-02-08,2023-02-15,2023-02-24,2023-03-02,Started,,
PT01738,2025-07-19,2025-07-22,2025-08-04,2025-08-10,Started,,
PT01739,2025-12-11,2025-12-17,2026-01-06,2026-01-08,Started,,
PT01740,2025-05-30,2025-05-31,2025-06-13,2025-06-19,Started,,
PT01741,2023-04-21,2023-04-22,2023-05-08,2023-05-17,Started,,
PT01742,2024-08-20,2024-08-26,2024-09-12,2024-09-21,Started,,
PT01743,2025-05-16,2025-05-17,2025-05-31,2025-06-13,Discontinued,2025-12-24,Treatment Ineffectiveness
PT01744,2024-02-24,2024-03-02,2024-03-27,2024-04-04,Started,,
PT01745,2024-02-16,2024-02-21,2024-03-14,2024-03-25,Started,,
PT01746,2025-03-16,2025-03-17,2025-04-07,2025-04-10,Started,,
PT01747,2025-05-20,2025-05-24,2025-06-07,2025-06-09,Started,,
PT01748,2023-03-20,2023-03-26,2023-04-29,,Not Started,,
PT01749,2024-01-08,2024-01-09,2024-02-10,,Not Started,,
PT01750,2024-01-15,2024-01-18,2024-02-01,2024-02-14,Started,,
PT01751,2023-07-24,2023-07-29,2023-08-17,2023-08-28,Started,,
PT01752,2025-05-15,2025-05-18,2025-06-08,,Not Started,,
PT01753,2025-09-15,2025-09-18,2025-10-08,2025-10-13,Started,,
PT01754,2024-07-02,2024-07-06,2024-07-24,2024-08-01,Discontinued,2024-12-03,Adverse Event
PT01755,2025-11-08,2025-11-12,2025-11-18,2025-11-21,Started,,
PT01756,2025-05-11,2025-05-18,2025-06-05,2025-06-10,Started,,
PT01757,2025-02-20,2025-02-21,2025-03-02,2025-03-04,Started,,
PT01758,2024-08-18,2024-08-20,2024-09-08,2024-09-12,Started,,
PT01759,2024-10-02,2024-10-03,2024-10-16,2024-10-20,Started,,
PT01760,2023-01-21,2023-01-28,2023-02-04,2023-02-14,Started,,
PT01761,2025-07-22,2025-07-25,2025-07-31,2025-08-04,Started,,
PT01762,2025-03-23,2025-03-25,2025-04-23,2025-05-03,Started,,
PT01763,2023-06-24,2023-06-28,2023-07-13,2023-07-23,Discontinued,2024-02-26,Cost / Affordability
PT01764,2024-10-26,2024-10-29,2024-11-07,2024-11-15,Discontinued,2025-04-15,Adverse Event
PT01765,2025-04-27,2025-05-01,2025-05-17,,Not Started,,
PT01766,2024-02-14,2024-02-17,2024-02-23,2024-03-02,Started,,
PT01767,2025-08-10,2025-08-15,2025-09-11,2025-09-13,Started,,
PT01768,2024-10-18,2024-10-25,2024-11-08,2024-11-21,Started,,
PT01769,2025-02-08,2025-02-14,2025-02-27,2025-03-07,Started,,
PT01770,2023-10-12,2023-10-18,2023-10-27,2023-11-07,Started,,
PT01771,2025-04-13,2025-04-14,2025-05-10,2025-05-14,Started,,
PT01772,2024-04-19,2024-04-24,2024-05-17,2024-05-26,Discontinued,2024-07-17,Adverse Event
PT01773,2024-03-30,2024-04-04,2024-04-12,2024-04-14,Started,,
PT01774,2025-10-02,2025-10-07,2025-10-23,2025-11-02,Started,,
PT01775,2025-09-26,2025-09-29,2025-10-11,2025-10-15,Started,,
PT01776,2025-11-04,2025-11-07,2025-12-08,2025-12-10,Started,,
PT01777,2023-01-13,2023-01-19,2023-02-07,2023-02-10,Started,,
PT01778,2024-03-25,2024-03-28,2024-04-17,2024-04-26,Started,,
PT01779,2025-07-05,2025-07-08,2025-08-05,2025-08-13,Started,,
PT01780,2025-01-17,2025-01-24,2025-02-08,,Not Started,,
PT01781,2023-06-18,2023-06-23,2023-07-07,2023-07-19,Started,,
PT01782,2023-12-06,2023-12-11,2024-01-07,2024-01-19,Started,,
PT01783,2025-04-02,2025-04-04,2025-04-17,,Not Started,,
PT01784,2024-06-19,2024-06-20,2024-07-09,2024-07-15,Started,,
PT01785,2024-08-10,2024-08-11,2024-08-29,2024-09-09,Started,,
PT01786,2025-01-10,2025-01-13,2025-01-19,2025-01-25,Discontinued,2025-05-08,Treatment Ineffectiveness
PT01787,2025-03-12,2025-03-16,2025-04-02,2025-04-04,Discontinued,2025-06-22,Adverse Event
PT01788,2024-05-25,2024-05-31,2024-06-14,,Not Started,,
PT01789,2025-10-12,2025-10-18,2025-11-06,2025-11-10,Started,,
PT01790,2025-09-08,2025-09-09,2025-09-17,2025-09-28,Started,,
PT01791,2024-11-29,2024-12-03,2024-12-26,2025-01-03,Discontinued,2025-08-09,Treatment Ineffectiveness
PT01792,2023-04-20,2023-04-26,2023-05-04,2023-05-11,Started,,
PT01793,2025-12-25,2025-12-28,2026-01-19,2026-01-30,Started,,
PT01794,2024-03-03,2024-03-10,2024-03-28,2024-03-30,Started,,
PT01795,2024-08-29,2024-08-30,2024-09-16,2024-09-26,Started,,
PT01796,2024-10-30,2024-11-03,2024-11-23,2024-11-26,Started,,
PT01797,2024-04-15,2024-04-22,2024-05-11,2024-05-24,Started,,
PT01798,2025-11-04,2025-11-05,2025-11-13,,Not Started,,
PT01799,2025-05-01,2025-05-08,2025-05-22,2025-06-01,Started,,
PT01800,2024-08-29,2024-09-05,2024-09-23,2024-09-30,Started,,
PT01801,2023-06-22,2023-06-23,2023-07-16,2023-07-20,Started,,
PT01802,2025-09-30,2025-10-01,2025-10-12,2025-10-18,Started,,
PT01803,2023-06-08,2023-06-12,2023-07-05,2023-07-15,Discontinued,2023-11-20,Adverse Event
PT01804,2025-11-01,2025-11-02,2025-11-17,,Not Started,,
PT01805,2025-07-27,2025-08-02,2025-08-09,2025-08-16,Started,,
PT01806,2024-01-08,2024-01-13,2024-02-06,2024-02-19,Started,,
PT01807,2025-04-02,2025-04-09,2025-04-19,2025-04-21,Started,,
PT01808,2024-03-28,2024-04-04,2024-04-14,2024-04-22,Started,,
PT01809,2023-07-29,2023-08-03,2023-08-23,2023-09-04,Started,,
PT01810,2025-02-15,2025-02-20,2025-03-05,2025-03-11,Started,,
PT01811,2025-11-29,2025-12-06,2026-01-01,2026-01-09,Started,,
PT01812,2024-05-23,2024-05-24,2024-06-05,2024-06-09,Started,,
PT01813,2025-02-12,2025-02-17,2025-02-24,2025-03-08,Started,,
PT01814,2024-01-30,2024-02-01,2024-02-13,2024-02-23,Started,,
PT01815,2023-09-14,2023-09-19,2023-10-07,2023-10-21,Started,,
PT01816,2023-12-07,2023-12-14,2024-01-05,,Not Started,,
PT01817,2025-03-23,2025-03-29,2025-04-25,2025-04-30,Started,,
PT01818,2025-11-10,2025-11-17,2025-12-09,2025-12-17,Started,,
PT01819,2023-02-25,2023-03-02,2023-03-16,2023-03-29,Started,,
PT01820,2025-11-27,2025-12-01,2025-12-30,2026-01-11,Started,,
PT01821,2024-10-06,2024-10-12,2024-11-05,,Not Started,,
PT01822,2025-01-31,2025-02-07,2025-02-27,2025-03-08,Started,,
PT01823,2023-04-21,2023-04-22,2023-04-26,,Not Started,,
PT01824,2024-06-05,2024-06-06,2024-06-23,2024-07-03,Started,,
PT01825,2023-09-29,2023-10-02,2023-10-20,2023-10-22,Started,,
PT01826,2023-02-28,2023-03-07,2023-04-04,2023-04-18,Started,,
PT01827,2024-09-18,2024-09-23,2024-10-12,2024-10-25,Started,,
PT01828,2024-11-22,2024-11-28,2024-12-12,2024-12-18,Started,,
PT01829,2024-05-30,2024-06-03,2024-06-21,2024-07-05,Started,,
PT01830,2024-11-10,2024-11-14,2024-11-30,2024-12-08,Started,,
PT01831,2025-09-18,2025-09-21,2025-09-24,2025-09-30,Started,,
PT01832,2023-03-14,2023-03-20,2023-04-05,2023-04-16,Started,,
PT01833,2024-12-02,2024-12-03,2024-12-24,2025-01-06,Started,,
PT01834,2024-12-21,2024-12-26,2025-01-11,2025-01-14,Started,,
PT01835,2023-12-15,2023-12-16,2023-12-30,2024-01-13,Started,,
PT01836,2023-03-15,2023-03-20,2023-03-30,2023-04-13,Started,,
PT01837,2024-06-01,2024-06-02,2024-06-08,2024-06-17,Started,,
PT01838,2024-09-06,2024-09-07,2024-09-25,2024-09-29,Started,,
PT01839,2024-01-31,2024-02-02,2024-02-25,2024-03-01,Started,,
PT01840,2023-11-17,2023-11-23,2023-12-06,2023-12-13,Started,,
PT01841,2023-04-05,2023-04-06,2023-04-28,2023-05-04,Started,,
PT01842,2024-12-27,2024-12-30,2025-01-20,2025-01-24,Started,,
PT01843,2023-09-17,2023-09-22,2023-10-10,2023-10-12,Started,,
PT01844,2024-09-25,2024-10-01,2024-10-18,2024-10-22,Started,,
PT01845,2025-02-24,2025-03-02,2025-03-21,2025-04-03,Discontinued,2025-11-23,Patient Decision
PT01846,2025-06-13,2025-06-15,2025-06-28,2025-07-08,Started,,
PT01847,2023-05-16,2023-05-18,2023-05-28,2023-06-11,Started,,
PT01848,2023-03-15,2023-03-16,2023-04-04,,Not Started,,
PT01849,2023-01-19,2023-01-24,2023-02-07,2023-02-20,Started,,
PT01850,2023-12-14,2023-12-18,2023-12-31,2024-01-04,Started,,
PT01851,2023-01-24,2023-01-30,2023-02-06,2023-02-19,Started,,
PT01852,2025-08-12,2025-08-14,2025-09-06,2025-09-08,Started,,
PT01853,2025-12-16,2025-12-18,2026-01-03,,Not Started,,
PT01854,2025-06-22,2025-06-27,2025-07-03,2025-07-09,Started,,
PT01855,2025-11-04,2025-11-09,2025-12-07,,Not Started,,
PT01856,2024-03-27,2024-04-02,2024-04-14,2024-04-27,Discontinued,2024-11-10,Patient Decision
PT01857,2024-05-09,2024-05-10,2024-05-29,2024-06-06,Started,,
PT01858,2024-06-23,2024-06-27,2024-07-15,,Not Started,,
PT01859,2024-12-11,2024-12-12,2024-12-29,2025-01-06,Started,,
PT01860,2023-11-13,2023-11-19,2023-12-01,2023-12-15,Started,,
PT01861,2025-01-24,2025-01-29,2025-02-05,2025-02-16,Started,,
PT01862,2024-07-01,2024-07-04,2024-07-18,2024-07-24,Started,,
PT01863,2024-10-19,2024-10-20,2024-11-12,2024-11-21,Started,,
PT01864,2023-10-21,2023-10-26,2023-11-08,2023-11-17,Started,,
PT01865,2023-03-29,2023-04-03,2023-05-01,2023-05-08,Discontinued,2023-10-07,Access Issue
PT01866,2025-06-29,2025-07-03,2025-07-13,2025-07-23,Started,,
PT01867,2024-01-23,2024-01-30,2024-02-17,2024-02-27,Started,,
PT01868,2025-02-18,2025-02-20,2025-03-11,2025-03-15,Started,,
PT01869,2024-08-30,2024-09-03,2024-09-20,2024-09-23,Started,,
PT01870,2025-07-15,2025-07-17,2025-08-04,2025-08-17,Started,,
PT01871,2023-03-28,2023-03-29,2023-04-13,2023-04-15,Started,,
PT01872,2025-08-18,2025-08-22,2025-09-13,2025-09-16,Started,,
PT01873,2023-05-10,2023-05-11,2023-05-26,2023-05-30,Started,,
PT01874,2025-02-03,2025-02-05,2025-02-12,2025-02-15,Started,,
PT01875,2023-12-06,2023-12-13,2024-01-04,2024-01-06,Discontinued,2024-08-05,Patient Decision
PT01876,2023-11-21,2023-11-26,2023-12-17,2023-12-25,Discontinued,2024-04-11,Access Issue
PT01877,2024-01-06,2024-01-07,2024-02-01,2024-02-13,Started,,
PT01878,2023-02-19,2023-02-24,2023-03-05,2023-03-13,Started,,
PT01879,2024-09-03,2024-09-09,2024-09-22,,Not Started,,
PT01880,2024-11-15,2024-11-21,2024-12-03,2024-12-15,Started,,
PT01881,2025-10-19,2025-10-23,2025-11-08,,Not Started,,
PT01882,2023-12-16,2023-12-22,2024-01-01,2024-01-03,Started,,
PT01883,2024-02-09,2024-02-12,2024-03-09,2024-03-11,Started,,
PT01884,2024-06-06,2024-06-07,2024-06-26,2024-07-01,Started,,
PT01885,2024-10-29,2024-10-30,2024-11-10,2024-11-18,Started,,
PT01886,2025-10-20,2025-10-23,2025-11-04,2025-11-16,Started,,
PT01887,2024-05-18,2024-05-21,2024-06-05,2024-06-12,Started,,
PT01888,2023-08-31,2023-09-02,2023-09-20,2023-09-27,Discontinued,2024-01-03,Access Issue
PT01889,2024-11-21,2024-11-22,2024-12-19,2024-12-31,Started,,
PT01890,2023-04-22,2023-04-24,2023-05-05,2023-05-17,Started,,
PT01891,2023-02-11,2023-02-13,2023-03-08,,Not Started,,
PT01892,2025-12-02,2025-12-06,2025-12-18,,Not Started,,
PT01893,2025-07-24,2025-07-28,2025-08-15,2025-08-20,Discontinued,2025-12-05,Adverse Event
PT01894,2023-09-22,2023-09-25,2023-10-06,2023-10-19,Started,,
PT01895,2025-08-26,2025-08-31,2025-09-17,2025-09-25,Started,,
PT01896,2023-08-11,2023-08-16,2023-09-08,2023-09-18,Started,,
PT01897,2024-08-30,2024-09-03,2024-09-16,2024-09-21,Started,,
PT01898,2024-05-06,2024-05-12,2024-05-25,2024-06-05,Discontinued,2024-08-11,Adverse Event
PT01899,2023-03-30,2023-04-03,2023-04-20,2023-04-28,Started,,
PT01900,2024-05-05,2024-05-12,2024-05-21,2024-06-02,Discontinued,2024-09-01,Cost / Affordability
PT01901,2025-11-20,2025-11-25,2025-12-11,2025-12-22,Started,,
PT01902,2025-01-29,2025-02-03,2025-02-17,2025-03-02,Started,,
PT01903,2023-08-27,2023-08-28,2023-09-14,2023-09-18,Started,,
PT01904,2025-09-28,2025-10-03,2025-10-21,2025-11-01,Started,,
PT01905,2024-08-06,2024-08-07,2024-08-29,2024-09-09,Started,,
PT01906,2023-09-11,2023-09-17,2023-10-04,2023-10-11,Started,,
PT01907,2024-07-29,2024-07-30,2024-08-17,,Not Started,,
PT01908,2024-07-16,2024-07-21,2024-08-08,2024-08-12,Started,,
PT01909,2023-03-10,2023-03-14,2023-04-01,2023-04-03,Discontinued,2023-10-03,Treatment Ineffectiveness
PT01910,2024-11-20,2024-11-21,2024-12-10,,Not Started,,
PT01911,2025-08-19,2025-08-20,2025-08-26,2025-09-03,Started,,
PT01912,2025-05-27,2025-05-28,2025-06-03,2025-06-08,Discontinued,2025-09-08,Treatment Ineffectiveness
PT01913,2023-12-19,2023-12-23,2024-01-21,,Not Started,,
PT01914,2023-10-12,2023-10-16,2023-10-24,2023-10-31,Started,,
PT01915,2025-03-31,2025-04-03,2025-04-17,2025-04-27,Started,,
PT01916,2025-07-27,2025-08-01,2025-08-16,2025-08-29,Started,,
PT01917,2025-01-27,2025-01-30,2025-02-02,2025-02-12,Discontinued,2025-04-04,Access Issue
PT01918,2024-12-08,2024-12-15,2024-12-24,2025-01-06,Discontinued,2025-06-28,Access Issue
PT01919,2025-12-08,2025-12-13,2026-01-04,,Not Started,,
PT01920,2024-11-13,2024-11-18,2024-12-08,2024-12-10,Started,,
PT01921,2024-09-04,2024-09-06,2024-10-01,2024-10-06,Started,,
PT01922,2024-09-07,2024-09-10,2024-10-10,2024-10-24,Started,,
PT01923,2023-09-18,2023-09-21,2023-10-03,2023-10-09,Started,,
PT01924,2024-12-24,2024-12-25,2025-01-11,2025-01-21,Started,,
PT01925,2024-09-12,2024-09-19,2024-10-11,,Not Started,,
PT01926,2023-07-25,2023-07-29,2023-08-13,2023-08-25,Started,,
PT01927,2024-12-08,2024-12-09,2024-12-24,2025-01-02,Started,,
PT01928,2025-02-24,2025-03-03,2025-03-22,2025-03-24,Discontinued,2025-07-17,Access Issue
PT01929,2024-07-28,2024-08-01,2024-08-20,2024-09-02,Discontinued,2025-04-02,Cost / Affordability
PT01930,2024-09-18,2024-09-20,2024-10-13,,Not Started,,
PT01931,2023-01-31,2023-02-03,2023-02-19,2023-02-24,Started,,
PT01932,2023-10-14,2023-10-18,2023-11-05,2023-11-17,Started,,
PT01933,2023-04-08,2023-04-12,2023-05-03,2023-05-16,Started,,
PT01934,2024-03-25,2024-03-26,2024-04-16,2024-04-26,Started,,
PT01935,2024-09-15,2024-09-21,2024-10-26,,Not Started,,
PT01936,2025-11-10,2025-11-14,2025-11-27,2025-12-11,Started,,
PT01937,2023-08-22,2023-08-26,2023-09-08,2023-09-11,Started,,
PT01938,2024-10-11,2024-10-13,2024-10-25,2024-11-03,Started,,
PT01939,2024-07-03,2024-07-10,2024-07-29,2024-08-12,Started,,
PT01940,2023-03-03,2023-03-04,2023-03-21,2023-04-01,Started,,
PT01941,2025-11-13,2025-11-14,2025-12-11,2025-12-16,Started,,
PT01942,2025-12-18,2025-12-20,2026-01-13,2026-01-26,Started,,
PT01943,2025-07-09,2025-07-10,2025-07-25,2025-07-28,Started,,
PT01944,2024-09-26,2024-09-27,2024-10-08,2024-10-10,Started,,
PT01945,2023-05-15,2023-05-16,2023-06-11,2023-06-25,Started,,
PT01946,2024-11-23,2024-11-29,2024-12-16,2024-12-29,Started,,
PT01947,2025-10-17,2025-10-19,2025-10-31,2025-11-02,Started,,
PT01948,2023-06-22,2023-06-29,2023-07-24,2023-07-28,Started,,
PT01949,2025-03-09,2025-03-10,2025-03-30,2025-04-08,Started,,
PT01950,2023-11-09,2023-11-12,2023-11-28,2023-12-08,Discontinued,2024-07-18,Access Issue
PT01951,2023-09-14,2023-09-17,2023-10-04,2023-10-15,Discontinued,2024-03-28,Access Issue
PT01952,2025-01-23,2025-01-26,2025-02-06,2025-02-17,Discontinued,2025-09-25,Adverse Event
PT01953,2025-01-15,2025-01-17,2025-02-07,2025-02-13,Started,,
PT01954,2024-07-06,2024-07-11,2024-08-05,2024-08-17,Started,,
PT01955,2023-04-17,2023-04-23,2023-05-08,2023-05-22,Started,,
PT01956,2024-07-20,2024-07-24,2024-08-09,2024-08-13,Discontinued,2024-12-30,Access Issue
PT01957,2023-05-26,2023-06-02,2023-06-26,2023-07-10,Started,,
PT01958,2024-03-22,2024-03-28,2024-04-01,2024-04-03,Started,,
PT01959,2025-06-09,2025-06-10,2025-06-24,2025-06-30,Started,,
PT01960,2023-10-19,2023-10-25,2023-11-09,2023-11-11,Started,,
PT01961,2024-10-19,2024-10-22,2024-11-17,2024-11-20,Discontinued,2025-02-01,Patient Decision
PT01962,2025-05-05,2025-05-06,2025-05-21,,Not Started,,
PT01963,2024-08-28,2024-08-29,2024-09-05,2024-09-15,Started,,
PT01964,2024-02-02,2024-02-03,2024-02-13,2024-02-19,Started,,
PT01965,2023-11-30,2023-12-03,2023-12-22,2024-01-03,Started,,
PT01966,2025-07-29,2025-08-05,2025-08-23,,Not Started,,
PT01967,2025-08-07,2025-08-12,2025-09-03,2025-09-08,Started,,
PT01968,2023-07-18,2023-07-23,2023-08-14,2023-08-28,Started,,
PT01969,2023-05-18,2023-05-22,2023-06-22,2023-06-29,Started,,
PT01970,2024-07-31,2024-08-02,2024-08-07,2024-08-13,Started,,
PT01971,2023-05-20,2023-05-21,2023-05-27,2023-06-08,Started,,
PT01972,2023-08-13,2023-08-18,2023-08-26,2023-09-06,Started,,
PT01973,2023-07-18,2023-07-25,2023-08-20,,Not Started,,
PT01974,2025-10-20,2025-10-23,2025-11-04,2025-11-11,Started,,
PT01975,2024-01-29,2024-02-02,2024-02-16,,Not Started,,
PT01976,2024-11-26,2024-12-02,2025-01-06,2025-01-10,Started,,
PT01977,2025-11-02,2025-11-06,2025-11-23,2025-11-30,Started,,
PT01978,2025-08-09,2025-08-16,2025-08-29,2025-09-06,Started,,
PT01979,2023-08-25,2023-08-30,2023-09-21,2023-09-28,Started,,
PT01980,2025-04-20,2025-04-22,2025-05-15,,Not Started,,
PT01981,2023-08-14,2023-08-17,2023-09-04,2023-09-10,Started,,
PT01982,2025-02-07,2025-02-09,2025-03-04,,Not Started,,
PT01983,2024-08-24,2024-08-25,2024-09-09,2024-09-13,Started,,
PT01984,2025-10-15,2025-10-20,2025-11-08,,Not Started,,
PT01985,2025-10-30,2025-10-31,2025-11-16,2025-11-27,Started,,
PT01986,2024-07-07,2024-07-10,2024-07-22,2024-08-05,Started,,
PT01987,2025-10-29,2025-11-02,2025-11-17,2025-12-01,Discontinued,2026-04-24,Patient Decision
PT01988,2024-08-10,2024-08-13,2024-08-26,2024-09-07,Started,,
PT01989,2023-08-19,2023-08-25,2023-09-14,,Not Started,,
PT01990,2023-11-24,2023-11-26,2023-12-18,2023-12-24,Started,,
PT01991,2025-08-09,2025-08-12,2025-09-02,,Not Started,,
PT01992,2025-08-21,2025-08-26,2025-09-06,,Not Started,,
PT01993,2025-10-16,2025-10-19,2025-11-08,2025-11-11,Started,,
PT01994,2025-03-28,2025-03-31,2025-04-26,2025-05-02,Discontinued,2025-08-17,Patient Decision
PT01995,2023-12-12,2023-12-19,2024-01-05,2024-01-07,Started,,
PT01996,2025-09-08,2025-09-09,2025-09-19,2025-09-24,Started,,
PT01997,2025-05-30,2025-06-04,2025-06-08,2025-06-17,Started,,
PT01998,2024-08-20,2024-08-21,2024-09-08,2024-09-19,Started,,
PT01999,2023-11-14,2023-11-16,2023-11-25,2023-11-28,Discontinued,2024-04-26,Patient Decision
PT02000,2025-06-16,2025-06-21,2025-07-12,2025-07-26,Started,,
PT02001,2024-12-30,2025-01-01,2025-01-17,2025-01-30,Started,,
PT02002,2025-05-21,2025-05-27,2025-06-06,2025-06-12,Started,,
PT02003,2024-04-21,2024-04-26,2024-05-12,2024-05-26,Discontinued,2024-11-11,Patient Decision
PT02004,2024-04-03,2024-04-06,2024-04-16,2024-04-24,Discontinued,2024-07-03,Patient Decision
PT02005,2025-11-08,2025-11-12,2025-11-24,2025-12-01,Started,,
PT02006,2023-11-04,2023-11-10,2023-11-26,2023-12-08,Started,,
PT02007,2023-04-06,2023-04-10,2023-04-21,,Not Started,,
PT02008,2023-11-29,2023-12-04,2023-12-25,2024-01-08,Discontinued,2024-05-08,Patient Decision
PT02009,2024-05-28,2024-06-03,2024-06-17,2024-06-19,Started,,
PT02010,2023-03-05,2023-03-10,2023-03-13,2023-03-24,Started,,
PT02011,2023-05-21,2023-05-26,2023-06-21,2023-06-25,Started,,
PT02012,2024-08-21,2024-08-23,2024-09-01,,Not Started,,
PT02013,2024-02-05,2024-02-07,2024-02-25,2024-03-08,Started,,
PT02014,2025-04-12,2025-04-17,2025-05-12,2025-05-20,Started,,
PT02015,2025-01-19,2025-01-20,2025-01-28,,Not Started,,
PT02016,2023-09-08,2023-09-15,2023-10-08,2023-10-14,Started,,
PT02017,2025-04-15,2025-04-22,2025-05-02,2025-05-10,Started,,
PT02018,2025-09-01,2025-09-07,2025-09-18,2025-09-21,Started,,
PT02019,2024-12-02,2024-12-03,2024-12-23,2025-01-03,Started,,
PT02020,2023-05-23,2023-05-29,2023-06-11,2023-06-17,Started,,
PT02021,2025-04-24,2025-05-01,2025-05-16,2025-05-21,Discontinued,2025-07-27,Access Issue
PT02022,2025-04-16,2025-04-23,2025-05-12,2025-05-23,Started,,
PT02023,2023-09-17,2023-09-18,2023-09-26,2023-09-29,Started,,
PT02024,2025-03-02,2025-03-08,2025-04-04,2025-04-10,Started,,
PT02025,2025-09-05,2025-09-10,2025-09-27,2025-09-30,Started,,
PT02026,2023-07-11,2023-07-13,2023-07-30,2023-08-12,Discontinued,2024-04-06,Patient Decision
PT02027,2025-06-29,2025-06-30,2025-07-28,,Not Started,,
PT02028,2025-07-13,2025-07-15,2025-07-28,2025-08-06,Started,,
PT02029,2024-06-14,2024-06-15,2024-06-20,2024-06-30,Started,,
PT02030,2024-06-14,2024-06-16,2024-07-04,2024-07-06,Started,,
PT02031,2024-02-27,2024-03-04,2024-03-15,2024-03-21,Started,,
PT02032,2025-01-09,2025-01-13,2025-02-02,,Not Started,,
PT02033,2024-05-20,2024-05-24,2024-06-04,2024-06-16,Started,,
PT02034,2025-07-21,2025-07-26,2025-08-12,2025-08-22,Started,,
PT02035,2023-03-23,2023-03-29,2023-04-11,2023-04-23,Started,,
PT02036,2025-06-06,2025-06-12,2025-06-30,2025-07-13,Discontinued,2025-10-21,Treatment Ineffectiveness
PT02037,2024-04-10,2024-04-12,2024-05-06,,Not Started,,
PT02038,2025-03-05,2025-03-07,2025-03-28,,Not Started,,
PT02039,2025-02-02,2025-02-07,2025-02-26,,Not Started,,
PT02040,2025-09-04,2025-09-08,2025-09-25,2025-10-01,Started,,
PT02041,2023-11-14,2023-11-20,2023-12-01,2023-12-13,Started,,
PT02042,2023-05-12,2023-05-13,2023-06-11,,Not Started,,
PT02043,2024-12-03,2024-12-08,2025-01-11,,Not Started,,
PT02044,2024-10-17,2024-10-20,2024-11-12,2024-11-16,Discontinued,2025-04-19,Cost / Affordability
PT02045,2023-10-16,2023-10-17,2023-10-30,2023-11-04,Started,,
PT02046,2025-08-17,2025-08-24,2025-09-12,2025-09-23,Started,,
PT02047,2024-10-09,2024-10-12,2024-10-19,2024-10-27,Started,,
PT02048,2025-05-24,2025-05-30,2025-06-21,2025-06-24,Started,,
PT02049,2024-03-21,2024-03-26,2024-04-12,2024-04-24,Started,,
PT02050,2025-08-02,2025-08-07,2025-08-28,2025-08-31,Started,,
PT02051,2025-03-26,2025-03-30,2025-04-14,2025-04-23,Discontinued,2025-11-29,Adverse Event
PT02052,2024-04-02,2024-04-05,2024-04-09,2024-04-21,Started,,
PT02053,2024-01-26,2024-01-31,2024-02-18,2024-02-20,Started,,
PT02054,2024-10-27,2024-10-31,2024-11-22,,Not Started,,
PT02055,2024-06-18,2024-06-25,2024-07-24,2024-07-30,Started,,
PT02056,2023-08-26,2023-09-01,2023-10-02,,Not Started,,
PT02057,2024-10-16,2024-10-18,2024-10-28,2024-11-02,Started,,
PT02058,2025-05-04,2025-05-07,2025-05-27,2025-05-30,Started,,
PT02059,2024-09-12,2024-09-13,2024-09-26,2024-10-07,Discontinued,2025-05-14,Cost / Affordability
PT02060,2025-05-08,2025-05-15,2025-06-09,2025-06-20,Started,,
PT02061,2024-12-25,2024-12-31,2025-01-22,2025-02-05,Started,,
PT02062,2023-06-28,2023-07-01,2023-07-12,2023-07-22,Discontinued,2024-01-09,Treatment Ineffectiveness
PT02063,2025-07-18,2025-07-20,2025-08-10,2025-08-20,Started,,
PT02064,2024-02-01,2024-02-08,2024-02-23,2024-02-28,Started,,
PT02065,2023-08-30,2023-09-05,2023-09-15,2023-09-21,Started,,
PT02066,2023-03-28,2023-04-04,2023-04-12,2023-04-22,Started,,
PT02067,2023-10-23,2023-10-27,2023-11-22,2023-12-02,Started,,
PT02068,2023-09-16,2023-09-17,2023-10-04,,Not Started,,
PT02069,2023-10-17,2023-10-21,2023-11-12,2023-11-26,Started,,
PT02070,2025-09-09,2025-09-10,2025-09-28,,Not Started,,
PT02071,2024-04-12,2024-04-18,2024-05-21,2024-05-27,Started,,
PT02072,2024-03-25,2024-03-26,2024-04-04,2024-04-08,Started,,
PT02073,2025-03-09,2025-03-16,2025-03-30,2025-04-06,Started,,
PT02074,2025-06-30,2025-07-07,2025-07-26,2025-08-09,Started,,
PT02075,2024-11-21,2024-11-24,2024-11-30,2024-12-11,Started,,
PT02076,2023-12-14,2023-12-20,2024-01-14,2024-01-21,Started,,
PT02077,2024-02-16,2024-02-22,2024-03-08,2024-03-21,Discontinued,2024-06-12,Treatment Ineffectiveness
PT02078,2025-12-08,2025-12-13,2025-12-28,2026-01-06,Started,,
PT02079,2024-04-04,2024-04-08,2024-04-30,2024-05-07,Started,,
PT02080,2024-09-15,2024-09-19,2024-09-30,,Not Started,,
PT02081,2024-05-21,2024-05-28,2024-06-15,2024-06-26,Started,,
PT02082,2025-02-25,2025-03-03,2025-03-20,2025-03-30,Started,,
PT02083,2025-02-11,2025-02-12,2025-02-26,2025-02-28,Started,,
PT02084,2025-11-27,2025-12-03,2025-12-07,2025-12-14,Started,,
PT02085,2025-08-13,2025-08-17,2025-08-27,2025-09-02,Started,,
PT02086,2024-02-26,2024-02-29,2024-03-19,2024-03-24,Started,,
PT02087,2025-09-02,2025-09-05,2025-09-20,,Not Started,,
PT02088,2024-03-03,2024-03-06,2024-03-25,2024-04-05,Started,,
PT02089,2025-04-14,2025-04-15,2025-05-05,2025-05-19,Discontinued,2025-07-31,Cost / Affordability
PT02090,2023-06-22,2023-06-24,2023-07-11,2023-07-23,Discontinued,2023-12-20,Patient Decision
PT02091,2024-09-29,2024-10-01,2024-10-15,,Not Started,,
PT02092,2024-05-23,2024-05-24,2024-06-11,2024-06-21,Started,,
PT02093,2025-04-17,2025-04-21,2025-04-30,2025-05-10,Started,,
PT02094,2025-06-01,2025-06-06,2025-06-29,2025-07-08,Started,,
PT02095,2023-08-17,2023-08-21,2023-08-25,2023-09-03,Started,,
PT02096,2024-08-05,2024-08-12,2024-09-06,2024-09-14,Started,,
PT02097,2024-07-25,2024-07-30,2024-08-22,,Not Started,,
PT02098,2023-02-11,2023-02-16,2023-03-03,2023-03-05,Started,,
PT02099,2023-06-09,2023-06-10,2023-06-30,,Not Started,,
PT02100,2023-08-08,2023-08-10,2023-08-25,2023-09-01,Started,,
PT02101,2023-08-22,2023-08-24,2023-09-05,2023-09-13,Started,,
PT02102,2024-12-12,2024-12-14,2024-12-21,2024-12-25,Started,,
PT02103,2024-08-26,2024-08-29,2024-09-07,2024-09-13,Started,,
PT02104,2023-01-10,2023-01-11,2023-02-05,2023-02-15,Started,,
PT02105,2023-04-07,2023-04-13,2023-05-11,2023-05-15,Started,,
PT02106,2024-10-22,2024-10-25,2024-11-16,2024-11-27,Started,,
PT02107,2024-08-05,2024-08-09,2024-09-04,2024-09-15,Started,,
PT02108,2024-07-26,2024-07-31,2024-08-14,2024-08-27,Discontinued,2024-10-30,Treatment Ineffectiveness
PT02109,2024-03-28,2024-03-29,2024-04-13,2024-04-20,Discontinued,2024-11-03,Patient Decision
PT02110,2025-04-06,2025-04-10,2025-05-04,2025-05-12,Started,,
PT02111,2023-03-14,2023-03-21,2023-04-01,2023-04-03,Started,,
PT02112,2023-05-16,2023-05-19,2023-06-16,2023-06-20,Started,,
PT02113,2023-01-17,2023-01-21,2023-01-25,,Not Started,,
PT02114,2024-01-26,2024-01-29,2024-02-23,2024-03-04,Started,,
PT02115,2024-11-10,2024-11-11,2024-12-16,2024-12-28,Discontinued,2025-06-16,Cost / Affordability
PT02116,2024-10-19,2024-10-22,2024-11-03,2024-11-13,Started,,
PT02117,2024-11-14,2024-11-21,2024-12-02,2024-12-04,Discontinued,2025-05-18,Adverse Event
PT02118,2024-05-26,2024-05-27,2024-06-20,2024-06-29,Started,,
PT02119,2025-06-16,2025-06-20,2025-07-05,,Not Started,,
PT02120,2025-02-11,2025-02-15,2025-03-02,2025-03-13,Started,,
PT02121,2023-10-07,2023-10-09,2023-10-27,,Not Started,,
PT02122,2025-11-22,2025-11-28,2025-12-17,2025-12-28,Started,,
PT02123,2024-05-01,2024-05-02,2024-05-19,2024-06-02,Started,,
PT02124,2023-07-25,2023-07-28,2023-08-14,2023-08-21,Started,,
PT02125,2024-02-29,2024-03-07,2024-03-28,2024-04-09,Started,,
PT02126,2023-07-30,2023-08-05,2023-08-08,2023-08-12,Started,,
PT02127,2023-12-20,2023-12-26,2024-01-17,2024-01-24,Started,,
PT02128,2023-11-18,2023-11-24,2023-12-20,2023-12-24,Discontinued,2024-06-07,Adverse Event
PT02129,2024-07-20,2024-07-21,2024-08-01,2024-08-13,Started,,
PT02130,2025-12-14,2025-12-18,2026-01-04,2026-01-07,Started,,
PT02131,2024-02-24,2024-02-28,2024-03-22,2024-03-29,Started,,
PT02132,2024-09-29,2024-10-01,2024-10-06,2024-10-09,Started,,
PT02133,2024-08-22,2024-08-29,2024-09-15,2024-09-24,Started,,
PT02134,2024-08-02,2024-08-06,2024-08-28,2024-09-03,Started,,
PT02135,2025-07-28,2025-08-01,2025-08-14,2025-08-25,Started,,
PT02136,2024-05-23,2024-05-25,2024-06-09,2024-06-12,Started,,
PT02137,2024-06-29,2024-07-01,2024-07-15,2024-07-20,Started,,
PT02138,2023-06-04,2023-06-09,2023-06-24,2023-06-30,Started,,
PT02139,2023-07-06,2023-07-09,2023-07-22,2023-08-02,Started,,
PT02140,2025-07-19,2025-07-25,2025-08-20,2025-08-26,Discontinued,2025-10-20,Patient Decision
PT02141,2023-08-15,2023-08-17,2023-08-29,2023-09-08,Started,,
PT02142,2025-04-17,2025-04-24,2025-05-09,2025-05-23,Discontinued,2025-10-10,Treatment Ineffectiveness
PT02143,2023-10-31,2023-11-04,2023-11-23,2023-11-26,Started,,
PT02144,2024-10-27,2024-11-02,2024-11-23,2024-11-29,Started,,
PT02145,2025-05-28,2025-06-04,2025-06-22,2025-07-03,Started,,
PT02146,2023-01-01,2023-01-03,2023-01-28,2023-02-01,Started,,
PT02147,2024-08-05,2024-08-07,2024-08-26,2024-09-03,Started,,
PT02148,2025-04-21,2025-04-26,2025-05-11,2025-05-19,Started,,
PT02149,2024-07-22,2024-07-25,2024-08-16,2024-08-19,Started,,
PT02150,2025-04-01,2025-04-02,2025-04-15,2025-04-20,Started,,
PT02151,2024-05-02,2024-05-05,2024-05-23,2024-05-25,Started,,
PT02152,2023-04-26,2023-04-30,2023-05-11,2023-05-19,Started,,
PT02153,2024-10-25,2024-10-28,2024-11-11,2024-11-17,Started,,
PT02154,2024-03-26,2024-04-01,2024-04-20,,Not Started,,
PT02155,2023-10-31,2023-11-06,2023-11-26,2023-12-07,Started,,
PT02156,2023-06-13,2023-06-16,2023-06-24,2023-07-07,Started,,
PT02157,2023-11-02,2023-11-07,2023-11-25,2023-12-04,Started,,
PT02158,2025-04-01,2025-04-03,2025-04-22,2025-05-03,Discontinued,2025-08-06,Access Issue
PT02159,2023-04-17,2023-04-20,2023-04-28,,Not Started,,
PT02160,2025-07-04,2025-07-06,2025-07-23,2025-08-02,Started,,
PT02161,2023-01-11,2023-01-13,2023-02-03,2023-02-07,Discontinued,2023-04-18,Treatment Ineffectiveness
PT02162,2023-04-19,2023-04-20,2023-05-09,2023-05-20,Started,,
PT02163,2023-03-06,2023-03-07,2023-03-24,2023-04-04,Started,,
PT02164,2023-03-30,2023-04-01,2023-04-26,2023-04-28,Started,,
PT02165,2025-03-01,2025-03-02,2025-04-06,2025-04-14,Started,,
PT02166,2024-06-10,2024-06-17,2024-07-01,,Not Started,,
PT02167,2024-06-07,2024-06-09,2024-06-29,2024-07-07,Started,,
PT02168,2025-01-23,2025-01-25,2025-02-04,2025-02-16,Started,,
PT02169,2024-03-10,2024-03-14,2024-04-02,2024-04-09,Started,,
PT02170,2025-04-27,2025-05-01,2025-05-04,2025-05-10,Started,,
PT02171,2023-01-27,2023-02-02,2023-02-12,2023-02-25,Started,,
PT02172,2023-03-23,2023-03-28,2023-04-25,2023-05-03,Started,,
PT02173,2023-05-13,2023-05-19,2023-06-13,2023-06-19,Started,,
PT02174,2023-08-22,2023-08-23,2023-09-13,2023-09-23,Started,,
PT02175,2024-02-25,2024-03-03,2024-03-08,2024-03-20,Started,,
PT02176,2024-11-22,2024-11-25,2024-12-13,2024-12-18,Started,,
PT02177,2024-07-02,2024-07-08,2024-07-30,2024-08-06,Started,,
PT02178,2025-09-11,2025-09-18,2025-10-07,2025-10-09,Started,,
PT02179,2024-04-23,2024-04-24,2024-05-11,2024-05-24,Started,,
PT02180,2024-11-19,2024-11-26,2024-12-10,2024-12-12,Started,,
PT02181,2024-09-19,2024-09-24,2024-10-01,2024-10-08,Started,,
PT02182,2024-01-09,2024-01-11,2024-01-28,2024-01-31,Started,,
PT02183,2023-12-07,2023-12-13,2023-12-27,2024-01-02,Started,,
PT02184,2023-03-18,2023-03-24,2023-04-10,2023-04-18,Started,,
PT02185,2024-04-28,2024-05-05,2024-05-18,2024-05-21,Discontinued,2024-07-16,Adverse Event
PT02186,2023-04-19,2023-04-26,2023-05-21,2023-06-04,Started,,
PT02187,2023-08-01,2023-08-05,2023-08-30,2023-09-09,Discontinued,2024-02-24,Access Issue
PT02188,2024-05-03,2024-05-04,2024-05-26,2024-06-05,Started,,
PT02189,2024-04-20,2024-04-25,2024-05-03,2024-05-09,Started,,
PT02190,2023-10-01,2023-10-06,2023-11-01,2023-11-08,Started,,
PT02191,2023-08-12,2023-08-17,2023-09-05,2023-09-08,Started,,
PT02192,2024-04-02,2024-04-03,2024-04-23,2024-05-03,Started,,
PT02193,2023-11-17,2023-11-22,2023-12-06,2023-12-20,Started,,
PT02194,2023-03-05,2023-03-08,2023-04-03,2023-04-13,Started,,
PT02195,2025-12-19,2025-12-21,2026-01-03,2026-01-13,Started,,
PT02196,2024-04-08,2024-04-09,2024-04-23,2024-05-06,Started,,
PT02197,2023-07-09,2023-07-13,2023-07-28,2023-08-02,Started,,
PT02198,2023-08-03,2023-08-05,2023-08-28,2023-09-08,Started,,
PT02199,2024-09-10,2024-09-11,2024-09-26,2024-10-03,Started,,
PT02200,2023-07-19,2023-07-23,2023-08-16,,Not Started,,
PT02201,2025-10-11,2025-10-12,2025-10-30,2025-11-11,Started,,
PT02202,2025-01-29,2025-02-02,2025-02-25,2025-03-11,Discontinued,2025-10-29,Cost / Affordability
PT02203,2025-07-17,2025-07-18,2025-08-03,2025-08-09,Started,,
PT02204,2025-04-15,2025-04-18,2025-05-07,2025-05-11,Started,,
PT02205,2024-01-20,2024-01-25,2024-02-02,,Not Started,,
PT02206,2024-12-18,2024-12-19,2025-01-08,2025-01-15,Started,,
PT02207,2024-11-21,2024-11-22,2024-12-08,2024-12-18,Started,,
PT02208,2023-03-12,2023-03-15,2023-03-26,2023-03-28,Started,,
PT02209,2025-12-24,2025-12-26,2026-01-21,2026-01-29,Started,,
PT02210,2024-07-27,2024-07-31,2024-08-18,2024-08-29,Started,,
PT02211,2023-12-03,2023-12-08,2023-12-14,2023-12-22,Started,,
PT02212,2024-10-26,2024-11-01,2024-11-13,2024-11-17,Started,,
PT02213,2024-01-08,2024-01-09,2024-01-28,2024-02-06,Started,,
PT02214,2025-05-27,2025-05-30,2025-06-07,2025-06-10,Started,,
PT02215,2024-01-08,2024-01-15,2024-01-30,2024-02-08,Started,,
PT02216,2024-03-03,2024-03-07,2024-03-18,,Not Started,,
PT02217,2025-07-07,2025-07-12,2025-07-19,2025-07-24,Started,,
PT02218,2025-07-23,2025-07-26,2025-08-09,2025-08-14,Started,,
PT02219,2024-09-04,2024-09-08,2024-09-30,,Not Started,,
PT02220,2025-11-06,2025-11-13,2025-12-06,2025-12-11,Started,,
PT02221,2025-11-13,2025-11-15,2025-12-08,2025-12-19,Discontinued,2026-06-19,Access Issue
PT02222,2024-12-09,2024-12-15,2025-01-01,2025-01-06,Started,,
PT02223,2023-10-26,2023-10-31,2023-11-23,2023-12-01,Started,,
PT02224,2025-04-06,2025-04-08,2025-05-02,2025-05-08,Started,,
PT02225,2023-03-27,2023-04-02,2023-04-13,2023-04-24,Started,,
PT02226,2023-06-16,2023-06-23,2023-07-12,2023-07-25,Started,,
PT02227,2024-10-13,2024-10-18,2024-11-16,2024-11-24,Discontinued,2025-01-19,Cost / Affordability
PT02228,2024-08-07,2024-08-10,2024-08-30,2024-09-04,Started,,
PT02229,2024-08-09,2024-08-11,2024-09-09,2024-09-23,Started,,
PT02230,2023-02-21,2023-02-26,2023-03-21,2023-04-02,Started,,
PT02231,2023-10-30,2023-11-02,2023-11-18,2023-11-29,Started,,
PT02232,2024-05-31,2024-06-02,2024-06-28,,Not Started,,
PT02233,2023-02-22,2023-02-24,2023-03-05,2023-03-19,Started,,
PT02234,2024-12-21,2024-12-24,2025-01-16,2025-01-21,Started,,
PT02235,2024-05-25,2024-05-27,2024-06-19,2024-06-27,Discontinued,2024-10-20,Adverse Event
PT02236,2024-01-28,2024-02-04,2024-02-09,2024-02-15,Discontinued,2024-10-10,Patient Decision
PT02237,2025-02-15,2025-02-20,2025-03-16,2025-03-21,Started,,
PT02238,2024-06-13,2024-06-15,2024-07-11,2024-07-21,Started,,
PT02239,2023-11-07,2023-11-13,2023-12-14,2023-12-28,Discontinued,2024-04-10,Adverse Event
PT02240,2024-01-01,2024-01-03,2024-01-14,2024-01-24,Started,,
PT02241,2024-08-31,2024-09-02,2024-09-19,2024-10-01,Started,,
PT02242,2024-06-03,2024-06-09,2024-06-22,,Not Started,,
PT02243,2024-10-30,2024-11-03,2024-11-15,2024-11-25,Started,,
PT02244,2023-10-04,2023-10-08,2023-10-15,2023-10-27,Started,,
PT02245,2023-07-16,2023-07-18,2023-07-26,2023-08-06,Started,,
PT02246,2025-05-04,2025-05-07,2025-05-27,2025-06-03,Started,,
PT02247,2025-10-18,2025-10-21,2025-11-12,2025-11-26,Discontinued,2026-01-31,Adverse Event
PT02248,2025-08-22,2025-08-29,2025-09-14,,Not Started,,
PT02249,2023-04-21,2023-04-28,2023-05-07,2023-05-10,Started,,
PT02250,2023-01-13,2023-01-16,2023-01-23,2023-01-26,Started,,
PT02251,2023-03-17,2023-03-20,2023-04-16,2023-04-20,Started,,
PT02252,2023-12-26,2023-12-30,2024-02-03,2024-02-11,Started,,
PT02253,2023-07-23,2023-07-24,2023-08-05,2023-08-12,Discontinued,2024-03-30,Access Issue
PT02254,2023-12-22,2023-12-24,2024-01-14,2024-01-22,Discontinued,2024-08-30,Access Issue
PT02255,2025-08-22,2025-08-23,2025-09-09,2025-09-15,Started,,
PT02256,2025-11-13,2025-11-14,2025-11-25,2025-12-01,Discontinued,2026-02-07,Access Issue
PT02257,2024-03-24,2024-03-31,2024-04-25,,Not Started,,
PT02258,2025-03-10,2025-03-15,2025-03-31,2025-04-13,Discontinued,2025-08-21,Cost / Affordability
PT02259,2023-09-21,2023-09-28,2023-10-12,2023-10-14,Started,,
PT02260,2023-09-30,2023-10-06,2023-10-16,2023-10-27,Started,,
PT02261,2024-01-10,2024-01-17,2024-02-05,2024-02-19,Started,,
PT02262,2023-09-21,2023-09-26,2023-10-22,2023-11-05,Started,,
PT02263,2023-12-24,2023-12-29,2024-01-09,2024-01-21,Started,,
PT02264,2023-06-22,2023-06-26,2023-07-01,2023-07-06,Started,,
PT02265,2024-07-09,2024-07-14,2024-07-31,2024-08-04,Started,,
PT02266,2025-01-14,2025-01-16,2025-02-06,,Not Started,,
PT02267,2025-08-23,2025-08-24,2025-09-19,2025-09-30,Started,,
PT02268,2023-12-13,2023-12-20,2024-01-09,2024-01-20,Discontinued,2024-05-16,Patient Decision
PT02269,2023-01-26,2023-01-29,2023-02-07,,Not Started,,
PT02270,2024-10-12,2024-10-15,2024-11-12,2024-11-21,Started,,
PT02271,2023-02-23,2023-02-26,2023-03-13,,Not Started,,
PT02272,2023-07-22,2023-07-24,2023-08-03,2023-08-05,Started,,
PT02273,2024-06-30,2024-07-04,2024-07-19,2024-07-25,Started,,
PT02274,2023-04-16,2023-04-23,2023-05-15,,Not Started,,
PT02275,2024-04-26,2024-04-29,2024-05-20,2024-05-25,Started,,
PT02276,2023-01-12,2023-01-16,2023-01-27,2023-02-06,Started,,
PT02277,2025-02-03,2025-02-06,2025-02-19,2025-02-23,Started,,
PT02278,2025-12-12,2025-12-15,2026-01-13,2026-01-24,Started,,
PT02279,2023-01-18,2023-01-21,2023-01-26,2023-01-31,Started,,
PT02280,2024-04-23,2024-04-27,2024-05-05,2024-05-10,Started,,
PT02281,2023-11-11,2023-11-17,2023-11-25,2023-12-05,Discontinued,2024-06-16,Adverse Event
PT02282,2025-08-11,2025-08-15,2025-09-08,2025-09-17,Started,,
PT02283,2024-01-18,2024-01-25,2024-02-13,2024-02-22,Discontinued,2024-07-22,Patient Decision
PT02284,2024-12-28,2024-12-29,2025-01-16,2025-01-22,Started,,
PT02285,2025-03-07,2025-03-11,2025-03-22,2025-03-29,Started,,
PT02286,2025-10-20,2025-10-25,2025-11-18,2025-11-27,Started,,
PT02287,2025-02-26,2025-03-03,2025-03-15,2025-03-17,Started,,
PT02288,2024-08-12,2024-08-17,2024-09-09,2024-09-12,Started,,
PT02289,2023-01-08,2023-01-14,2023-01-28,2023-02-05,Discontinued,2023-03-25,Adverse Event
PT02290,2025-09-20,2025-09-24,2025-10-04,2025-10-17,Started,,
PT02291,2023-06-29,2023-07-01,2023-07-09,2023-07-16,Started,,
PT02292,2023-12-20,2023-12-27,2024-01-04,2024-01-08,Discontinued,2024-03-12,Treatment Ineffectiveness
PT02293,2023-01-05,2023-01-08,2023-01-29,2023-02-09,Started,,
PT02294,2025-05-03,2025-05-04,2025-06-01,2025-06-14,Started,,
PT02295,2023-04-08,2023-04-09,2023-04-25,2023-05-03,Started,,
PT02296,2023-05-29,2023-05-30,2023-06-14,2023-06-20,Started,,
PT02297,2024-03-21,2024-03-24,2024-04-10,2024-04-17,Started,,
PT02298,2024-03-13,2024-03-18,2024-04-09,2024-04-14,Started,,
PT02299,2024-11-16,2024-11-17,2024-12-06,2024-12-15,Started,,
PT02300,2025-09-27,2025-09-30,2025-10-22,2025-11-03,Started,,
PT02301,2025-05-24,2025-05-31,2025-06-18,2025-06-22,Discontinued,2025-10-02,Access Issue
PT02302,2023-02-05,2023-02-07,2023-03-03,2023-03-15,Discontinued,2023-07-25,Treatment Ineffectiveness
PT02303,2023-04-12,2023-04-13,2023-05-05,2023-05-17,Started,,
PT02304,2025-04-20,2025-04-24,2025-05-20,2025-05-27,Started,,
PT02305,2023-02-07,2023-02-14,2023-02-20,2023-02-25,Started,,
PT02306,2023-03-07,2023-03-08,2023-03-26,2023-03-28,Started,,
PT02307,2024-09-22,2024-09-27,2024-10-24,2024-10-31,Started,,
PT02308,2023-09-16,2023-09-17,2023-10-04,2023-10-14,Started,,
PT02309,2025-01-13,2025-01-19,2025-01-26,2025-02-06,Started,,
PT02310,2025-09-23,2025-09-30,2025-10-12,2025-10-23,Started,,
PT02311,2023-01-09,2023-01-14,2023-01-27,2023-02-04,Started,,
PT02312,2023-02-02,2023-02-03,2023-02-15,2023-02-26,Started,,
PT02313,2025-07-11,2025-07-17,2025-08-07,2025-08-21,Started,,
PT02314,2023-09-15,2023-09-17,2023-10-06,2023-10-18,Started,,
PT02315,2024-10-01,2024-10-08,2024-10-21,2024-10-24,Started,,
PT02316,2023-02-24,2023-02-27,2023-03-19,2023-03-29,Started,,
PT02317,2024-04-05,2024-04-11,2024-04-21,,Not Started,,
PT02318,2024-05-12,2024-05-15,2024-06-11,2024-06-17,Started,,
PT02319,2024-12-21,2024-12-23,2025-01-05,2025-01-10,Started,,
PT02320,2025-01-19,2025-01-25,2025-02-12,2025-02-16,Started,,
PT02321,2025-12-26,2026-01-02,2026-01-21,,Not Started,,
PT02322,2025-06-04,2025-06-10,2025-07-02,2025-07-15,Started,,
PT02323,2025-02-26,2025-03-05,2025-03-09,2025-03-23,Started,,
PT02324,2024-12-30,2025-01-01,2025-01-16,2025-01-28,Started,,
PT02325,2024-07-09,2024-07-10,2024-07-14,2024-07-25,Started,,
PT02326,2024-06-08,2024-06-14,2024-07-01,2024-07-07,Started,,
PT02327,2023-04-16,2023-04-20,2023-05-08,2023-05-16,Started,,
PT02328,2025-06-23,2025-06-24,2025-07-27,2025-08-09,Started,,
PT02329,2023-02-26,2023-03-02,2023-03-21,2023-03-31,Started,,
PT02330,2025-11-12,2025-11-14,2025-11-19,2025-12-03,Started,,
PT02331,2023-09-25,2023-09-27,2023-10-05,2023-10-15,Started,,
PT02332,2023-04-17,2023-04-20,2023-05-10,,Not Started,,
PT02333,2025-01-09,2025-01-14,2025-02-04,2025-02-09,Started,,
PT02334,2025-03-14,2025-03-15,2025-04-05,,Not Started,,
PT02335,2023-02-15,2023-02-21,2023-02-26,2023-03-09,Started,,
PT02336,2023-08-20,2023-08-23,2023-08-30,2023-09-06,Started,,
PT02337,2024-07-08,2024-07-14,2024-08-01,,Not Started,,
PT02338,2024-04-26,2024-05-03,2024-05-11,2024-05-20,Discontinued,2024-09-30,Cost / Affordability
PT02339,2024-04-15,2024-04-17,2024-05-09,2024-05-17,Started,,
PT02340,2023-12-10,2023-12-16,2024-01-05,2024-01-12,Started,,
PT02341,2024-03-29,2024-04-05,2024-04-28,2024-05-02,Started,,
PT02342,2025-04-03,2025-04-05,2025-04-28,2025-05-12,Started,,
PT02343,2024-10-03,2024-10-06,2024-10-15,2024-10-17,Started,,
PT02344,2025-01-03,2025-01-05,2025-01-23,2025-01-31,Started,,
PT02345,2023-06-22,2023-06-29,2023-07-21,2023-07-27,Started,,
PT02346,2024-07-14,2024-07-16,2024-08-18,2024-08-22,Started,,
PT02347,2025-08-03,2025-08-09,2025-08-29,2025-09-05,Discontinued,2026-05-02,Patient Decision
PT02348,2025-12-15,2025-12-16,2025-12-19,2025-12-29,Started,,
PT02349,2025-05-12,2025-05-14,2025-05-17,2025-05-27,Started,,
PT02350,2025-06-18,2025-06-21,2025-07-06,2025-07-08,Started,,
PT02351,2023-07-30,2023-08-03,2023-08-24,2023-09-05,Started,,
PT02352,2025-06-19,2025-06-26,2025-07-12,2025-07-24,Started,,
PT02353,2025-08-25,2025-08-26,2025-09-22,2025-10-01,Started,,
PT02354,2023-08-22,2023-08-24,2023-09-08,2023-09-17,Started,,
PT02355,2025-03-17,2025-03-18,2025-04-10,,Not Started,,
PT02356,2025-06-25,2025-06-29,2025-07-24,2025-07-30,Started,,
PT02357,2025-11-24,2025-11-26,2025-12-17,2025-12-22,Started,,
PT02358,2023-10-01,2023-10-06,2023-10-29,2023-11-01,Started,,
PT02359,2024-07-23,2024-07-27,2024-08-17,2024-08-21,Started,,
PT02360,2025-06-09,2025-06-15,2025-07-04,2025-07-17,Started,,
PT02361,2024-09-19,2024-09-22,2024-10-09,2024-10-20,Started,,
PT02362,2024-01-06,2024-01-08,2024-01-22,2024-01-27,Started,,
PT02363,2023-09-16,2023-09-17,2023-10-01,,Not Started,,
PT02364,2024-09-17,2024-09-19,2024-10-08,2024-10-16,Discontinued,2025-04-24,Patient Decision
PT02365,2025-02-20,2025-02-27,2025-03-18,2025-03-28,Started,,
PT02366,2024-10-17,2024-10-22,2024-11-13,2024-11-25,Started,,
PT02367,2023-06-13,2023-06-19,2023-07-08,2023-07-21,Started,,
PT02368,2023-12-06,2023-12-13,2024-01-06,2024-01-18,Discontinued,2024-06-14,Patient Decision
PT02369,2025-04-02,2025-04-04,2025-04-24,2025-05-01,Started,,
PT02370,2025-08-01,2025-08-04,2025-08-22,,Not Started,,
PT02371,2023-12-01,2023-12-03,2023-12-29,,Not Started,,
PT02372,2023-09-15,2023-09-17,2023-10-10,2023-10-23,Started,,
PT02373,2023-11-01,2023-11-06,2023-11-22,2023-11-27,Started,,
PT02374,2023-04-01,2023-04-08,2023-04-21,2023-05-04,Started,,
PT02375,2023-01-18,2023-01-22,2023-02-04,,Not Started,,
PT02376,2024-08-21,2024-08-27,2024-09-13,2024-09-18,Started,,
PT02377,2025-04-12,2025-04-14,2025-04-25,2025-04-28,Discontinued,2025-11-10,Cost / Affordability
PT02378,2025-03-25,2025-03-27,2025-04-11,2025-04-14,Started,,
PT02379,2023-08-21,2023-08-26,2023-09-17,2023-09-25,Started,,
PT02380,2023-03-19,2023-03-25,2023-04-04,2023-04-13,Discontinued,2023-06-16,Patient Decision
PT02381,2024-06-19,2024-06-24,2024-07-14,2024-07-27,Started,,
PT02382,2023-02-09,2023-02-15,2023-03-02,2023-03-13,Started,,
PT02383,2024-06-09,2024-06-10,2024-06-25,2024-07-05,Started,,
PT02384,2023-05-16,2023-05-23,2023-06-05,2023-06-19,Started,,
PT02385,2024-09-26,2024-09-27,2024-10-20,2024-10-24,Started,,
PT02386,2025-11-26,2025-12-01,2025-12-26,2025-12-30,Started,,
PT02387,2025-05-31,2025-06-07,2025-06-25,2025-07-02,Started,,
PT02388,2024-06-13,2024-06-20,2024-06-28,2024-07-12,Started,,
PT02389,2025-09-14,2025-09-16,2025-10-01,2025-10-07,Started,,
PT02390,2024-06-18,2024-06-21,2024-07-16,2024-07-22,Started,,
PT02391,2025-05-19,2025-05-23,2025-06-07,2025-06-16,Started,,
PT02392,2023-08-07,2023-08-13,2023-09-06,2023-09-19,Started,,
PT02393,2024-03-16,2024-03-23,2024-04-10,2024-04-12,Started,,
PT02394,2024-07-19,2024-07-21,2024-08-04,2024-08-11,Started,,
PT02395,2025-07-31,2025-08-02,2025-08-10,2025-08-19,Started,,
PT02396,2023-03-09,2023-03-12,2023-03-25,2023-03-30,Started,,
PT02397,2024-02-09,2024-02-13,2024-02-28,2024-03-10,Started,,
PT02398,2024-06-11,2024-06-13,2024-07-01,2024-07-09,Started,,
PT02399,2023-05-30,2023-06-06,2023-06-21,2023-06-29,Started,,
PT02400,2025-12-20,2025-12-25,2026-01-16,,Not Started,,
PT02401,2025-12-06,2025-12-12,2026-01-01,2026-01-11,Started,,
PT02402,2025-01-10,2025-01-15,2025-02-07,,Not Started,,
PT02403,2023-01-31,2023-02-06,2023-02-10,2023-02-19,Started,,
PT02404,2025-12-05,2025-12-09,2026-01-06,2026-01-18,Discontinued,2026-07-20,Access Issue
PT02405,2024-07-31,2024-08-06,2024-08-27,2024-09-05,Started,,
PT02406,2023-08-23,2023-08-26,2023-09-18,2023-09-22,Discontinued,2024-01-04,Adverse Event
PT02407,2023-07-27,2023-08-02,2023-08-18,2023-08-29,Started,,
PT02408,2023-09-12,2023-09-14,2023-10-06,2023-10-15,Started,,
PT02409,2024-10-21,2024-10-24,2024-11-14,2024-11-16,Started,,
PT02410,2025-10-21,2025-10-25,2025-11-04,2025-11-15,Started,,
PT02411,2023-02-01,2023-02-07,2023-02-23,2023-03-06,Started,,
PT02412,2023-07-17,2023-07-22,2023-08-11,2023-08-14,Started,,
PT02413,2025-02-08,2025-02-11,2025-03-04,2025-03-10,Started,,
PT02414,2025-06-23,2025-06-25,2025-07-10,2025-07-14,Started,,
PT02415,2025-07-02,2025-07-06,2025-07-21,2025-08-04,Discontinued,2025-11-06,Cost / Affordability
PT02416,2025-01-01,2025-01-08,2025-01-23,2025-01-29,Discontinued,2025-05-16,Treatment Ineffectiveness
PT02417,2025-09-01,2025-09-05,2025-09-21,2025-09-26,Started,,
PT02418,2024-07-16,2024-07-23,2024-08-03,2024-08-05,Discontinued,2024-10-07,Access Issue
PT02419,2025-08-14,2025-08-20,2025-09-10,2025-09-19,Started,,
PT02420,2025-01-04,2025-01-05,2025-02-02,,Not Started,,
PT02421,2023-02-23,2023-02-24,2023-03-18,,Not Started,,
PT02422,2024-01-01,2024-01-04,2024-01-14,2024-01-18,Started,,
PT02423,2024-09-12,2024-09-19,2024-10-18,2024-10-25,Started,,
PT02424,2024-06-06,2024-06-13,2024-07-01,2024-07-03,Discontinued,2024-10-11,Patient Decision
PT02425,2023-01-04,2023-01-11,2023-01-26,,Not Started,,
PT02426,2025-05-27,2025-05-30,2025-06-08,,Not Started,,
PT02427,2025-02-17,2025-02-20,2025-03-19,,Not Started,,
PT02428,2024-11-28,2024-11-29,2024-12-12,2024-12-24,Discontinued,2025-06-23,Adverse Event
PT02429,2023-01-12,2023-01-13,2023-02-09,2023-02-16,Started,,
PT02430,2024-09-20,2024-09-26,2024-10-09,2024-10-12,Started,,
PT02431,2025-05-08,2025-05-12,2025-05-27,2025-06-03,Started,,
PT02432,2025-07-30,2025-08-06,2025-08-24,2025-09-07,Started,,
PT02433,2025-10-17,2025-10-20,2025-11-02,,Not Started,,
PT02434,2025-03-16,2025-03-18,2025-04-06,2025-04-16,Started,,
PT02435,2024-05-03,2024-05-07,2024-05-21,2024-05-25,Started,,
PT02436,2025-01-07,2025-01-08,2025-01-27,2025-02-02,Started,,
PT02437,2024-04-12,2024-04-15,2024-04-29,2024-05-05,Started,,
PT02438,2025-06-01,2025-06-06,2025-06-14,2025-06-24,Started,,
PT02439,2024-07-16,2024-07-21,2024-08-02,2024-08-08,Started,,
PT02440,2024-08-16,2024-08-21,2024-09-11,2024-09-24,Started,,
PT02441,2024-06-18,2024-06-20,2024-07-13,2024-07-24,Started,,
PT02442,2024-03-12,2024-03-13,2024-03-30,2024-04-08,Started,,
PT02443,2024-06-08,2024-06-12,2024-06-25,2024-07-01,Started,,
PT02444,2024-04-06,2024-04-09,2024-05-04,,Not Started,,
PT02445,2025-02-08,2025-02-09,2025-02-22,2025-03-05,Started,,
PT02446,2024-03-29,2024-04-05,2024-04-26,2024-05-07,Started,,
PT02447,2023-02-02,2023-02-07,2023-02-18,2023-02-26,Started,,
PT02448,2023-06-16,2023-06-17,2023-07-15,2023-07-18,Started,,
PT02449,2024-07-22,2024-07-25,2024-07-31,2024-08-08,Started,,
PT02450,2025-11-15,2025-11-19,2025-12-02,,Not Started,,
PT02451,2023-04-10,2023-04-13,2023-04-29,2023-05-08,Started,,
PT02452,2024-11-29,2024-12-01,2024-12-24,,Not Started,,
PT02453,2025-12-25,2025-12-31,2026-02-01,2026-02-13,Started,,
PT02454,2025-04-28,2025-05-03,2025-05-15,2025-05-17,Started,,
PT02455,2024-11-19,2024-11-24,2024-12-11,2024-12-21,Started,,
PT02456,2023-11-23,2023-11-30,2023-12-24,2024-01-01,Started,,
PT02457,2025-09-17,2025-09-22,2025-10-12,2025-10-21,Started,,
PT02458,2023-06-10,2023-06-14,2023-07-16,2023-07-28,Started,,
PT02459,2023-04-05,2023-04-11,2023-04-23,2023-05-02,Started,,
PT02460,2024-10-26,2024-10-27,2024-11-09,2024-11-12,Started,,
PT02461,2025-12-27,2025-12-29,2026-01-29,2026-02-03,Started,,
PT02462,2024-11-24,2024-11-29,2024-12-16,2024-12-27,Discontinued,2025-07-07,Cost / Affordability
PT02463,2023-09-01,2023-09-02,2023-09-28,,Not Started,,
PT02464,2024-11-28,2024-11-29,2024-12-23,2025-01-03,Started,,
PT02465,2025-11-16,2025-11-20,2025-12-11,2025-12-24,Started,,
PT02466,2023-05-30,2023-06-01,2023-06-22,2023-07-03,Started,,
PT02467,2025-07-28,2025-08-04,2025-08-17,2025-08-23,Started,,
PT02468,2024-05-07,2024-05-13,2024-05-24,2024-06-02,Started,,
PT02469,2023-07-21,2023-07-28,2023-08-11,2023-08-15,Discontinued,2024-03-13,Treatment Ineffectiveness
PT02470,2024-08-09,2024-08-16,2024-08-26,2024-09-05,Started,,
PT02471,2023-11-26,2023-12-02,2023-12-23,2023-12-27,Started,,
PT02472,2025-05-18,2025-05-20,2025-06-03,2025-06-11,Started,,
PT02473,2024-08-02,2024-08-03,2024-08-22,2024-08-26,Started,,
PT02474,2025-08-05,2025-08-11,2025-09-02,2025-09-16,Started,,
PT02475,2025-06-02,2025-06-06,2025-06-25,2025-07-09,Started,,
PT02476,2024-03-01,2024-03-08,2024-03-26,2024-04-03,Started,,
PT02477,2023-03-16,2023-03-18,2023-03-23,2023-03-25,Started,,
PT02478,2025-04-12,2025-04-16,2025-05-13,2025-05-27,Started,,
PT02479,2025-11-27,2025-12-02,2025-12-18,2025-12-22,Started,,
PT02480,2024-08-19,2024-08-26,2024-09-16,2024-09-24,Discontinued,2025-03-29,Access Issue
PT02481,2025-11-03,2025-11-08,2025-11-28,2025-12-06,Started,,
PT02482,2023-09-23,2023-09-27,2023-10-17,2023-10-20,Started,,
PT02483,2025-01-29,2025-02-01,2025-03-02,2025-03-10,Started,,
PT02484,2023-11-02,2023-11-03,2023-11-27,,Not Started,,
PT02485,2023-05-13,2023-05-19,2023-05-28,2023-05-30,Started,,
PT02486,2023-12-20,2023-12-24,2024-01-07,2024-01-20,Started,,
PT02487,2025-05-05,2025-05-06,2025-06-06,2025-06-10,Started,,
PT02488,2024-10-07,2024-10-12,2024-10-19,2024-10-26,Discontinued,2025-02-17,Cost / Affordability
PT02489,2023-08-28,2023-08-31,2023-09-19,2023-09-28,Started,,
PT02490,2023-01-27,2023-01-31,2023-02-04,2023-02-07,Started,,
PT02491,2024-08-19,2024-08-20,2024-09-17,2024-09-29,Started,,
PT02492,2025-09-07,2025-09-08,2025-09-27,2025-10-04,Started,,
PT02493,2023-06-02,2023-06-09,2023-06-17,2023-06-29,Started,,
PT02494,2025-03-14,2025-03-20,2025-03-26,2025-04-06,Started,,
PT02495,2025-11-20,2025-11-21,2025-11-30,2025-12-11,Started,,
PT02496,2024-01-11,2024-01-12,2024-01-27,2024-01-29,Started,,
PT02497,2025-04-08,2025-04-13,2025-05-01,2025-05-06,Started,,
PT02498,2023-11-16,2023-11-17,2023-12-18,2023-12-25,Started,,
PT02499,2024-07-09,2024-07-15,2024-07-29,2024-08-09,Discontinued,2025-03-28,Treatment Ineffectiveness
PT02500,2023-03-18,2023-03-23,2023-04-09,,Not Started,,
PT02501,2023-08-15,2023-08-17,2023-09-02,2023-09-12,Started,,
PT02502,2025-09-18,2025-09-24,2025-10-18,2025-10-21,Started,,
PT02503,2024-08-16,2024-08-17,2024-09-04,2024-09-12,Started,,
PT02504,2023-11-20,2023-11-27,2023-12-05,,Not Started,,
PT02505,2023-04-17,2023-04-19,2023-05-05,2023-05-19,Started,,
PT02506,2025-03-06,2025-03-09,2025-04-07,,Not Started,,
PT02507,2024-07-29,2024-08-05,2024-08-08,2024-08-18,Started,,
PT02508,2024-03-13,2024-03-18,2024-03-31,2024-04-10,Started,,
PT02509,2024-07-13,2024-07-18,2024-07-30,2024-08-04,Started,,
PT02510,2023-04-25,2023-05-02,2023-05-13,2023-05-25,Started,,
PT02511,2025-01-04,2025-01-06,2025-02-01,2025-02-14,Discontinued,2025-07-31,Cost / Affordability
PT02512,2024-11-14,2024-11-17,2024-12-07,2024-12-12,Started,,
PT02513,2023-10-25,2023-10-26,2023-11-20,2023-11-23,Started,,
PT02514,2024-07-12,2024-07-15,2024-08-06,2024-08-15,Started,,
PT02515,2024-11-15,2024-11-21,2024-12-04,2024-12-15,Started,,
PT02516,2024-09-04,2024-09-10,2024-09-24,,Not Started,,
PT02517,2024-04-10,2024-04-17,2024-05-03,2024-05-16,Started,,
PT02518,2023-07-15,2023-07-22,2023-08-11,,Not Started,,
PT02519,2023-06-29,2023-07-04,2023-07-27,2023-07-31,Discontinued,2024-01-31,Adverse Event
PT02520,2023-09-09,2023-09-10,2023-09-18,2023-09-29,Started,,
PT02521,2025-12-22,2025-12-26,2026-01-17,2026-01-23,Started,,
PT02522,2023-09-13,2023-09-15,2023-10-09,,Not Started,,
PT02523,2025-04-28,2025-04-29,2025-05-23,2025-05-29,Started,,
PT02524,2024-09-19,2024-09-20,2024-09-30,2024-10-02,Started,,
PT02525,2024-06-12,2024-06-13,2024-07-06,2024-07-13,Started,,
PT02526,2023-09-09,2023-09-10,2023-09-27,2023-10-10,Started,,
PT02527,2024-10-16,2024-10-21,2024-11-01,2024-11-14,Started,,
PT02528,2023-07-20,2023-07-24,2023-08-08,2023-08-10,Started,,
PT02529,2024-03-07,2024-03-14,2024-04-12,2024-04-14,Started,,
PT02530,2023-02-27,2023-03-06,2023-04-01,2023-04-07,Started,,
PT02531,2025-06-09,2025-06-14,2025-07-05,2025-07-17,Started,,
PT02532,2024-12-28,2024-12-30,2025-01-05,2025-01-16,Started,,
PT02533,2023-07-26,2023-08-02,2023-08-29,2023-09-07,Started,,
PT02534,2023-07-10,2023-07-11,2023-07-30,2023-08-03,Started,,
PT02535,2023-03-28,2023-03-30,2023-04-17,2023-04-27,Started,,
PT02536,2025-07-26,2025-07-30,2025-09-04,,Not Started,,
PT02537,2024-05-23,2024-05-30,2024-06-12,2024-06-24,Discontinued,2024-11-13,Cost / Affordability
PT02538,2023-01-21,2023-01-22,2023-01-29,2023-02-10,Started,,
PT02539,2025-05-27,2025-06-01,2025-06-21,,Not Started,,
PT02540,2025-03-04,2025-03-06,2025-03-20,2025-03-28,Started,,
PT02541,2023-10-19,2023-10-20,2023-11-10,2023-11-15,Started,,
PT02542,2023-01-27,2023-01-28,2023-02-11,2023-02-14,Started,,
PT02543,2024-09-15,2024-09-17,2024-10-05,2024-10-19,Started,,
PT02544,2023-11-02,2023-11-05,2023-12-03,2023-12-12,Started,,
PT02545,2023-01-30,2023-02-01,2023-02-19,,Not Started,,
PT02546,2023-01-24,2023-01-28,2023-02-18,2023-02-25,Started,,
PT02547,2024-11-02,2024-11-04,2024-11-20,2024-12-04,Started,,
PT02548,2023-03-19,2023-03-22,2023-04-01,2023-04-09,Started,,
PT02549,2024-02-14,2024-02-21,2024-03-16,2024-03-29,Started,,
PT02550,2023-06-05,2023-06-11,2023-07-05,2023-07-16,Started,,
PT02551,2023-09-19,2023-09-20,2023-10-13,2023-10-18,Started,,
PT02552,2025-03-12,2025-03-16,2025-04-01,2025-04-08,Started,,
PT02553,2025-07-23,2025-07-30,2025-08-13,2025-08-17,Started,,
PT02554,2024-04-14,2024-04-15,2024-04-26,2024-05-07,Started,,
PT02555,2025-10-25,2025-10-28,2025-11-16,,Not Started,,
PT02556,2024-08-11,2024-08-18,2024-09-08,,Not Started,,
PT02557,2025-10-14,2025-10-16,2025-10-31,2025-11-06,Started,,
PT02558,2023-07-01,2023-07-05,2023-07-30,2023-08-13,Started,,
PT02559,2025-09-11,2025-09-13,2025-09-29,2025-10-09,Started,,
PT02560,2024-07-13,2024-07-16,2024-08-12,2024-08-18,Started,,
PT02561,2025-11-23,2025-11-30,2025-12-21,2026-01-02,Started,,
PT02562,2025-04-23,2025-04-26,2025-05-13,2025-05-18,Started,,
PT02563,2023-10-31,2023-11-06,2023-11-22,2023-12-01,Discontinued,2024-07-23,Access Issue
PT02564,2024-05-29,2024-06-05,2024-06-20,2024-07-02,Started,,
PT02565,2025-11-29,2025-12-03,2025-12-21,,Not Started,,
PT02566,2023-04-19,2023-04-22,2023-05-08,2023-05-18,Started,,
PT02567,2024-03-10,2024-03-16,2024-04-02,2024-04-16,Started,,
PT02568,2023-09-13,2023-09-18,2023-10-08,2023-10-12,Started,,
PT02569,2023-11-08,2023-11-13,2023-12-10,,Not Started,,
PT02570,2023-09-09,2023-09-14,2023-10-04,2023-10-15,Started,,
PT02571,2025-10-03,2025-10-09,2025-10-20,2025-11-01,Started,,
PT02572,2023-09-03,2023-09-05,2023-09-26,2023-10-02,Started,,
PT02573,2024-01-22,2024-01-29,2024-02-15,2024-02-23,Started,,
PT02574,2024-10-20,2024-10-24,2024-11-03,2024-11-07,Started,,
PT02575,2024-08-12,2024-08-14,2024-09-07,,Not Started,,
PT02576,2023-11-26,2023-11-27,2023-12-14,2023-12-16,Discontinued,2024-06-18,Treatment Ineffectiveness
PT02577,2023-12-19,2023-12-22,2024-01-08,2024-01-14,Started,,
PT02578,2025-10-06,2025-10-13,2025-10-23,,Not Started,,
PT02579,2025-08-28,2025-08-29,2025-09-11,2025-09-23,Started,,
PT02580,2023-05-03,2023-05-07,2023-05-13,2023-05-17,Started,,
PT02581,2024-04-23,2024-04-25,2024-04-29,2024-05-07,Started,,
PT02582,2024-08-20,2024-08-24,2024-09-13,2024-09-18,Started,,
PT02583,2023-05-21,2023-05-26,2023-06-03,2023-06-13,Started,,
PT02584,2025-07-10,2025-07-17,2025-08-03,2025-08-08,Started,,
PT02585,2024-06-25,2024-07-01,2024-07-15,2024-07-21,Started,,
PT02586,2023-12-29,2024-01-02,2024-01-20,2024-01-27,Discontinued,2024-05-17,Adverse Event
PT02587,2025-12-02,2025-12-09,2025-12-18,2025-12-30,Started,,
PT02588,2025-08-19,2025-08-25,2025-09-17,2025-09-21,Started,,
PT02589,2024-06-09,2024-06-13,2024-07-02,2024-07-04,Started,,
PT02590,2023-07-22,2023-07-24,2023-08-22,2023-08-29,Started,,
PT02591,2025-04-08,2025-04-09,2025-05-04,2025-05-16,Started,,
PT02592,2025-07-17,2025-07-18,2025-08-13,2025-08-27,Started,,
PT02593,2023-10-25,2023-10-31,2023-11-07,2023-11-21,Started,,
PT02594,2023-09-20,2023-09-22,2023-10-19,2023-10-25,Started,,
PT02595,2024-06-11,2024-06-17,2024-06-28,2024-07-01,Started,,
PT02596,2024-12-21,2024-12-27,2025-01-13,,Not Started,,
PT02597,2023-05-08,2023-05-14,2023-06-05,,Not Started,,
PT02598,2024-06-02,2024-06-04,2024-06-22,2024-06-30,Started,,
PT02599,2023-08-23,2023-08-27,2023-09-21,2023-09-23,Started,,
PT02600,2023-05-18,2023-05-21,2023-06-08,2023-06-14,Started,,
PT02601,2025-05-23,2025-05-27,2025-06-14,2025-06-23,Started,,
PT02602,2025-02-18,2025-02-22,2025-03-13,,Not Started,,
PT02603,2025-03-15,2025-03-22,2025-04-15,2025-04-17,Discontinued,2025-08-15,Treatment Ineffectiveness
PT02604,2023-01-06,2023-01-12,2023-01-22,2023-01-30,Discontinued,2023-04-11,Patient Decision
PT02605,2023-08-09,2023-08-16,2023-08-24,2023-09-06,Started,,
PT02606,2024-01-23,2024-01-27,2024-02-11,2024-02-25,Started,,
PT02607,2025-07-12,2025-07-17,2025-07-21,2025-08-04,Started,,
PT02608,2023-06-12,2023-06-19,2023-07-01,2023-07-15,Started,,
PT02609,2025-08-31,2025-09-04,2025-09-12,,Not Started,,
PT02610,2023-03-29,2023-04-02,2023-04-30,,Not Started,,
PT02611,2025-12-10,2025-12-14,2025-12-18,2025-12-23,Discontinued,2026-02-11,Patient Decision
PT02612,2025-02-14,2025-02-15,2025-02-25,2025-02-27,Started,,
PT02613,2024-03-14,2024-03-15,2024-04-09,2024-04-15,Started,,
PT02614,2023-11-24,2023-12-01,2023-12-14,2023-12-19,Started,,
PT02615,2025-02-25,2025-03-03,2025-04-02,2025-04-11,Started,,
PT02616,2025-06-22,2025-06-28,2025-07-14,,Not Started,,
PT02617,2025-05-04,2025-05-11,2025-05-18,2025-05-25,Started,,
PT02618,2025-12-20,2025-12-21,2026-01-15,2026-01-28,Started,,
PT02619,2023-06-02,2023-06-04,2023-06-28,2023-07-04,Started,,
PT02620,2023-07-31,2023-08-01,2023-08-20,2023-08-30,Started,,
PT02621,2025-04-03,2025-04-05,2025-04-29,2025-05-08,Started,,
PT02622,2024-12-18,2024-12-21,2025-01-17,,Not Started,,
PT02623,2024-07-15,2024-07-22,2024-08-17,2024-08-28,Started,,
PT02624,2025-09-24,2025-09-27,2025-10-22,2025-10-30,Started,,
PT02625,2024-06-18,2024-06-20,2024-07-06,2024-07-08,Discontinued,2025-02-05,Access Issue
PT02626,2025-05-27,2025-06-02,2025-06-24,2025-06-29,Discontinued,2025-10-13,Treatment Ineffectiveness
PT02627,2023-10-29,2023-10-31,2023-11-15,2023-11-18,Started,,
PT02628,2025-10-06,2025-10-09,2025-11-02,2025-11-13,Started,,
PT02629,2024-04-18,2024-04-24,2024-05-17,2024-05-23,Started,,
PT02630,2025-05-15,2025-05-17,2025-06-05,2025-06-16,Discontinued,2025-10-16,Patient Decision
PT02631,2025-04-28,2025-05-05,2025-05-30,2025-06-12,Started,,
PT02632,2025-11-30,2025-12-02,2025-12-18,2025-12-28,Started,,
PT02633,2025-03-04,2025-03-10,2025-03-19,2025-03-21,Started,,
PT02634,2024-03-07,2024-03-09,2024-03-28,2024-03-30,Discontinued,2024-10-07,Treatment Ineffectiveness
PT02635,2023-05-29,2023-05-31,2023-06-22,2023-07-05,Started,,
PT02636,2025-10-25,2025-10-28,2025-11-05,2025-11-16,Started,,
PT02637,2024-09-03,2024-09-10,2024-10-09,2024-10-14,Started,,
PT02638,2024-10-13,2024-10-14,2024-10-28,2024-11-07,Started,,
PT02639,2025-06-30,2025-07-03,2025-07-13,2025-07-24,Started,,
PT02640,2025-02-23,2025-03-02,2025-03-18,2025-03-20,Started,,
PT02641,2023-01-16,2023-01-19,2023-02-03,2023-02-16,Started,,
PT02642,2024-07-23,2024-07-28,2024-08-28,,Not Started,,
PT02643,2025-05-21,2025-05-23,2025-05-31,2025-06-07,Started,,
PT02644,2024-01-19,2024-01-24,2024-02-17,2024-03-02,Started,,
PT02645,2023-03-25,2023-03-27,2023-04-19,2023-04-29,Started,,
PT02646,2024-03-12,2024-03-17,2024-03-28,2024-03-31,Started,,
PT02647,2024-12-22,2024-12-28,2025-01-04,2025-01-17,Started,,
PT02648,2023-02-13,2023-02-15,2023-02-24,2023-03-07,Started,,
PT02649,2025-11-07,2025-11-09,2025-12-08,2025-12-17,Started,,
PT02650,2025-03-13,2025-03-14,2025-04-01,2025-04-09,Started,,
PT02651,2025-08-10,2025-08-12,2025-09-04,2025-09-14,Started,,
PT02652,2025-01-26,2025-01-30,2025-02-25,2025-03-02,Started,,
PT02653,2025-07-27,2025-08-03,2025-08-18,,Not Started,,
PT02654,2023-11-04,2023-11-07,2023-11-24,2023-12-07,Started,,
PT02655,2025-11-18,2025-11-21,2025-12-08,2025-12-21,Started,,
PT02656,2025-07-15,2025-07-16,2025-07-23,2025-07-29,Started,,
PT02657,2023-09-16,2023-09-23,2023-10-21,2023-10-27,Started,,
PT02658,2024-04-06,2024-04-12,2024-04-29,2024-05-02,Started,,
PT02659,2023-08-28,2023-08-29,2023-09-17,2023-09-25,Started,,
PT02660,2023-10-16,2023-10-17,2023-11-03,2023-11-13,Started,,
PT02661,2023-09-27,2023-10-03,2023-10-17,2023-10-21,Started,,
PT02662,2025-05-14,2025-05-15,2025-05-31,2025-06-04,Discontinued,2025-10-01,Cost / Affordability
PT02663,2025-04-18,2025-04-21,2025-05-01,2025-05-14,Started,,
PT02664,2024-05-31,2024-06-02,2024-06-17,2024-06-20,Started,,
PT02665,2024-02-10,2024-02-11,2024-02-27,2024-03-07,Discontinued,2024-10-10,Cost / Affordability
PT02666,2023-09-23,2023-09-24,2023-10-12,2023-10-19,Started,,
PT02667,2025-11-26,2025-12-01,2025-12-11,2025-12-21,Started,,
PT02668,2023-06-14,2023-06-20,2023-07-14,2023-07-19,Discontinued,2023-09-26,Adverse Event
PT02669,2024-03-11,2024-03-12,2024-03-27,2024-04-04,Started,,
PT02670,2023-09-20,2023-09-25,2023-10-06,,Not Started,,
PT02671,2024-11-23,2024-11-28,2024-12-27,,Not Started,,
PT02672,2024-09-30,2024-10-06,2024-10-25,,Not Started,,
PT02673,2025-12-21,2025-12-24,2026-01-21,2026-01-25,Started,,
PT02674,2024-05-07,2024-05-09,2024-05-25,2024-06-06,Started,,
PT02675,2024-09-15,2024-09-17,2024-10-07,2024-10-18,Started,,
PT02676,2023-12-25,2023-12-28,2024-01-12,2024-01-20,Started,,
PT02677,2024-10-15,2024-10-18,2024-10-26,2024-10-31,Started,,
PT02678,2023-10-12,2023-10-13,2023-10-21,2023-10-26,Started,,
PT02679,2024-11-02,2024-11-05,2024-11-21,2024-11-29,Discontinued,2025-01-24,Patient Decision
PT02680,2024-12-11,2024-12-14,2025-01-11,2025-01-23,Started,,
PT02681,2025-03-01,2025-03-03,2025-03-22,2025-03-25,Started,,
PT02682,2025-12-20,2025-12-24,2026-01-15,2026-01-22,Started,,
PT02683,2025-03-22,2025-03-29,2025-04-13,,Not Started,,
PT02684,2023-08-20,2023-08-24,2023-09-08,2023-09-17,Started,,
PT02685,2023-07-17,2023-07-21,2023-08-11,2023-08-16,Started,,
PT02686,2023-08-04,2023-08-05,2023-08-24,2023-08-28,Started,,
PT02687,2023-10-30,2023-11-03,2023-11-24,,Not Started,,
PT02688,2023-05-03,2023-05-09,2023-05-28,2023-06-11,Started,,
PT02689,2024-08-20,2024-08-27,2024-09-22,2024-09-24,Discontinued,2025-03-23,Patient Decision
PT02690,2025-03-06,2025-03-12,2025-03-30,2025-04-08,Started,,
PT02691,2024-05-03,2024-05-10,2024-05-28,2024-06-10,Started,,
PT02692,2024-10-09,2024-10-11,2024-10-22,2024-10-28,Started,,
PT02693,2025-07-31,2025-08-02,2025-08-13,2025-08-25,Started,,
PT02694,2024-06-06,2024-06-13,2024-06-19,2024-06-24,Discontinued,2024-12-12,Access Issue
PT02695,2023-12-31,2024-01-02,2024-01-17,2024-01-27,Started,,
PT02696,2023-04-27,2023-05-02,2023-05-11,2023-05-19,Started,,
PT02697,2023-01-04,2023-01-11,2023-02-10,2023-02-18,Started,,
PT02698,2024-09-18,2024-09-20,2024-10-03,2024-10-06,Started,,
PT02699,2025-09-26,2025-09-27,2025-10-08,2025-10-18,Started,,
PT02700,2025-10-15,2025-10-19,2025-11-05,2025-11-09,Discontinued,2026-03-12,Access Issue
PT02701,2023-01-16,2023-01-19,2023-02-08,2023-02-12,Started,,
PT02702,2023-08-20,2023-08-24,2023-09-09,,Not Started,,
PT02703,2024-09-27,2024-10-03,2024-10-17,,Not Started,,
PT02704,2024-05-24,2024-05-30,2024-06-15,2024-06-27,Started,,
PT02705,2024-12-21,2024-12-22,2024-12-26,2025-01-05,Started,,
PT02706,2024-06-14,2024-06-16,2024-07-03,,Not Started,,
PT02707,2025-02-02,2025-02-04,2025-02-28,,Not Started,,
PT02708,2025-01-02,2025-01-08,2025-02-01,2025-02-03,Discontinued,2025-04-08,Adverse Event
PT02709,2023-12-26,2023-12-28,2024-01-08,,Not Started,,
PT02710,2023-01-10,2023-01-11,2023-02-01,2023-02-14,Started,,
PT02711,2024-03-26,2024-03-31,2024-04-17,,Not Started,,
PT02712,2025-08-03,2025-08-07,2025-08-24,2025-09-05,Started,,
PT02713,2024-12-07,2024-12-14,2025-01-07,2025-01-16,Discontinued,2025-05-29,Adverse Event
PT02714,2024-11-15,2024-11-22,2024-12-14,2024-12-28,Started,,
PT02715,2024-05-02,2024-05-05,2024-05-17,2024-05-27,Started,,
PT02716,2024-07-21,2024-07-25,2024-08-04,,Not Started,,
PT02717,2024-02-12,2024-02-17,2024-02-28,2024-03-08,Started,,
PT02718,2025-04-07,2025-04-09,2025-05-02,2025-05-04,Started,,
PT02719,2023-11-11,2023-11-16,2023-11-25,,Not Started,,
PT02720,2023-09-19,2023-09-25,2023-10-14,2023-10-25,Started,,
PT02721,2023-01-23,2023-01-25,2023-02-09,2023-02-23,Started,,
PT02722,2023-08-20,2023-08-23,2023-08-26,2023-09-08,Started,,
PT02723,2024-01-19,2024-01-24,2024-02-14,2024-02-19,Discontinued,2024-10-08,Cost / Affordability
PT02724,2025-06-27,2025-06-29,2025-07-10,2025-07-14,Started,,
PT02725,2025-11-12,2025-11-13,2025-12-09,2025-12-16,Started,,
PT02726,2023-07-14,2023-07-15,2023-08-04,,Not Started,,
PT02727,2023-04-07,2023-04-10,2023-04-20,2023-04-24,Started,,
PT02728,2025-06-07,2025-06-11,2025-06-26,2025-06-29,Started,,
PT02729,2023-11-25,2023-11-28,2023-12-07,2023-12-15,Started,,
PT02730,2024-05-27,2024-05-31,2024-06-16,2024-06-22,Started,,
PT02731,2025-07-12,2025-07-13,2025-08-07,2025-08-19,Started,,
PT02732,2025-11-18,2025-11-21,2025-12-08,,Not Started,,
PT02733,2025-06-17,2025-06-20,2025-07-07,2025-07-19,Started,,
PT02734,2024-08-10,2024-08-13,2024-08-26,2024-09-02,Started,,
PT02735,2023-06-07,2023-06-14,2023-06-29,,Not Started,,
PT02736,2024-03-10,2024-03-15,2024-04-08,2024-04-17,Discontinued,2024-09-03,Treatment Ineffectiveness
PT02737,2024-02-17,2024-02-18,2024-03-02,2024-03-11,Started,,
PT02738,2023-08-13,2023-08-18,2023-08-28,2023-09-08,Started,,
PT02739,2024-01-15,2024-01-17,2024-01-30,2024-02-11,Started,,
PT02740,2024-07-15,2024-07-18,2024-08-10,,Not Started,,
PT02741,2025-09-14,2025-09-21,2025-10-12,2025-10-26,Discontinued,2026-03-17,Cost / Affordability
PT02742,2025-06-26,2025-06-27,2025-07-17,2025-07-29,Started,,
PT02743,2023-08-09,2023-08-10,2023-09-12,,Not Started,,
PT02744,2024-07-31,2024-08-07,2024-08-27,2024-09-06,Started,,
PT02745,2024-09-02,2024-09-05,2024-09-21,2024-09-23,Started,,
PT02746,2024-11-23,2024-11-26,2024-12-12,2024-12-20,Started,,
PT02747,2024-07-10,2024-07-15,2024-08-01,,Not Started,,
PT02748,2023-10-13,2023-10-17,2023-10-28,2023-11-01,Discontinued,2024-05-02,Treatment Ineffectiveness
PT02749,2023-02-21,2023-02-22,2023-03-11,2023-03-23,Started,,
PT02750,2025-06-19,2025-06-23,2025-07-06,2025-07-17,Started,,
PT02751,2025-09-14,2025-09-19,2025-10-01,2025-10-05,Started,,
PT02752,2025-05-07,2025-05-10,2025-05-25,2025-05-31,Started,,
PT02753,2024-04-16,2024-04-17,2024-04-21,2024-05-03,Started,,
PT02754,2023-07-23,2023-07-26,2023-08-31,2023-09-08,Started,,
PT02755,2025-11-28,2025-11-30,2025-12-11,2025-12-22,Started,,
PT02756,2024-09-08,2024-09-10,2024-09-29,2024-10-02,Started,,
PT02757,2023-01-26,2023-01-27,2023-02-19,,Not Started,,
PT02758,2024-06-08,2024-06-13,2024-07-03,2024-07-11,Discontinued,2025-02-23,Patient Decision
PT02759,2025-05-26,2025-05-27,2025-06-08,2025-06-20,Started,,
PT02760,2025-04-18,2025-04-21,2025-05-07,2025-05-20,Started,,
PT02761,2025-09-30,2025-10-04,2025-10-20,2025-10-22,Started,,
PT02762,2024-02-26,2024-03-02,2024-03-21,,Not Started,,
PT02763,2024-01-10,2024-01-14,2024-01-25,2024-01-29,Discontinued,2024-07-11,Adverse Event
PT02764,2023-05-09,2023-05-14,2023-06-02,2023-06-06,Started,,
PT02765,2023-06-04,2023-06-06,2023-06-25,,Not Started,,
PT02766,2025-10-19,2025-10-20,2025-11-05,2025-11-16,Started,,
PT02767,2025-10-25,2025-10-31,2025-11-16,2025-11-22,Started,,
PT02768,2023-05-27,2023-06-01,2023-06-04,2023-06-12,Started,,
PT02769,2025-04-22,2025-04-25,2025-05-14,2025-05-19,Started,,
PT02770,2023-11-11,2023-11-17,2023-12-06,2023-12-11,Started,,
PT02771,2023-05-23,2023-05-25,2023-06-03,2023-06-12,Started,,
PT02772,2025-01-28,2025-01-30,2025-02-13,2025-02-16,Started,,
PT02773,2025-08-27,2025-08-28,2025-09-25,,Not Started,,
PT02774,2023-01-04,2023-01-07,2023-01-29,2023-01-31,Started,,
PT02775,2023-09-17,2023-09-19,2023-10-08,2023-10-20,Started,,
PT02776,2023-12-29,2024-01-03,2024-01-28,2024-02-06,Started,,
PT02777,2023-02-14,2023-02-17,2023-03-13,2023-03-19,Started,,
PT02778,2025-12-21,2025-12-26,2026-01-20,2026-01-30,Started,,
PT02779,2023-03-12,2023-03-16,2023-04-08,2023-04-20,Started,,
PT02780,2023-07-10,2023-07-13,2023-08-01,2023-08-13,Started,,
PT02781,2025-03-25,2025-04-01,2025-04-10,2025-04-12,Started,,
PT02782,2025-08-25,2025-08-27,2025-09-10,,Not Started,,
PT02783,2024-05-05,2024-05-07,2024-06-05,2024-06-14,Started,,
PT02784,2024-12-05,2024-12-07,2024-12-19,2024-12-29,Started,,
PT02785,2023-05-22,2023-05-28,2023-06-09,2023-06-12,Started,,
PT02786,2023-04-23,2023-04-24,2023-04-28,2023-05-01,Started,,
PT02787,2025-10-30,2025-11-03,2025-11-17,2025-11-25,Started,,
PT02788,2025-12-16,2025-12-17,2026-01-01,2026-01-05,Started,,
PT02789,2023-02-10,2023-02-17,2023-03-02,2023-03-06,Started,,
PT02790,2023-02-12,2023-02-17,2023-02-22,2023-02-28,Started,,
PT02791,2024-02-13,2024-02-14,2024-03-05,2024-03-16,Discontinued,2024-05-12,Access Issue
PT02792,2023-06-11,2023-06-15,2023-06-21,2023-07-04,Started,,
PT02793,2023-04-02,2023-04-03,2023-04-17,,Not Started,,
PT02794,2023-08-05,2023-08-10,2023-08-20,,Not Started,,
PT02795,2024-01-01,2024-01-07,2024-01-26,2024-02-05,Started,,
PT02796,2024-01-18,2024-01-25,2024-02-09,2024-02-19,Started,,
PT02797,2025-10-17,2025-10-19,2025-11-04,2025-11-09,Started,,
PT02798,2023-10-15,2023-10-16,2023-11-01,2023-11-06,Started,,
PT02799,2025-04-25,2025-04-28,2025-05-08,2025-05-14,Started,,
PT02800,2025-12-05,2025-12-11,2025-12-24,2026-01-07,Started,,
PT02801,2025-10-23,2025-10-29,2025-11-17,2025-11-22,Discontinued,2026-05-28,Access Issue
PT02802,2025-02-21,2025-02-26,2025-03-16,2025-03-18,Started,,
PT02803,2024-11-09,2024-11-14,2024-12-04,2024-12-07,Started,,
PT02804,2025-03-26,2025-03-29,2025-04-09,2025-04-11,Started,,
PT02805,2025-11-23,2025-11-24,2025-11-29,2025-12-01,Started,,
PT02806,2024-10-08,2024-10-11,2024-11-07,,Not Started,,
PT02807,2023-12-22,2023-12-29,2024-01-10,2024-01-24,Started,,
PT02808,2025-11-11,2025-11-14,2025-12-09,2025-12-20,Started,,
PT02809,2024-06-12,2024-06-18,2024-07-01,2024-07-14,Started,,
PT02810,2025-07-09,2025-07-13,2025-07-29,2025-08-08,Started,,
PT02811,2023-01-21,2023-01-27,2023-02-13,2023-02-18,Started,,
PT02812,2025-08-27,2025-09-03,2025-09-14,2025-09-23,Started,,
PT02813,2025-01-22,2025-01-27,2025-02-23,2025-03-06,Started,,
PT02814,2023-02-21,2023-02-27,2023-03-16,2023-03-30,Started,,
PT02815,2025-03-14,2025-03-17,2025-04-08,2025-04-21,Started,,
PT02816,2024-02-18,2024-02-24,2024-03-12,2024-03-21,Started,,
PT02817,2024-03-13,2024-03-20,2024-04-04,2024-04-10,Started,,
PT02818,2023-02-10,2023-02-14,2023-03-01,2023-03-05,Discontinued,2023-05-10,Cost / Affordability
PT02819,2023-03-27,2023-03-28,2023-04-13,2023-04-16,Started,,
PT02820,2025-12-13,2025-12-15,2026-01-05,2026-01-11,Discontinued,2026-06-29,Treatment Ineffectiveness
PT02821,2025-06-01,2025-06-05,2025-06-24,2025-07-08,Started,,
PT02822,2024-06-30,2024-07-03,2024-07-28,2024-08-04,Started,,
PT02823,2024-09-09,2024-09-12,2024-09-21,2024-10-01,Discontinued,2025-02-18,Patient Decision
PT02824,2025-09-28,2025-10-01,2025-11-02,2025-11-16,Started,,
PT02825,2025-09-08,2025-09-09,2025-10-03,2025-10-06,Started,,
PT02826,2024-11-24,2024-11-30,2024-12-12,2024-12-25,Started,,
PT02827,2024-01-20,2024-01-27,2024-02-02,2024-02-12,Started,,
PT02828,2024-06-21,2024-06-28,2024-07-29,2024-08-05,Started,,
PT02829,2024-05-27,2024-05-31,2024-06-19,,Not Started,,
PT02830,2023-06-23,2023-06-25,2023-07-14,2023-07-26,Started,,
PT02831,2024-08-19,2024-08-26,2024-09-08,2024-09-22,Started,,
PT02832,2025-07-16,2025-07-17,2025-08-11,2025-08-15,Started,,
PT02833,2023-07-31,2023-08-07,2023-08-30,2023-09-05,Started,,
PT02834,2024-08-22,2024-08-25,2024-09-17,2024-09-24,Started,,
PT02835,2024-07-25,2024-07-27,2024-08-10,2024-08-21,Started,,
PT02836,2023-10-21,2023-10-22,2023-11-16,,Not Started,,
PT02837,2024-08-22,2024-08-23,2024-09-03,2024-09-10,Started,,
PT02838,2023-06-15,2023-06-17,2023-06-24,2023-07-05,Started,,
PT02839,2025-11-24,2025-11-26,2025-12-22,2025-12-26,Started,,
PT02840,2025-06-11,2025-06-13,2025-07-06,2025-07-14,Started,,
PT02841,2024-11-09,2024-11-11,2024-11-30,2024-12-07,Started,,
PT02842,2025-09-13,2025-09-18,2025-09-30,2025-10-02,Started,,
PT02843,2023-08-07,2023-08-09,2023-08-13,2023-08-23,Started,,
PT02844,2024-11-20,2024-11-23,2024-12-22,2024-12-29,Started,,
PT02845,2025-09-29,2025-10-02,2025-10-23,2025-11-03,Started,,
PT02846,2025-02-09,2025-02-14,2025-03-17,,Not Started,,
PT02847,2023-10-19,2023-10-21,2023-10-31,2023-11-04,Discontinued,2024-01-31,Patient Decision
PT02848,2024-03-22,2024-03-23,2024-04-06,2024-04-10,Started,,
PT02849,2023-02-28,2023-03-01,2023-03-15,2023-03-23,Started,,
PT02850,2025-07-17,2025-07-23,2025-08-12,2025-08-22,Started,,
PT02851,2025-06-02,2025-06-07,2025-07-08,,Not Started,,
PT02852,2024-02-25,2024-02-26,2024-03-19,2024-04-01,Started,,
PT02853,2025-03-10,2025-03-12,2025-03-23,2025-04-02,Started,,
PT02854,2024-06-18,2024-06-19,2024-07-06,2024-07-15,Started,,
PT02855,2025-06-16,2025-06-17,2025-07-01,2025-07-04,Started,,
PT02856,2024-09-28,2024-10-05,2024-10-16,2024-10-22,Started,,
PT02857,2025-06-28,2025-07-04,2025-07-22,,Not Started,,
PT02858,2024-10-01,2024-10-06,2024-10-16,2024-10-23,Started,,
PT02859,2023-08-01,2023-08-08,2023-09-05,2023-09-07,Started,,
PT02860,2025-06-20,2025-06-26,2025-07-18,2025-07-28,Started,,
PT02861,2025-09-19,2025-09-26,2025-10-02,2025-10-09,Started,,
PT02862,2023-12-02,2023-12-07,2024-01-08,2024-01-19,Started,,
PT02863,2025-04-06,2025-04-08,2025-04-22,2025-04-30,Started,,
PT02864,2024-05-06,2024-05-09,2024-05-21,2024-06-03,Started,,
PT02865,2023-10-17,2023-10-23,2023-11-05,2023-11-15,Discontinued,2024-03-29,Cost / Affordability
PT02866,2023-02-28,2023-03-05,2023-03-16,2023-03-27,Started,,
PT02867,2023-04-25,2023-04-27,2023-05-21,,Not Started,,
PT02868,2024-09-17,2024-09-23,2024-09-30,2024-10-10,Started,,
PT02869,2024-06-20,2024-06-26,2024-07-12,2024-07-25,Started,,
PT02870,2023-10-30,2023-11-02,2023-11-30,2023-12-11,Started,,
PT02871,2024-01-01,2024-01-02,2024-01-17,2024-01-25,Started,,
PT02872,2025-04-24,2025-04-29,2025-05-30,,Not Started,,
PT02873,2023-01-31,2023-02-07,2023-02-15,2023-02-17,Started,,
PT02874,2024-04-01,2024-04-02,2024-05-02,2024-05-14,Started,,
PT02875,2025-01-02,2025-01-09,2025-02-09,2025-02-14,Started,,
PT02876,2023-02-27,2023-03-02,2023-03-18,2023-03-28,Started,,
PT02877,2025-04-25,2025-04-26,2025-05-21,2025-05-27,Started,,
PT02878,2024-03-12,2024-03-17,2024-04-02,2024-04-06,Started,,
PT02879,2025-10-19,2025-10-22,2025-11-02,2025-11-09,Started,,
PT02880,2023-12-03,2023-12-04,2023-12-22,2023-12-25,Started,,
PT02881,2023-10-07,2023-10-09,2023-10-24,2023-10-26,Started,,
PT02882,2023-09-10,2023-09-17,2023-10-04,2023-10-17,Started,,
PT02883,2023-02-27,2023-03-02,2023-03-28,2023-04-03,Started,,
PT02884,2025-06-19,2025-06-24,2025-07-03,2025-07-13,Started,,
PT02885,2023-05-21,2023-05-26,2023-05-29,2023-06-06,Started,,
PT02886,2025-09-20,2025-09-23,2025-10-07,2025-10-19,Discontinued,2026-05-26,Adverse Event
PT02887,2023-06-04,2023-06-07,2023-07-07,2023-07-11,Discontinued,2023-12-19,Access Issue
PT02888,2023-01-27,2023-01-30,2023-02-02,2023-02-05,Started,,
PT02889,2023-03-30,2023-03-31,2023-04-09,2023-04-18,Discontinued,2023-10-12,Cost / Affordability
PT02890,2023-03-24,2023-03-25,2023-04-14,2023-04-20,Started,,
PT02891,2025-05-20,2025-05-22,2025-06-03,2025-06-09,Discontinued,2026-02-03,Adverse Event
PT02892,2024-07-23,2024-07-24,2024-08-11,2024-08-22,Started,,
PT02893,2025-10-09,2025-10-14,2025-11-01,,Not Started,,
PT02894,2025-12-17,2025-12-21,2025-12-31,2026-01-08,Started,,
PT02895,2023-06-02,2023-06-08,2023-06-27,2023-07-01,Started,,
PT02896,2023-08-16,2023-08-22,2023-09-17,2023-09-25,Started,,
PT02897,2023-05-27,2023-06-03,2023-06-28,2023-07-03,Started,,
PT02898,2025-03-12,2025-03-13,2025-03-29,2025-04-07,Started,,
PT02899,2025-10-13,2025-10-14,2025-10-30,2025-11-13,Started,,
PT02900,2025-12-06,2025-12-12,2025-12-20,2025-12-23,Started,,
PT02901,2025-03-11,2025-03-18,2025-04-15,2025-04-29,Started,,
PT02902,2023-03-25,2023-03-27,2023-04-18,,Not Started,,
PT02903,2025-02-01,2025-02-05,2025-02-20,2025-02-25,Started,,
PT02904,2023-06-20,2023-06-27,2023-07-21,2023-07-23,Started,,
PT02905,2023-03-26,2023-04-02,2023-04-11,2023-04-17,Started,,
PT02906,2024-12-02,2024-12-04,2024-12-24,2025-01-04,Started,,
PT02907,2025-03-09,2025-03-14,2025-04-13,2025-04-18,Started,,
PT02908,2023-10-10,2023-10-11,2023-10-19,2023-10-30,Started,,
PT02909,2023-12-07,2023-12-11,2023-12-18,2023-12-25,Started,,
PT02910,2025-01-02,2025-01-04,2025-01-21,2025-02-02,Started,,
PT02911,2023-04-30,2023-05-04,2023-05-10,2023-05-12,Started,,
PT02912,2025-09-14,2025-09-15,2025-10-03,,Not Started,,
PT02913,2023-02-10,2023-02-14,2023-03-10,,Not Started,,
PT02914,2025-06-04,2025-06-09,2025-07-01,2025-07-03,Started,,
PT02915,2024-10-08,2024-10-12,2024-11-06,2024-11-11,Discontinued,2025-03-05,Access Issue
PT02916,2024-10-13,2024-10-14,2024-11-09,2024-11-19,Started,,
PT02917,2023-02-18,2023-02-21,2023-03-17,,Not Started,,
PT02918,2024-05-30,2024-06-01,2024-06-12,2024-06-15,Started,,
PT02919,2024-02-22,2024-02-23,2024-02-28,,Not Started,,
PT02920,2024-08-01,2024-08-08,2024-08-25,,Not Started,,
PT02921,2023-02-23,2023-02-26,2023-03-26,2023-04-02,Started,,
PT02922,2024-12-03,2024-12-10,2024-12-27,2025-01-01,Started,,
PT02923,2025-02-03,2025-02-06,2025-02-24,2025-03-04,Started,,
PT02924,2025-11-25,2025-11-29,2025-12-29,2026-01-10,Started,,
PT02925,2023-05-14,2023-05-18,2023-06-13,2023-06-15,Started,,
PT02926,2023-10-16,2023-10-18,2023-11-07,2023-11-12,Started,,
PT02927,2023-06-28,2023-06-29,2023-07-13,2023-07-23,Discontinued,2023-12-03,Treatment Ineffectiveness
PT02928,2024-04-18,2024-04-20,2024-05-07,2024-05-13,Started,,
PT02929,2024-09-08,2024-09-13,2024-10-02,2024-10-10,Started,,
PT02930,2024-04-03,2024-04-05,2024-04-25,2024-04-29,Started,,
PT02931,2023-04-19,2023-04-21,2023-04-29,,Not Started,,
PT02932,2025-10-28,2025-10-30,2025-11-10,2025-11-24,Started,,
PT02933,2023-12-22,2023-12-25,2024-01-05,,Not Started,,
PT02934,2023-05-05,2023-05-09,2023-05-27,,Not Started,,
PT02935,2025-06-30,2025-07-05,2025-07-14,2025-07-26,Started,,
PT02936,2024-05-03,2024-05-07,2024-05-19,2024-05-21,Started,,
PT02937,2023-11-27,2023-12-04,2023-12-23,2023-12-29,Started,,
PT02938,2023-06-12,2023-06-19,2023-06-23,2023-06-27,Started,,
PT02939,2023-03-13,2023-03-14,2023-03-29,2023-04-01,Discontinued,2023-11-12,Adverse Event
PT02940,2025-06-24,2025-07-01,2025-07-19,2025-07-24,Started,,
PT02941,2024-07-26,2024-08-02,2024-08-23,2024-08-28,Started,,
PT02942,2024-06-10,2024-06-11,2024-07-03,2024-07-10,Started,,
PT02943,2023-06-19,2023-06-21,2023-07-05,2023-07-10,Started,,
PT02944,2024-02-08,2024-02-13,2024-02-22,2024-03-06,Discontinued,2024-06-20,Cost / Affordability
PT02945,2024-12-14,2024-12-17,2024-12-29,2025-01-02,Started,,
PT02946,2025-05-05,2025-05-09,2025-05-22,,Not Started,,
PT02947,2023-10-02,2023-10-05,2023-10-17,2023-10-19,Started,,
PT02948,2023-07-13,2023-07-19,2023-08-06,2023-08-17,Started,,
PT02949,2025-02-07,2025-02-11,2025-02-21,2025-02-25,Started,,
PT02950,2025-09-07,2025-09-08,2025-09-29,2025-10-13,Started,,
PT02951,2023-09-18,2023-09-22,2023-10-03,2023-10-06,Started,,
PT02952,2024-09-23,2024-09-24,2024-10-17,2024-10-24,Discontinued,2025-04-22,Cost / Affordability
PT02953,2023-08-15,2023-08-22,2023-08-31,,Not Started,,
PT02954,2023-02-02,2023-02-07,2023-02-13,2023-02-17,Started,,
PT02955,2023-02-18,2023-02-21,2023-03-05,2023-03-18,Started,,
PT02956,2024-05-10,2024-05-16,2024-05-25,2024-06-01,Started,,
PT02957,2023-01-10,2023-01-16,2023-02-01,2023-02-03,Started,,
PT02958,2025-01-30,2025-02-02,2025-02-24,2025-02-28,Started,,
PT02959,2023-04-28,2023-04-30,2023-05-15,2023-05-22,Started,,
PT02960,2024-07-17,2024-07-18,2024-08-01,2024-08-03,Started,,
PT02961,2024-05-21,2024-05-27,2024-06-04,2024-06-12,Started,,
PT02962,2023-12-17,2023-12-21,2024-01-01,2024-01-03,Started,,
PT02963,2025-12-15,2025-12-20,2026-01-07,,Not Started,,
PT02964,2023-03-19,2023-03-24,2023-04-05,2023-04-19,Started,,
PT02965,2024-06-13,2024-06-19,2024-07-17,,Not Started,,
PT02966,2024-06-02,2024-06-06,2024-06-19,2024-06-29,Started,,
PT02967,2023-11-05,2023-11-11,2023-11-21,2023-12-02,Started,,
PT02968,2024-06-12,2024-06-18,2024-07-22,2024-07-29,Started,,
PT02969,2024-01-20,2024-01-22,2024-02-18,2024-02-27,Started,,
PT02970,2023-03-28,2023-03-30,2023-04-17,2023-04-25,Discontinued,2023-11-19,Cost / Affordability
PT02971,2023-05-01,2023-05-05,2023-05-29,2023-06-10,Discontinued,2023-12-08,Access Issue
PT02972,2024-11-23,2024-11-28,2024-12-12,2024-12-24,Started,,
PT02973,2023-09-20,2023-09-25,2023-10-08,,Not Started,,
PT02974,2024-11-17,2024-11-23,2024-12-09,2024-12-20,Started,,
PT02975,2024-06-17,2024-06-18,2024-06-29,2024-07-07,Started,,
PT02976,2023-07-05,2023-07-11,2023-07-29,2023-08-10,Discontinued,2024-02-01,Patient Decision
PT02977,2023-02-20,2023-02-22,2023-03-22,2023-03-31,Started,,
PT02978,2023-04-27,2023-04-28,2023-05-07,2023-05-13,Started,,
PT02979,2023-03-10,2023-03-16,2023-04-04,2023-04-06,Started,,
PT02980,2025-07-19,2025-07-24,2025-07-31,,Not Started,,
PT02981,2024-06-23,2024-06-28,2024-07-26,2024-07-31,Started,,
PT02982,2024-03-27,2024-04-03,2024-04-14,2024-04-18,Started,,
PT02983,2025-10-28,2025-10-30,2025-11-09,2025-11-18,Started,,
PT02984,2024-04-29,2024-05-02,2024-05-16,2024-05-20,Discontinued,2024-08-03,Treatment Ineffectiveness
PT02985,2023-06-27,2023-06-28,2023-07-11,,Not Started,,
PT02986,2024-07-31,2024-08-06,2024-08-23,2024-08-26,Started,,
PT02987,2023-11-29,2023-11-30,2023-12-24,2024-01-05,Started,,
PT02988,2023-04-17,2023-04-20,2023-04-26,2023-05-01,Started,,
PT02989,2023-03-07,2023-03-08,2023-03-27,2023-04-09,Discontinued,2023-09-29,Patient Decision
PT02990,2024-06-13,2024-06-18,2024-07-07,2024-07-09,Discontinued,2024-11-21,Access Issue
PT02991,2025-10-11,2025-10-17,2025-10-27,2025-11-01,Started,,
PT02992,2023-10-22,2023-10-28,2023-11-09,2023-11-23,Started,,
PT02993,2025-03-28,2025-04-03,2025-04-29,2025-05-05,Started,,
PT02994,2023-03-24,2023-03-31,2023-04-10,2023-04-22,Started,,
PT02995,2023-08-29,2023-09-01,2023-10-01,,Not Started,,
PT02996,2025-10-21,2025-10-26,2025-11-26,,Not Started,,
PT02997,2025-06-12,2025-06-19,2025-07-05,2025-07-19,Started,,
PT02998,2024-06-01,2024-06-05,2024-06-17,2024-06-24,Started,,
PT02999,2025-06-01,2025-06-05,2025-06-19,2025-06-23,Started,,
PT03000,2025-07-23,2025-07-29,2025-08-14,2025-08-19,Started,,
PT03001,2025-02-23,2025-03-01,2025-03-18,2025-03-20,Discontinued,2025-08-18,Treatment Ineffectiveness
PT03002,2023-07-24,2023-07-29,2023-08-13,2023-08-26,Started,,
PT03003,2024-02-23,2024-02-25,2024-03-16,2024-03-19,Discontinued,2024-09-11,Treatment Ineffectiveness
PT03004,2023-08-30,2023-09-06,2023-09-18,2023-09-23,Started,,
PT03005,2024-11-14,2024-11-17,2024-12-13,2024-12-26,Started,,
PT03006,2023-05-08,2023-05-11,2023-06-08,2023-06-12,Started,,
PT03007,2023-02-20,2023-02-26,2023-03-12,2023-03-16,Started,,
PT03008,2024-01-01,2024-01-06,2024-01-25,2024-01-27,Started,,
PT03009,2024-11-02,2024-11-03,2024-11-08,2024-11-12,Started,,
PT03010,2025-09-20,2025-09-26,2025-10-02,2025-10-04,Started,,
PT03011,2023-02-03,2023-02-04,2023-02-20,2023-02-25,Discontinued,2023-07-12,Access Issue
PT03012,2024-02-19,2024-02-25,2024-03-07,2024-03-18,Started,,
PT03013,2023-06-17,2023-06-18,2023-07-15,2023-07-20,Started,,
PT03014,2025-06-16,2025-06-17,2025-07-03,2025-07-12,Discontinued,2025-09-11,Cost / Affordability
PT03015,2023-11-06,2023-11-13,2023-11-30,2023-12-12,Started,,
PT03016,2025-10-27,2025-11-03,2025-12-01,,Not Started,,
PT03017,2024-02-14,2024-02-20,2024-03-16,2024-03-23,Started,,
PT03018,2025-04-03,2025-04-05,2025-04-26,2025-05-08,Started,,
PT03019,2023-05-06,2023-05-13,2023-05-30,2023-06-10,Started,,
PT03020,2023-11-24,2023-11-26,2023-12-07,2023-12-14,Started,,
PT03021,2025-04-26,2025-05-02,2025-05-14,,Not Started,,
PT03022,2024-06-07,2024-06-11,2024-07-05,2024-07-18,Discontinued,2024-09-28,Treatment Ineffectiveness
PT03023,2025-11-02,2025-11-09,2025-11-29,2025-12-03,Started,,
PT03024,2025-09-06,2025-09-08,2025-10-08,2025-10-11,Started,,
PT03025,2024-10-12,2024-10-13,2024-11-02,2024-11-14,Started,,
PT03026,2025-11-28,2025-11-30,2025-12-22,2026-01-03,Started,,
PT03027,2024-07-28,2024-08-03,2024-08-10,2024-08-17,Started,,
PT03028,2025-09-17,2025-09-24,2025-10-16,2025-10-22,Started,,
PT03029,2025-08-22,2025-08-29,2025-09-23,2025-09-30,Started,,
PT03030,2025-07-19,2025-07-26,2025-08-03,2025-08-16,Started,,
PT03031,2023-06-02,2023-06-05,2023-07-05,2023-07-14,Started,,
PT03032,2024-01-30,2024-02-06,2024-02-16,2024-02-24,Started,,
PT03033,2023-08-01,2023-08-05,2023-08-24,2023-08-30,Started,,
PT03034,2023-08-02,2023-08-07,2023-08-21,,Not Started,,
PT03035,2024-03-13,2024-03-18,2024-04-20,2024-04-28,Started,,
PT03036,2023-11-29,2023-11-30,2023-12-18,,Not Started,,
PT03037,2023-12-23,2023-12-27,2024-01-14,2024-01-28,Started,,
PT03038,2023-09-05,2023-09-11,2023-10-04,2023-10-11,Discontinued,2023-12-19,Adverse Event
PT03039,2025-06-17,2025-06-23,2025-07-19,2025-07-26,Started,,
PT03040,2024-11-04,2024-11-10,2024-11-25,2024-11-27,Started,,
PT03041,2023-11-10,2023-11-16,2023-11-23,,Not Started,,
PT03042,2025-11-13,2025-11-20,2025-12-10,,Not Started,,
PT03043,2024-08-15,2024-08-16,2024-08-30,,Not Started,,
PT03044,2025-06-04,2025-06-10,2025-06-29,2025-07-12,Started,,
PT03045,2025-09-07,2025-09-10,2025-09-20,2025-10-01,Started,,
PT03046,2024-06-23,2024-06-30,2024-07-18,,Not Started,,
PT03047,2024-11-21,2024-11-28,2024-12-13,,Not Started,,
PT03048,2023-04-05,2023-04-08,2023-04-27,2023-05-02,Discontinued,2023-08-05,Access Issue
PT03049,2024-02-11,2024-02-18,2024-03-07,2024-03-21,Started,,
PT03050,2023-09-28,2023-09-29,2023-10-17,2023-10-30,Started,,
PT03051,2023-10-01,2023-10-08,2023-10-26,2023-10-29,Discontinued,2024-04-24,Cost / Affordability
PT03052,2023-09-27,2023-10-02,2023-10-12,2023-10-24,Started,,
PT03053,2024-06-19,2024-06-22,2024-07-01,2024-07-11,Started,,
PT03054,2025-08-06,2025-08-08,2025-08-27,2025-09-06,Started,,
PT03055,2024-05-01,2024-05-03,2024-05-15,2024-05-27,Started,,
PT03056,2024-06-17,2024-06-18,2024-07-01,2024-07-10,Discontinued,2025-03-05,Treatment Ineffectiveness
PT03057,2024-07-23,2024-07-25,2024-07-31,2024-08-02,Started,,
PT03058,2025-03-09,2025-03-10,2025-04-03,2025-04-16,Started,,
PT03059,2024-10-04,2024-10-09,2024-10-27,,Not Started,,
PT03060,2024-05-17,2024-05-23,2024-06-12,2024-06-21,Started,,
PT03061,2025-06-12,2025-06-18,2025-06-30,2025-07-04,Started,,
PT03062,2025-08-08,2025-08-15,2025-08-19,,Not Started,,
PT03063,2025-02-17,2025-02-22,2025-03-14,2025-03-25,Started,,
PT03064,2023-09-19,2023-09-23,2023-10-04,2023-10-07,Started,,
PT03065,2024-01-19,2024-01-20,2024-02-08,2024-02-20,Started,,
PT03066,2023-12-22,2023-12-24,2024-01-12,,Not Started,,
PT03067,2025-10-23,2025-10-28,2025-11-06,,Not Started,,
PT03068,2025-07-16,2025-07-21,2025-08-12,2025-08-26,Started,,
PT03069,2025-03-20,2025-03-24,2025-03-30,2025-04-12,Started,,
PT03070,2024-07-07,2024-07-09,2024-07-25,2024-08-04,Started,,
PT03071,2025-02-25,2025-03-02,2025-03-28,2025-03-30,Started,,
PT03072,2025-10-03,2025-10-10,2025-10-20,,Not Started,,
PT03073,2025-01-18,2025-01-21,2025-02-05,2025-02-18,Started,,
PT03074,2024-03-31,2024-04-02,2024-04-12,2024-04-22,Started,,
PT03075,2024-01-06,2024-01-08,2024-01-27,2024-02-08,Started,,
PT03076,2024-02-12,2024-02-18,2024-03-03,,Not Started,,
PT03077,2023-04-08,2023-04-14,2023-05-09,2023-05-21,Started,,
PT03078,2023-06-28,2023-06-30,2023-07-23,2023-07-30,Started,,
PT03079,2025-05-10,2025-05-12,2025-05-31,,Not Started,,
PT03080,2023-12-12,2023-12-17,2024-01-13,2024-01-17,Started,,
PT03081,2023-03-18,2023-03-21,2023-04-12,2023-04-16,Started,,
PT03082,2023-11-21,2023-11-25,2023-12-03,2023-12-16,Started,,
PT03083,2024-01-03,2024-01-08,2024-02-01,2024-02-04,Started,,
PT03084,2024-05-05,2024-05-07,2024-05-24,2024-06-02,Started,,
PT03085,2025-04-20,2025-04-23,2025-05-17,2025-05-29,Started,,
PT03086,2024-11-14,2024-11-21,2024-12-02,2024-12-13,Started,,
PT03087,2023-11-12,2023-11-19,2023-12-14,,Not Started,,
PT03088,2024-04-07,2024-04-11,2024-05-01,,Not Started,,
PT03089,2023-09-13,2023-09-19,2023-10-13,2023-10-19,Started,,
PT03090,2025-11-26,2025-11-28,2025-12-19,2025-12-30,Started,,
PT03091,2024-11-13,2024-11-17,2024-11-29,2024-12-11,Started,,
PT03092,2024-05-28,2024-05-31,2024-06-11,2024-06-22,Started,,
PT03093,2023-08-21,2023-08-25,2023-09-10,2023-09-12,Started,,
PT03094,2023-09-10,2023-09-16,2023-10-06,2023-10-09,Discontinued,2024-05-10,Treatment Ineffectiveness
PT03095,2024-12-05,2024-12-07,2025-01-03,2025-01-13,Started,,
PT03096,2025-02-28,2025-03-07,2025-04-01,2025-04-04,Started,,
PT03097,2024-09-21,2024-09-25,2024-10-05,2024-10-12,Started,,
PT03098,2024-09-04,2024-09-10,2024-09-22,2024-10-02,Started,,
PT03099,2024-01-03,2024-01-09,2024-02-05,2024-02-19,Started,,
PT03100,2024-06-16,2024-06-20,2024-07-11,2024-07-16,Started,,
PT03101,2023-05-08,2023-05-15,2023-05-21,2023-05-29,Started,,
PT03102,2024-07-30,2024-08-01,2024-08-05,2024-08-18,Started,,
PT03103,2025-05-06,2025-05-12,2025-06-06,2025-06-15,Started,,
PT03104,2025-07-19,2025-07-23,2025-08-08,2025-08-13,Started,,
PT03105,2025-11-16,2025-11-20,2025-12-04,2025-12-10,Started,,
PT03106,2025-04-24,2025-04-29,2025-05-18,2025-05-27,Started,,
PT03107,2023-04-05,2023-04-11,2023-04-23,,Not Started,,
PT03108,2024-07-17,2024-07-19,2024-07-25,2024-08-06,Started,,
PT03109,2024-06-04,2024-06-07,2024-06-24,2024-07-01,Started,,
PT03110,2025-06-04,2025-06-05,2025-06-27,2025-07-09,Started,,
PT03111,2024-09-26,2024-10-03,2024-10-21,,Not Started,,
PT03112,2025-09-03,2025-09-05,2025-09-19,2025-10-03,Started,,
PT03113,2023-04-05,2023-04-09,2023-04-29,2023-05-10,Discontinued,2023-11-13,Cost / Affordability
PT03114,2025-02-10,2025-02-15,2025-03-10,2025-03-15,Started,,
PT03115,2024-03-05,2024-03-12,2024-03-31,2024-04-05,Discontinued,2024-10-09,Adverse Event
PT03116,2025-08-22,2025-08-23,2025-09-25,,Not Started,,
PT03117,2023-05-06,2023-05-10,2023-05-29,2023-06-02,Started,,
PT03118,2023-08-22,2023-08-25,2023-09-16,2023-09-23,Started,,
PT03119,2023-06-05,2023-06-08,2023-06-28,2023-07-10,Discontinued,2023-09-13,Patient Decision
PT03120,2023-07-21,2023-07-22,2023-07-29,2023-08-08,Started,,
PT03121,2024-06-26,2024-07-02,2024-07-29,2024-08-11,Started,,
PT03122,2023-07-17,2023-07-21,2023-07-28,2023-08-06,Started,,
PT03123,2024-06-27,2024-06-30,2024-07-24,2024-07-31,Started,,
PT03124,2024-07-28,2024-08-03,2024-08-15,,Not Started,,
PT03125,2023-12-19,2023-12-21,2024-01-24,2024-02-02,Started,,
PT03126,2024-10-17,2024-10-23,2024-11-06,2024-11-20,Started,,
PT03127,2023-03-15,2023-03-17,2023-04-09,2023-04-16,Discontinued,2023-10-22,Patient Decision
PT03128,2025-12-02,2025-12-07,2025-12-18,2025-12-29,Discontinued,2026-08-08,Treatment Ineffectiveness
PT03129,2023-09-29,2023-10-02,2023-10-24,2023-11-05,Started,,
PT03130,2024-11-29,2024-12-05,2024-12-18,2024-12-21,Started,,
PT03131,2023-03-23,2023-03-27,2023-04-21,,Not Started,,
PT03132,2023-11-18,2023-11-20,2023-12-01,2023-12-07,Started,,
PT03133,2023-04-10,2023-04-12,2023-05-06,2023-05-18,Started,,
PT03134,2024-09-20,2024-09-24,2024-09-28,,Not Started,,
PT03135,2024-02-25,2024-02-27,2024-03-21,,Not Started,,
PT03136,2024-09-01,2024-09-08,2024-09-22,2024-10-04,Started,,
PT03137,2024-02-29,2024-03-06,2024-03-13,2024-03-23,Started,,
PT03138,2023-04-09,2023-04-14,2023-05-07,2023-05-09,Started,,
PT03139,2025-03-22,2025-03-25,2025-04-18,2025-04-23,Started,,
PT03140,2024-09-28,2024-10-04,2024-10-27,2024-11-07,Started,,
PT03141,2023-11-02,2023-11-05,2023-11-19,2023-11-21,Started,,
PT03142,2023-10-20,2023-10-25,2023-11-18,,Not Started,,
PT03143,2024-08-07,2024-08-09,2024-08-23,2024-09-04,Started,,
PT03144,2024-09-11,2024-09-13,2024-10-08,2024-10-13,Discontinued,2024-12-14,Treatment Ineffectiveness
PT03145,2023-12-11,2023-12-16,2024-01-05,2024-01-15,Started,,
PT03146,2023-08-17,2023-08-23,2023-09-17,2023-09-27,Started,,
PT03147,2023-01-06,2023-01-13,2023-02-07,2023-02-19,Started,,
PT03148,2025-11-22,2025-11-27,2025-12-04,2025-12-08,Started,,
PT03149,2024-03-09,2024-03-16,2024-03-29,2024-04-11,Started,,
PT03150,2023-02-24,2023-02-25,2023-03-26,2023-04-09,Started,,
PT03151,2025-05-27,2025-06-01,2025-06-14,2025-06-16,Started,,
PT03152,2024-12-05,2024-12-07,2024-12-26,2025-01-09,Started,,
PT03153,2023-09-15,2023-09-16,2023-09-29,2023-10-08,Started,,
PT03154,2025-11-15,2025-11-18,2025-12-09,,Not Started,,
PT03155,2024-04-01,2024-04-05,2024-04-24,2024-05-05,Started,,
PT03156,2025-03-20,2025-03-23,2025-04-07,2025-04-13,Started,,
PT03157,2025-04-09,2025-04-12,2025-05-04,2025-05-14,Started,,
PT03158,2025-10-01,2025-10-08,2025-10-23,2025-11-02,Started,,
PT03159,2025-08-21,2025-08-28,2025-09-05,2025-09-18,Started,,
PT03160,2023-11-16,2023-11-17,2023-11-30,2023-12-09,Started,,
PT03161,2024-02-05,2024-02-09,2024-02-26,2024-02-29,Discontinued,2024-04-16,Adverse Event
PT03162,2024-09-15,2024-09-16,2024-09-30,2024-10-05,Started,,
PT03163,2025-04-18,2025-04-19,2025-04-29,2025-05-13,Started,,
PT03164,2023-02-04,2023-02-06,2023-02-14,2023-02-16,Started,,
PT03165,2024-02-20,2024-02-27,2024-03-22,2024-03-24,Started,,
PT03166,2023-11-08,2023-11-13,2023-11-23,2023-12-06,Started,,
PT03167,2025-03-22,2025-03-28,2025-04-11,2025-04-16,Started,,
PT03168,2025-05-23,2025-05-27,2025-06-12,2025-06-15,Started,,
PT03169,2024-08-19,2024-08-21,2024-09-07,2024-09-10,Discontinued,2025-02-07,Cost / Affordability
PT03170,2024-10-09,2024-10-16,2024-10-30,2024-11-05,Discontinued,2024-12-21,Access Issue
PT03171,2024-01-30,2024-02-02,2024-02-16,,Not Started,,
PT03172,2025-03-15,2025-03-21,2025-03-29,2025-04-08,Started,,
PT03173,2025-08-13,2025-08-17,2025-09-11,2025-09-19,Started,,
PT03174,2023-06-05,2023-06-12,2023-07-04,2023-07-13,Started,,
PT03175,2024-09-13,2024-09-14,2024-09-27,2024-10-02,Started,,
PT03176,2025-09-22,2025-09-27,2025-10-06,2025-10-15,Started,,
PT03177,2024-09-29,2024-10-02,2024-10-06,2024-10-16,Started,,
PT03178,2024-08-03,2024-08-08,2024-08-18,2024-08-24,Started,,
PT03179,2023-07-22,2023-07-23,2023-07-26,2023-08-08,Started,,
PT03180,2025-11-07,2025-11-09,2025-11-27,2025-12-09,Started,,
PT03181,2023-10-27,2023-10-29,2023-11-11,2023-11-22,Started,,
PT03182,2023-06-26,2023-06-28,2023-07-17,2023-07-30,Started,,
PT03183,2023-11-07,2023-11-12,2023-11-26,2023-12-07,Discontinued,2024-08-02,Treatment Ineffectiveness
PT03184,2023-08-16,2023-08-21,2023-09-08,2023-09-20,Started,,
PT03185,2024-07-09,2024-07-14,2024-07-26,,Not Started,,
PT03186,2024-11-22,2024-11-27,2024-12-01,2024-12-10,Started,,
PT03187,2024-06-07,2024-06-12,2024-07-12,,Not Started,,
PT03188,2023-07-14,2023-07-15,2023-08-02,2023-08-15,Started,,
PT03189,2023-08-18,2023-08-19,2023-09-05,2023-09-08,Started,,
PT03190,2024-01-12,2024-01-15,2024-02-05,2024-02-14,Started,,
PT03191,2025-10-18,2025-10-22,2025-11-05,,Not Started,,
PT03192,2025-01-20,2025-01-21,2025-02-04,,Not Started,,
PT03193,2025-07-29,2025-08-03,2025-08-28,2025-09-10,Started,,
PT03194,2023-03-28,2023-03-31,2023-04-24,2023-05-03,Started,,
PT03195,2023-01-02,2023-01-07,2023-01-24,2023-02-04,Started,,
PT03196,2024-01-06,2024-01-09,2024-01-25,2024-02-08,Started,,
PT03197,2025-04-15,2025-04-22,2025-05-12,2025-05-20,Started,,
PT03198,2024-03-16,2024-03-23,2024-04-12,2024-04-26,Discontinued,2024-12-13,Access Issue
PT03199,2023-11-13,2023-11-14,2023-11-30,2023-12-14,Started,,
PT03200,2024-08-02,2024-08-09,2024-08-20,2024-08-24,Started,,
PT03201,2025-07-13,2025-07-18,2025-07-21,2025-07-27,Started,,
PT03202,2025-01-21,2025-01-22,2025-01-31,2025-02-06,Started,,
PT03203,2024-01-11,2024-01-17,2024-01-30,2024-02-08,Started,,
PT03204,2023-05-21,2023-05-26,2023-05-30,2023-06-01,Started,,
PT03205,2023-05-29,2023-05-30,2023-06-17,2023-06-19,Started,,
PT03206,2023-01-11,2023-01-13,2023-01-30,2023-02-07,Started,,
PT03207,2025-11-21,2025-11-25,2025-12-14,2025-12-16,Discontinued,2026-06-21,Cost / Affordability
PT03208,2023-10-29,2023-11-03,2023-11-07,2023-11-11,Started,,
PT03209,2023-08-17,2023-08-21,2023-08-30,2023-09-09,Started,,
PT03210,2023-07-08,2023-07-15,2023-07-29,2023-08-03,Discontinued,2024-01-12,Access Issue
PT03211,2023-12-17,2023-12-18,2023-12-24,2023-12-30,Started,,
PT03212,2023-11-12,2023-11-15,2023-12-06,2023-12-18,Started,,
PT03213,2025-08-21,2025-08-22,2025-09-05,2025-09-14,Started,,
PT03214,2024-08-24,2024-08-25,2024-09-09,2024-09-20,Started,,
PT03215,2023-10-25,2023-10-30,2023-11-22,2023-12-06,Started,,
PT03216,2024-06-20,2024-06-23,2024-06-28,2024-07-07,Started,,
PT03217,2024-04-01,2024-04-08,2024-04-19,2024-05-01,Started,,
PT03218,2024-10-30,2024-11-03,2024-11-22,2024-11-26,Started,,
PT03219,2025-02-23,2025-03-02,2025-03-13,2025-03-15,Started,,
PT03220,2025-07-14,2025-07-20,2025-08-01,2025-08-14,Started,,
PT03221,2023-08-09,2023-08-15,2023-09-07,2023-09-21,Started,,
PT03222,2023-06-12,2023-06-17,2023-06-30,2023-07-12,Discontinued,2023-11-06,Cost / Affordability
PT03223,2025-11-25,2025-11-29,2025-12-16,2025-12-29,Started,,
PT03224,2025-12-20,2025-12-22,2026-01-05,2026-01-17,Started,,
PT03225,2023-03-07,2023-03-14,2023-03-27,2023-03-31,Started,,
PT03226,2024-02-16,2024-02-20,2024-03-14,2024-03-18,Started,,
PT03227,2025-10-10,2025-10-14,2025-11-01,,Not Started,,
PT03228,2025-03-18,2025-03-25,2025-04-02,2025-04-09,Started,,
PT03229,2023-12-11,2023-12-14,2024-01-09,2024-01-20,Started,,
PT03230,2024-01-08,2024-01-14,2024-02-09,2024-02-23,Started,,
PT03231,2025-12-20,2025-12-24,2026-01-14,2026-01-16,Started,,
PT03232,2024-05-31,2024-06-05,2024-06-13,2024-06-23,Started,,
PT03233,2023-01-21,2023-01-22,2023-02-10,2023-02-20,Started,,
PT03234,2023-05-06,2023-05-08,2023-05-17,2023-05-20,Started,,
PT03235,2024-07-01,2024-07-04,2024-07-17,2024-07-31,Started,,
PT03236,2023-09-10,2023-09-14,2023-10-07,2023-10-19,Started,,
PT03237,2023-05-03,2023-05-05,2023-05-24,2023-05-28,Discontinued,2023-11-18,Treatment Ineffectiveness
PT03238,2025-03-31,2025-04-03,2025-04-29,,Not Started,,
PT03239,2025-04-28,2025-04-29,2025-05-02,2025-05-14,Started,,
PT03240,2025-01-20,2025-01-26,2025-02-05,2025-02-11,Started,,
PT03241,2023-06-05,2023-06-06,2023-06-29,2023-07-10,Started,,
PT03242,2024-07-15,2024-07-20,2024-07-29,,Not Started,,
PT03243,2023-11-19,2023-11-26,2023-12-16,2023-12-21,Started,,
PT03244,2023-08-28,2023-08-29,2023-09-19,2023-10-01,Started,,
PT03245,2025-01-05,2025-01-07,2025-01-20,2025-01-28,Started,,
PT03246,2025-03-01,2025-03-03,2025-03-18,2025-03-31,Started,,
PT03247,2025-07-01,2025-07-06,2025-07-22,,Not Started,,
PT03248,2025-11-05,2025-11-11,2025-12-04,2025-12-08,Started,,
PT03249,2023-10-01,2023-10-02,2023-10-23,2023-10-28,Started,,
PT03250,2025-05-23,2025-05-26,2025-06-11,2025-06-24,Started,,
PT03251,2023-02-28,2023-03-07,2023-03-30,2023-04-13,Started,,
PT03252,2024-04-30,2024-05-01,2024-05-10,2024-05-12,Started,,
PT03253,2024-07-02,2024-07-04,2024-07-15,2024-07-18,Started,,
PT03254,2024-12-07,2024-12-10,2024-12-23,2024-12-28,Started,,
PT03255,2025-09-19,2025-09-24,2025-10-23,2025-10-30,Started,,
PT03256,2023-10-12,2023-10-17,2023-10-24,2023-10-30,Started,,
PT03257,2023-10-18,2023-10-21,2023-11-02,2023-11-15,Discontinued,2024-03-03,Treatment Ineffectiveness
PT03258,2025-12-15,2025-12-22,2026-01-18,2026-01-21,Started,,
PT03259,2023-09-24,2023-09-25,2023-10-19,2023-10-23,Started,,
PT03260,2023-10-14,2023-10-17,2023-10-20,2023-11-03,Discontinued,2024-02-20,Cost / Affordability
PT03261,2025-01-23,2025-01-27,2025-02-16,2025-03-01,Started,,
PT03262,2023-04-24,2023-05-01,2023-05-25,,Not Started,,
PT03263,2024-01-16,2024-01-22,2024-02-05,2024-02-07,Started,,
PT03264,2023-10-07,2023-10-13,2023-11-04,2023-11-09,Started,,
PT03265,2025-02-22,2025-03-01,2025-03-27,2025-04-02,Discontinued,2025-09-03,Patient Decision
PT03266,2023-10-08,2023-10-09,2023-10-27,2023-11-05,Started,,
PT03267,2025-07-28,2025-07-29,2025-08-10,2025-08-16,Started,,
PT03268,2025-05-10,2025-05-12,2025-05-30,,Not Started,,
PT03269,2024-02-25,2024-02-28,2024-03-16,,Not Started,,
PT03270,2023-12-21,2023-12-25,2024-01-19,2024-02-01,Started,,
PT03271,2025-12-03,2025-12-10,2025-12-18,2025-12-26,Started,,
PT03272,2024-05-27,2024-05-31,2024-06-23,2024-06-30,Started,,
PT03273,2025-07-25,2025-07-30,2025-08-11,2025-08-20,Started,,
PT03274,2024-12-21,2024-12-27,2025-01-08,2025-01-14,Started,,
PT03275,2025-12-24,2025-12-28,2026-01-18,2026-01-21,Started,,
PT03276,2025-09-12,2025-09-17,2025-10-05,2025-10-10,Started,,
PT03277,2024-10-14,2024-10-15,2024-10-22,2024-11-02,Started,,
PT03278,2025-06-18,2025-06-25,2025-07-01,2025-07-05,Started,,
PT03279,2025-12-21,2025-12-23,2026-01-21,2026-01-26,Started,,
PT03280,2025-03-28,2025-03-30,2025-04-18,2025-04-22,Started,,
PT03281,2023-06-11,2023-06-12,2023-06-27,2023-07-01,Started,,
PT03282,2024-08-15,2024-08-20,2024-09-10,2024-09-17,Started,,
PT03283,2024-12-24,2024-12-25,2025-01-14,2025-01-17,Started,,
PT03284,2025-09-11,2025-09-16,2025-10-04,2025-10-13,Started,,
PT03285,2023-10-16,2023-10-23,2023-11-07,2023-11-10,Started,,
PT03286,2024-04-15,2024-04-17,2024-04-22,2024-05-05,Started,,
PT03287,2025-09-02,2025-09-03,2025-09-23,2025-10-04,Started,,
PT03288,2024-04-23,2024-04-25,2024-05-03,2024-05-09,Started,,
PT03289,2024-08-06,2024-08-07,2024-08-25,2024-09-08,Started,,
PT03290,2024-03-21,2024-03-27,2024-04-21,,Not Started,,
PT03291,2023-04-11,2023-04-17,2023-04-29,2023-05-02,Started,,
PT03292,2023-09-16,2023-09-17,2023-09-29,2023-10-05,Discontinued,2024-04-01,Treatment Ineffectiveness
PT03293,2025-01-11,2025-01-17,2025-02-08,,Not Started,,
PT03294,2023-07-20,2023-07-25,2023-08-09,2023-08-15,Started,,
PT03295,2025-07-08,2025-07-14,2025-07-17,2025-07-19,Discontinued,2026-03-11,Patient Decision
PT03296,2025-05-17,2025-05-21,2025-06-15,2025-06-20,Started,,
PT03297,2025-01-30,2025-02-02,2025-02-17,2025-02-22,Started,,
PT03298,2025-05-04,2025-05-07,2025-05-15,2025-05-27,Started,,
PT03299,2025-11-26,2025-12-01,2025-12-27,2026-01-02,Started,,
PT03300,2023-04-16,2023-04-20,2023-05-13,,Not Started,,
PT03301,2025-06-14,2025-06-17,2025-07-10,2025-07-21,Started,,
PT03302,2023-01-29,2023-01-31,2023-02-12,2023-02-16,Started,,
PT03303,2023-06-06,2023-06-10,2023-06-27,2023-06-30,Started,,
PT03304,2025-09-21,2025-09-26,2025-10-17,2025-10-22,Started,,
PT03305,2025-09-12,2025-09-14,2025-10-01,2025-10-09,Started,,
PT03306,2023-08-19,2023-08-23,2023-09-21,2023-09-30,Discontinued,2024-02-23,Patient Decision
PT03307,2024-09-24,2024-09-25,2024-10-12,2024-10-25,Started,,
PT03308,2024-04-02,2024-04-06,2024-04-19,2024-05-02,Discontinued,2024-12-23,Cost / Affordability
PT03309,2024-05-01,2024-05-06,2024-05-26,2024-06-03,Discontinued,2024-09-07,Treatment Ineffectiveness
PT03310,2025-12-02,2025-12-04,2025-12-29,2025-12-31,Started,,
PT03311,2024-02-07,2024-02-10,2024-02-24,2024-03-06,Started,,
PT03312,2025-05-25,2025-05-28,2025-06-19,2025-06-28,Discontinued,2025-11-13,Cost / Affordability
PT03313,2025-10-15,2025-10-19,2025-10-31,2025-11-08,Discontinued,2026-03-02,Access Issue
PT03314,2024-02-27,2024-02-28,2024-03-15,2024-03-17,Discontinued,2024-06-19,Patient Decision
PT03315,2025-01-31,2025-02-03,2025-02-21,2025-02-28,Started,,
PT03316,2023-10-21,2023-10-22,2023-11-03,2023-11-13,Discontinued,2024-03-30,Access Issue
PT03317,2023-12-22,2023-12-27,2024-01-16,2024-01-24,Started,,
PT03318,2025-06-27,2025-07-04,2025-07-15,,Not Started,,
PT03319,2024-06-07,2024-06-08,2024-06-21,2024-06-27,Started,,
PT03320,2025-02-01,2025-02-03,2025-02-19,,Not Started,,
PT03321,2025-09-06,2025-09-08,2025-10-04,2025-10-09,Started,,
PT03322,2025-09-04,2025-09-09,2025-10-10,,Not Started,,
PT03323,2025-02-08,2025-02-13,2025-02-24,2025-02-26,Started,,
PT03324,2023-12-27,2023-12-28,2024-01-29,2024-02-05,Started,,
PT03325,2024-07-26,2024-07-31,2024-08-27,,Not Started,,
PT03326,2023-04-13,2023-04-16,2023-05-06,,Not Started,,
PT03327,2023-01-13,2023-01-14,2023-01-23,2023-02-05,Started,,
PT03328,2025-03-08,2025-03-14,2025-04-07,2025-04-13,Started,,
PT03329,2023-01-08,2023-01-09,2023-02-03,2023-02-15,Started,,
PT03330,2024-09-05,2024-09-07,2024-09-23,,Not Started,,
PT03331,2024-10-10,2024-10-14,2024-11-11,2024-11-21,Started,,
PT03332,2025-03-08,2025-03-12,2025-03-15,2025-03-18,Started,,
PT03333,2023-04-21,2023-04-27,2023-05-04,,Not Started,,
PT03334,2025-01-04,2025-01-06,2025-01-30,2025-02-12,Started,,
PT03335,2025-02-03,2025-02-05,2025-02-21,2025-03-05,Started,,
PT03336,2023-04-19,2023-04-24,2023-05-08,2023-05-16,Started,,
PT03337,2025-04-01,2025-04-02,2025-04-16,,Not Started,,
PT03338,2024-04-11,2024-04-16,2024-04-23,2024-04-29,Started,,
PT03339,2024-10-24,2024-10-28,2024-11-15,2024-11-21,Started,,
PT03340,2025-11-10,2025-11-17,2025-12-06,,Not Started,,
PT03341,2024-09-28,2024-09-30,2024-10-14,2024-10-27,Started,,
PT03342,2024-01-22,2024-01-27,2024-02-22,2024-03-07,Started,,
PT03343,2025-08-30,2025-09-04,2025-09-12,2025-09-23,Started,,
PT03344,2024-02-25,2024-03-03,2024-03-22,2024-04-04,Discontinued,2024-11-29,Adverse Event
PT03345,2024-02-29,2024-03-04,2024-03-20,2024-03-27,Started,,
PT03346,2024-04-21,2024-04-26,2024-05-10,2024-05-14,Started,,
PT03347,2024-11-20,2024-11-26,2024-12-09,2024-12-20,Started,,
PT03348,2025-05-17,2025-05-19,2025-05-24,2025-05-26,Started,,
PT03349,2025-12-17,2025-12-18,2025-12-30,2026-01-10,Started,,
PT03350,2023-04-06,2023-04-08,2023-04-20,2023-04-28,Started,,
PT03351,2023-07-23,2023-07-30,2023-08-19,2023-08-30,Started,,
PT03352,2024-06-23,2024-06-29,2024-07-16,2024-07-27,Discontinued,2025-02-04,Access Issue
PT03353,2024-08-22,2024-08-24,2024-09-14,2024-09-17,Started,,
PT03354,2024-12-08,2024-12-13,2025-01-12,2025-01-14,Started,,
PT03355,2025-12-17,2025-12-24,2026-01-15,,Not Started,,
PT03356,2024-08-11,2024-08-18,2024-08-31,2024-09-05,Started,,
PT03357,2025-11-08,2025-11-13,2025-12-14,2025-12-25,Started,,
PT03358,2024-08-01,2024-08-05,2024-08-30,2024-09-02,Started,,
PT03359,2023-04-23,2023-04-30,2023-05-12,,Not Started,,
PT03360,2023-04-17,2023-04-22,2023-05-17,2023-05-19,Started,,
PT03361,2025-04-10,2025-04-14,2025-05-15,,Not Started,,
PT03362,2023-03-16,2023-03-19,2023-04-10,2023-04-16,Started,,
PT03363,2024-11-03,2024-11-05,2024-11-23,,Not Started,,
PT03364,2024-10-25,2024-10-27,2024-11-22,2024-12-02,Started,,
PT03365,2024-12-26,2024-12-30,2025-01-11,,Not Started,,
PT03366,2025-04-20,2025-04-24,2025-05-16,2025-05-22,Started,,
PT03367,2024-11-21,2024-11-25,2024-12-18,2024-12-26,Started,,
PT03368,2024-03-13,2024-03-16,2024-03-30,2024-04-11,Started,,
PT03369,2025-12-01,2025-12-07,2025-12-29,2026-01-01,Started,,
PT03370,2024-09-29,2024-10-03,2024-10-10,2024-10-13,Started,,
PT03371,2025-04-16,2025-04-17,2025-05-10,2025-05-19,Started,,
PT03372,2025-03-25,2025-03-31,2025-04-17,,Not Started,,
PT03373,2023-05-18,2023-05-24,2023-06-07,2023-06-15,Started,,
PT03374,2024-01-24,2024-01-30,2024-02-11,2024-02-18,Started,,
PT03375,2024-01-12,2024-01-13,2024-02-07,,Not Started,,
PT03376,2024-12-23,2024-12-24,2025-01-26,2025-01-28,Started,,
PT03377,2024-08-07,2024-08-08,2024-08-24,2024-08-28,Started,,
PT03378,2024-12-02,2024-12-04,2024-12-22,2025-01-05,Started,,
PT03379,2023-11-02,2023-11-04,2023-12-05,2023-12-10,Started,,
PT03380,2025-09-10,2025-09-11,2025-10-02,2025-10-14,Started,,
PT03381,2024-07-23,2024-07-25,2024-08-07,2024-08-13,Started,,
PT03382,2025-11-29,2025-12-06,2026-01-01,2026-01-15,Started,,
PT03383,2025-06-02,2025-06-08,2025-07-01,2025-07-04,Started,,
PT03384,2025-06-13,2025-06-16,2025-07-03,,Not Started,,
PT03385,2024-10-26,2024-10-28,2024-11-21,2024-12-01,Started,,
PT03386,2024-08-05,2024-08-07,2024-08-22,2024-09-03,Started,,
PT03387,2024-02-16,2024-02-19,2024-03-05,2024-03-12,Discontinued,2024-06-28,Cost / Affordability
PT03388,2023-07-23,2023-07-25,2023-08-13,2023-08-24,Started,,
PT03389,2023-06-21,2023-06-24,2023-07-01,2023-07-08,Discontinued,2023-11-09,Adverse Event
PT03390,2023-09-22,2023-09-25,2023-10-12,2023-10-15,Started,,
PT03391,2023-07-05,2023-07-07,2023-07-23,2023-08-04,Started,,
PT03392,2023-08-08,2023-08-11,2023-08-27,2023-08-29,Started,,
PT03393,2023-05-21,2023-05-25,2023-06-18,2023-06-30,Started,,
PT03394,2024-04-19,2024-04-24,2024-05-18,2024-05-22,Started,,
PT03395,2024-01-23,2024-01-26,2024-02-13,2024-02-22,Discontinued,2024-08-21,Adverse Event
PT03396,2025-09-27,2025-09-28,2025-10-27,2025-11-07,Started,,
PT03397,2023-08-03,2023-08-07,2023-08-28,2023-08-30,Started,,
PT03398,2025-02-11,2025-02-14,2025-03-15,2025-03-23,Started,,
PT03399,2025-05-30,2025-05-31,2025-06-13,2025-06-24,Discontinued,2025-09-16,Patient Decision
PT03400,2025-02-17,2025-02-19,2025-03-06,2025-03-14,Started,,
PT03401,2024-08-01,2024-08-05,2024-08-13,2024-08-22,Started,,
PT03402,2025-06-12,2025-06-13,2025-06-25,2025-07-03,Started,,
PT03403,2024-10-25,2024-10-28,2024-11-03,,Not Started,,
PT03404,2025-12-03,2025-12-07,2025-12-26,2026-01-08,Discontinued,2026-07-26,Access Issue
PT03405,2023-07-28,2023-07-31,2023-08-12,2023-08-18,Started,,
PT03406,2025-05-23,2025-05-28,2025-06-27,2025-07-05,Started,,
PT03407,2023-05-27,2023-05-30,2023-06-15,2023-06-23,Started,,
PT03408,2025-11-26,2025-12-03,2025-12-08,2025-12-13,Started,,
PT03409,2024-08-21,2024-08-23,2024-09-13,2024-09-18,Started,,
PT03410,2025-02-03,2025-02-06,2025-02-13,2025-02-19,Started,,
PT03411,2024-04-24,2024-04-26,2024-05-19,2024-05-22,Started,,
PT03412,2025-12-13,2025-12-15,2025-12-28,,Not Started,,
PT03413,2024-05-25,2024-05-27,2024-06-09,2024-06-11,Started,,
PT03414,2023-12-13,2023-12-17,2024-01-04,2024-01-15,Started,,
PT03415,2025-09-30,2025-10-04,2025-10-18,2025-10-22,Started,,
PT03416,2023-04-29,2023-05-05,2023-05-29,2023-06-08,Started,,
PT03417,2023-11-10,2023-11-17,2023-12-05,2023-12-16,Started,,
PT03418,2023-08-21,2023-08-25,2023-09-06,,Not Started,,
PT03419,2023-03-17,2023-03-22,2023-04-13,2023-04-16,Started,,
PT03420,2024-12-26,2024-12-27,2025-01-10,2025-01-21,Started,,
PT03421,2025-09-09,2025-09-12,2025-10-02,2025-10-11,Discontinued,2026-01-28,Cost / Affordability
PT03422,2023-04-11,2023-04-16,2023-04-19,2023-05-01,Started,,
PT03423,2025-02-28,2025-03-06,2025-03-20,2025-03-26,Started,,
PT03424,2023-04-30,2023-05-02,2023-05-15,2023-05-22,Started,,
PT03425,2023-10-05,2023-10-09,2023-11-02,2023-11-10,Started,,
PT03426,2023-07-10,2023-07-16,2023-08-02,2023-08-09,Started,,
PT03427,2025-08-30,2025-09-03,2025-10-06,2025-10-14,Started,,
PT03428,2023-03-26,2023-03-27,2023-04-04,2023-04-10,Started,,
PT03429,2025-02-03,2025-02-10,2025-02-25,,Not Started,,
PT03430,2023-01-10,2023-01-17,2023-01-31,2023-02-14,Started,,
PT03431,2024-03-20,2024-03-27,2024-04-17,2024-04-29,Started,,
PT03432,2024-08-05,2024-08-10,2024-08-29,2024-09-04,Started,,
PT03433,2025-01-23,2025-01-28,2025-02-26,2025-03-11,Started,,
PT03434,2025-09-02,2025-09-09,2025-09-14,2025-09-22,Started,,
PT03435,2024-03-02,2024-03-09,2024-03-13,2024-03-18,Started,,
PT03436,2025-04-21,2025-04-27,2025-05-22,2025-05-29,Started,,
PT03437,2024-04-17,2024-04-23,2024-05-09,2024-05-13,Started,,
PT03438,2023-08-02,2023-08-04,2023-08-22,2023-08-24,Started,,
PT03439,2025-08-02,2025-08-09,2025-08-24,2025-09-05,Started,,
PT03440,2024-09-21,2024-09-23,2024-10-02,2024-10-11,Started,,
PT03441,2024-12-23,2024-12-29,2025-01-19,,Not Started,,
PT03442,2023-02-22,2023-02-28,2023-03-13,,Not Started,,
PT03443,2024-02-02,2024-02-07,2024-02-23,2024-02-28,Discontinued,2024-09-08,Treatment Ineffectiveness
PT03444,2025-10-15,2025-10-18,2025-11-08,2025-11-13,Started,,
PT03445,2025-05-27,2025-06-02,2025-06-16,2025-06-26,Started,,
PT03446,2024-12-18,2024-12-25,2025-01-04,2025-01-16,Started,,
PT03447,2025-04-25,2025-04-29,2025-05-07,2025-05-20,Started,,
PT03448,2025-04-30,2025-05-04,2025-05-27,,Not Started,,
PT03449,2023-09-14,2023-09-15,2023-09-24,2023-09-26,Started,,
PT03450,2024-10-14,2024-10-19,2024-11-01,2024-11-15,Started,,
PT03451,2023-05-14,2023-05-21,2023-06-04,,Not Started,,
PT03452,2023-04-29,2023-04-30,2023-05-10,,Not Started,,
PT03453,2023-09-06,2023-09-10,2023-09-22,,Not Started,,
PT03454,2023-06-04,2023-06-06,2023-06-29,,Not Started,,
PT03455,2024-04-16,2024-04-23,2024-05-25,2024-06-01,Started,,
PT03456,2024-05-27,2024-06-02,2024-06-18,,Not Started,,
PT03457,2024-12-11,2024-12-13,2024-12-30,2025-01-06,Started,,
PT03458,2025-07-09,2025-07-15,2025-08-02,2025-08-05,Started,,
PT03459,2023-12-31,2024-01-07,2024-01-18,,Not Started,,
PT03460,2023-08-19,2023-08-23,2023-09-23,2023-10-04,Started,,
PT03461,2025-05-28,2025-06-04,2025-06-16,2025-06-26,Started,,
PT03462,2025-05-16,2025-05-18,2025-05-21,2025-05-27,Started,,
PT03463,2023-06-11,2023-06-12,2023-06-24,2023-07-02,Started,,
PT03464,2025-01-21,2025-01-28,2025-02-03,2025-02-13,Started,,
PT03465,2024-08-10,2024-08-12,2024-08-22,2024-09-03,Started,,
PT03466,2025-05-10,2025-05-12,2025-06-05,2025-06-18,Started,,
PT03467,2023-06-22,2023-06-26,2023-07-21,2023-07-30,Started,,
PT03468,2023-05-07,2023-05-10,2023-05-31,2023-06-08,Started,,
PT03469,2023-09-17,2023-09-20,2023-10-04,2023-10-11,Started,,
PT03470,2025-08-13,2025-08-14,2025-08-30,2025-09-05,Started,,
PT03471,2023-11-15,2023-11-20,2023-12-10,2023-12-14,Discontinued,2024-02-08,Access Issue
PT03472,2025-06-03,2025-06-10,2025-06-21,2025-06-23,Started,,
PT03473,2024-10-16,2024-10-18,2024-11-02,,Not Started,,
PT03474,2024-03-18,2024-03-20,2024-04-07,2024-04-15,Started,,
PT03475,2024-12-23,2024-12-28,2025-01-09,2025-01-16,Started,,
PT03476,2025-05-27,2025-05-31,2025-07-02,2025-07-15,Started,,
PT03477,2024-10-06,2024-10-13,2024-11-09,2024-11-11,Discontinued,2025-06-09,Patient Decision
PT03478,2024-09-08,2024-09-10,2024-09-25,2024-10-06,Started,,
PT03479,2023-04-11,2023-04-13,2023-04-26,2023-05-02,Started,,
PT03480,2025-05-11,2025-05-15,2025-05-28,,Not Started,,
PT03481,2024-02-11,2024-02-17,2024-03-05,2024-03-16,Discontinued,2024-09-26,Access Issue
PT03482,2025-01-07,2025-01-10,2025-01-23,2025-02-02,Started,,
PT03483,2023-09-28,2023-10-01,2023-10-20,2023-10-24,Started,,
PT03484,2023-02-24,2023-03-01,2023-03-16,,Not Started,,
PT03485,2025-10-27,2025-11-01,2025-11-23,2025-12-01,Started,,
PT03486,2024-03-11,2024-03-14,2024-03-27,2024-04-03,Started,,
PT03487,2023-11-08,2023-11-10,2023-11-23,2023-11-27,Started,,
PT03488,2025-10-13,2025-10-14,2025-10-24,2025-10-28,Started,,
PT03489,2025-05-23,2025-05-30,2025-06-14,2025-06-23,Started,,
PT03490,2023-12-06,2023-12-13,2024-01-04,2024-01-14,Started,,
PT03491,2024-10-12,2024-10-15,2024-11-05,2024-11-17,Started,,
PT03492,2023-11-16,2023-11-23,2023-12-13,2023-12-24,Started,,
PT03493,2025-02-01,2025-02-05,2025-02-11,,Not Started,,
PT03494,2025-12-12,2025-12-15,2026-01-03,2026-01-10,Discontinued,2026-08-20,Patient Decision
PT03495,2023-02-09,2023-02-16,2023-02-28,,Not Started,,
PT03496,2024-07-18,2024-07-25,2024-08-10,2024-08-18,Started,,
PT03497,2023-02-15,2023-02-17,2023-02-26,2023-03-10,Started,,
PT03498,2024-07-19,2024-07-22,2024-08-03,2024-08-13,Discontinued,2025-02-28,Patient Decision
PT03499,2025-11-10,2025-11-11,2025-11-20,2025-12-01,Started,,
PT03500,2024-06-28,2024-07-04,2024-07-27,2024-07-31,Discontinued,2024-10-13,Patient Decision
PT03501,2025-08-05,2025-08-11,2025-09-06,2025-09-14,Started,,
PT03502,2023-10-16,2023-10-18,2023-10-30,2023-11-06,Discontinued,2024-04-19,Patient Decision
PT03503,2023-07-03,2023-07-08,2023-07-29,2023-08-12,Started,,
PT03504,2025-08-11,2025-08-12,2025-08-24,2025-08-31,Started,,
PT03505,2024-07-06,2024-07-11,2024-07-19,2024-07-26,Started,,
PT03506,2025-06-04,2025-06-11,2025-07-03,2025-07-06,Discontinued,2026-02-09,Adverse Event
PT03507,2024-04-08,2024-04-13,2024-04-23,2024-04-25,Started,,
PT03508,2024-10-11,2024-10-17,2024-11-01,2024-11-14,Started,,
PT03509,2025-05-31,2025-06-02,2025-06-16,2025-06-20,Started,,
PT03510,2025-01-25,2025-01-28,2025-02-15,2025-02-28,Started,,
PT03511,2024-10-31,2024-11-02,2024-11-07,2024-11-12,Started,,
PT03512,2025-03-28,2025-03-30,2025-04-19,,Not Started,,
PT03513,2023-06-12,2023-06-19,2023-07-02,2023-07-08,Started,,
PT03514,2023-07-19,2023-07-26,2023-08-18,,Not Started,,
PT03515,2023-04-16,2023-04-22,2023-05-01,2023-05-09,Started,,
PT03516,2025-01-16,2025-01-18,2025-02-08,2025-02-17,Discontinued,2025-10-04,Patient Decision
PT03517,2025-12-25,2026-01-01,2026-01-15,2026-01-19,Started,,
PT03518,2023-08-09,2023-08-16,2023-08-24,2023-09-07,Started,,
PT03519,2025-01-01,2025-01-07,2025-02-01,2025-02-09,Discontinued,2025-08-08,Access Issue
PT03520,2024-01-16,2024-01-22,2024-02-13,2024-02-27,Discontinued,2024-05-09,Access Issue
PT03521,2023-11-09,2023-11-12,2023-11-24,,Not Started,,
PT03522,2025-11-14,2025-11-19,2025-12-04,2025-12-06,Started,,
PT03523,2025-02-06,2025-02-09,2025-02-27,2025-03-10,Started,,
PT03524,2024-04-12,2024-04-19,2024-04-25,2024-05-01,Started,,
PT03525,2025-06-26,2025-06-30,2025-07-27,2025-07-30,Started,,
PT03526,2024-07-05,2024-07-06,2024-07-24,2024-08-06,Discontinued,2025-03-26,Cost / Affordability
PT03527,2024-04-18,2024-04-22,2024-05-20,2024-05-22,Started,,
PT03528,2023-06-23,2023-06-29,2023-07-15,2023-07-18,Started,,
PT03529,2024-09-09,2024-09-15,2024-09-20,2024-10-04,Started,,
PT03530,2023-09-17,2023-09-20,2023-10-21,2023-10-23,Discontinued,2024-03-19,Adverse Event
PT03531,2023-11-11,2023-11-17,2023-12-07,2023-12-16,Started,,
PT03532,2025-08-22,2025-08-23,2025-09-03,2025-09-11,Started,,
PT03533,2024-12-16,2024-12-18,2025-01-10,2025-01-14,Started,,
PT03534,2023-07-21,2023-07-23,2023-08-14,2023-08-28,Started,,
PT03535,2024-12-20,2024-12-26,2025-01-21,2025-02-03,Started,,
PT03536,2024-09-25,2024-09-29,2024-10-20,,Not Started,,
PT03537,2025-01-15,2025-01-21,2025-01-27,2025-02-07,Started,,
PT03538,2024-04-04,2024-04-09,2024-05-03,,Not Started,,
PT03539,2024-03-28,2024-03-31,2024-04-17,2024-04-27,Started,,
PT03540,2024-02-10,2024-02-13,2024-03-11,2024-03-17,Started,,
PT03541,2023-11-19,2023-11-20,2023-12-06,2023-12-09,Started,,
PT03542,2023-07-15,2023-07-19,2023-08-04,2023-08-06,Started,,
PT03543,2023-08-05,2023-08-06,2023-08-24,2023-09-07,Started,,
PT03544,2025-02-04,2025-02-11,2025-03-08,2025-03-15,Started,,
PT03545,2023-08-05,2023-08-06,2023-08-31,2023-09-07,Started,,
PT03546,2024-11-24,2024-11-30,2024-12-07,2024-12-21,Discontinued,2025-04-16,Adverse Event
PT03547,2023-12-17,2023-12-21,2024-01-21,2024-02-02,Discontinued,2024-05-10,Patient Decision
PT03548,2025-03-04,2025-03-10,2025-04-03,2025-04-10,Started,,
PT03549,2024-03-19,2024-03-24,2024-04-10,,Not Started,,
PT03550,2023-03-13,2023-03-20,2023-03-30,2023-04-13,Started,,
PT03551,2025-05-17,2025-05-24,2025-06-18,,Not Started,,
PT03552,2025-05-22,2025-05-25,2025-06-19,2025-07-02,Started,,
PT03553,2025-07-07,2025-07-09,2025-07-24,2025-08-06,Started,,
PT03554,2025-10-03,2025-10-09,2025-10-29,2025-11-12,Started,,
PT03555,2023-01-12,2023-01-19,2023-02-03,2023-02-17,Discontinued,2023-07-15,Patient Decision
PT03556,2023-07-19,2023-07-22,2023-08-15,2023-08-21,Started,,
PT03557,2023-12-23,2023-12-24,2024-01-05,2024-01-13,Started,,
PT03558,2023-01-04,2023-01-05,2023-01-18,2023-01-26,Started,,
PT03559,2024-06-03,2024-06-10,2024-06-30,2024-07-09,Discontinued,2024-11-22,Patient Decision
PT03560,2024-09-04,2024-09-06,2024-09-29,,Not Started,,
PT03561,2025-10-18,2025-10-23,2025-11-04,2025-11-08,Started,,
PT03562,2024-10-27,2024-10-29,2024-11-13,2024-11-23,Started,,
PT03563,2025-02-18,2025-02-23,2025-03-13,2025-03-23,Started,,
PT03564,2023-05-08,2023-05-09,2023-05-17,,Not Started,,
PT03565,2024-02-25,2024-02-29,2024-03-16,2024-03-30,Started,,
PT03566,2023-04-29,2023-05-06,2023-05-23,2023-05-30,Started,,
PT03567,2025-04-24,2025-04-29,2025-05-19,2025-05-24,Started,,
PT03568,2024-09-08,2024-09-12,2024-09-30,2024-10-08,Started,,
PT03569,2025-06-09,2025-06-12,2025-06-25,,Not Started,,
PT03570,2024-08-25,2024-08-31,2024-09-07,2024-09-11,Started,,
PT03571,2023-05-05,2023-05-06,2023-05-30,2023-06-10,Discontinued,2023-12-30,Patient Decision
PT03572,2023-02-15,2023-02-16,2023-03-17,2023-03-30,Started,,
PT03573,2025-02-19,2025-02-21,2025-03-09,2025-03-14,Started,,
PT03574,2023-05-28,2023-06-01,2023-06-18,2023-07-01,Started,,
PT03575,2025-03-10,2025-03-11,2025-04-13,,Not Started,,
PT03576,2023-08-25,2023-08-28,2023-09-09,2023-09-16,Started,,
PT03577,2025-02-09,2025-02-11,2025-03-11,2025-03-14,Discontinued,2025-10-23,Treatment Ineffectiveness
PT03578,2024-03-05,2024-03-06,2024-03-28,2024-04-09,Started,,
PT03579,2024-04-30,2024-05-03,2024-05-14,2024-05-17,Discontinued,2024-11-11,Access Issue
PT03580,2024-10-26,2024-10-30,2024-11-24,2024-11-26,Started,,
PT03581,2025-10-27,2025-11-02,2025-11-17,,Not Started,,
PT03582,2024-12-08,2024-12-11,2025-01-06,2025-01-09,Started,,
PT03583,2023-12-24,2023-12-26,2024-01-09,2024-01-16,Started,,
PT03584,2024-12-08,2024-12-13,2025-01-05,2025-01-08,Started,,
PT03585,2024-08-20,2024-08-22,2024-08-25,2024-09-01,Started,,
PT03586,2023-12-24,2023-12-25,2024-01-12,2024-01-26,Started,,
PT03587,2023-07-04,2023-07-07,2023-07-24,2023-07-31,Started,,
PT03588,2023-03-27,2023-04-03,2023-04-24,2023-04-30,Started,,
PT03589,2023-04-23,2023-04-25,2023-05-07,2023-05-10,Started,,
PT03590,2025-10-10,2025-10-13,2025-11-01,,Not Started,,
PT03591,2023-10-29,2023-10-31,2023-11-17,2023-11-30,Started,,
PT03592,2024-05-03,2024-05-10,2024-06-05,2024-06-13,Started,,
PT03593,2025-07-19,2025-07-22,2025-08-22,,Not Started,,
PT03594,2025-02-25,2025-03-01,2025-03-21,2025-03-29,Started,,
PT03595,2023-09-12,2023-09-17,2023-09-30,2023-10-08,Started,,
PT03596,2025-01-09,2025-01-13,2025-01-19,2025-02-01,Started,,
PT03597,2023-10-12,2023-10-19,2023-11-09,,Not Started,,
PT03598,2025-02-04,2025-02-05,2025-02-18,,Not Started,,
PT03599,2025-10-26,2025-10-30,2025-11-06,2025-11-12,Started,,
PT03600,2024-12-04,2024-12-05,2024-12-19,2024-12-27,Started,,
PT03601,2024-05-27,2024-05-31,2024-06-24,2024-06-30,Started,,
PT03602,2023-09-17,2023-09-19,2023-10-03,,Not Started,,
PT03603,2025-05-17,2025-05-21,2025-05-30,2025-06-04,Discontinued,2025-10-26,Cost / Affordability
PT03604,2024-07-28,2024-07-31,2024-09-01,2024-09-12,Started,,
PT03605,2023-04-14,2023-04-21,2023-04-30,2023-05-11,Started,,
PT03606,2024-04-27,2024-04-30,2024-05-19,2024-05-22,Started,,
PT03607,2024-06-24,2024-06-29,2024-07-16,2024-07-24,Started,,
PT03608,2023-12-17,2023-12-22,2023-12-31,2024-01-03,Started,,
PT03609,2023-06-24,2023-06-30,2023-07-04,2023-07-07,Started,,
PT03610,2025-01-27,2025-02-01,2025-02-23,,Not Started,,
PT03611,2025-07-10,2025-07-15,2025-08-02,2025-08-16,Started,,
PT03612,2024-08-14,2024-08-20,2024-08-26,2024-09-04,Started,,
PT03613,2024-11-14,2024-11-21,2024-11-28,2024-12-10,Started,,
PT03614,2025-08-20,2025-08-23,2025-09-08,2025-09-19,Started,,
PT03615,2025-01-15,2025-01-19,2025-02-03,2025-02-06,Started,,
PT03616,2024-07-30,2024-08-02,2024-08-15,,Not Started,,
PT03617,2024-04-13,2024-04-16,2024-05-04,2024-05-12,Started,,
PT03618,2024-01-04,2024-01-07,2024-01-21,2024-01-24,Started,,
PT03619,2025-11-25,2025-11-27,2025-12-22,2025-12-24,Started,,
PT03620,2025-08-18,2025-08-23,2025-09-08,2025-09-18,Started,,
PT03621,2024-03-09,2024-03-12,2024-04-02,2024-04-15,Started,,
PT03622,2025-12-19,2025-12-20,2025-12-31,2026-01-03,Started,,
PT03623,2024-05-27,2024-05-31,2024-06-11,2024-06-14,Started,,
PT03624,2024-04-20,2024-04-22,2024-05-05,2024-05-19,Started,,
PT03625,2024-03-31,2024-04-03,2024-05-04,2024-05-11,Started,,
PT03626,2025-02-27,2025-03-05,2025-03-24,2025-03-27,Started,,
PT03627,2025-12-27,2025-12-31,2026-01-03,,Not Started,,
PT03628,2025-02-12,2025-02-18,2025-03-05,2025-03-17,Started,,
PT03629,2025-11-27,2025-11-28,2025-12-09,2025-12-23,Started,,
PT03630,2024-02-25,2024-02-28,2024-03-11,,Not Started,,
PT03631,2023-10-26,2023-11-02,2023-11-08,2023-11-17,Started,,
PT03632,2024-04-05,2024-04-08,2024-05-03,2024-05-05,Started,,
PT03633,2024-10-17,2024-10-21,2024-11-08,2024-11-10,Started,,
PT03634,2023-07-14,2023-07-21,2023-08-07,2023-08-21,Started,,
PT03635,2025-10-07,2025-10-13,2025-10-23,2025-11-03,Started,,
PT03636,2024-12-07,2024-12-08,2024-12-15,2024-12-19,Started,,
PT03637,2025-11-16,2025-11-17,2025-12-06,2025-12-14,Started,,
PT03638,2025-04-18,2025-04-25,2025-05-06,2025-05-20,Started,,
PT03639,2025-09-28,2025-09-29,2025-10-09,2025-10-14,Started,,
PT03640,2024-08-07,2024-08-11,2024-08-27,2024-09-09,Discontinued,2025-04-11,Cost / Affordability
PT03641,2025-04-16,2025-04-21,2025-05-05,2025-05-14,Started,,
PT03642,2025-01-18,2025-01-22,2025-02-15,2025-02-28,Started,,
PT03643,2024-01-02,2024-01-05,2024-01-20,2024-01-27,Started,,
PT03644,2025-05-18,2025-05-22,2025-06-07,2025-06-17,Discontinued,2025-08-30,Access Issue
PT03645,2023-03-13,2023-03-17,2023-03-29,2023-04-12,Started,,
PT03646,2025-10-30,2025-11-02,2025-11-14,2025-11-23,Started,,
PT03647,2024-01-17,2024-01-20,2024-02-05,2024-02-16,Discontinued,2024-04-02,Cost / Affordability
PT03648,2023-05-01,2023-05-03,2023-05-26,2023-06-08,Started,,
PT03649,2024-05-01,2024-05-03,2024-05-20,2024-05-23,Discontinued,2024-11-02,Treatment Ineffectiveness
PT03650,2025-05-12,2025-05-13,2025-05-28,2025-05-31,Started,,
PT03651,2025-12-28,2026-01-01,2026-01-13,2026-01-23,Started,,
PT03652,2024-01-03,2024-01-05,2024-01-29,2024-02-08,Started,,
PT03653,2023-05-01,2023-05-03,2023-05-24,2023-06-01,Started,,
PT03654,2024-12-26,2024-12-30,2025-01-10,2025-01-15,Started,,
PT03655,2025-10-26,2025-10-28,2025-11-06,2025-11-16,Started,,
PT03656,2025-08-16,2025-08-17,2025-09-02,2025-09-15,Started,,
PT03657,2025-02-18,2025-02-24,2025-03-23,2025-04-05,Started,,
PT03658,2025-07-06,2025-07-08,2025-07-15,2025-07-19,Started,,
PT03659,2024-03-27,2024-03-29,2024-04-10,2024-04-23,Started,,
PT03660,2023-02-04,2023-02-10,2023-03-01,2023-03-15,Discontinued,2023-06-13,Patient Decision
PT03661,2025-10-16,2025-10-17,2025-11-04,2025-11-11,Started,,
PT03662,2024-02-18,2024-02-24,2024-02-28,2024-03-01,Started,,
PT03663,2024-11-02,2024-11-03,2024-11-15,2024-11-19,Discontinued,2025-07-13,Patient Decision
PT03664,2025-12-01,2025-12-05,2026-01-01,,Not Started,,
PT03665,2024-08-12,2024-08-15,2024-08-26,2024-09-07,Started,,
PT03666,2024-09-30,2024-10-06,2024-10-10,2024-10-19,Started,,
PT03667,2025-12-08,2025-12-09,2025-12-19,2025-12-27,Started,,
PT03668,2025-10-19,2025-10-21,2025-10-31,2025-11-14,Discontinued,2026-02-18,Treatment Ineffectiveness
PT03669,2023-06-21,2023-06-27,2023-07-14,2023-07-20,Discontinued,2024-01-13,Access Issue
PT03670,2025-07-02,2025-07-08,2025-07-28,2025-08-07,Started,,
PT03671,2024-05-09,2024-05-16,2024-05-27,2024-06-04,Discontinued,2024-08-04,Patient Decision
PT03672,2025-07-05,2025-07-11,2025-07-25,2025-07-29,Started,,
PT03673,2024-02-03,2024-02-10,2024-02-27,2024-03-05,Discontinued,2024-10-07,Cost / Affordability
PT03674,2024-06-14,2024-06-17,2024-07-06,2024-07-16,Started,,
PT03675,2024-12-28,2024-12-31,2025-01-23,2025-01-31,Discontinued,2025-06-11,Access Issue
PT03676,2025-12-15,2025-12-18,2026-01-08,2026-01-20,Discontinued,2026-08-28,Patient Decision
PT03677,2024-03-27,2024-03-31,2024-04-21,2024-05-05,Started,,
PT03678,2024-12-21,2024-12-28,2025-01-10,2025-01-15,Started,,
PT03679,2025-06-21,2025-06-27,2025-07-21,2025-08-02,Started,,
PT03680,2025-09-17,2025-09-22,2025-10-10,2025-10-15,Started,,
PT03681,2025-01-24,2025-01-31,2025-03-09,,Not Started,,
PT03682,2023-05-24,2023-05-30,2023-06-20,2023-06-29,Started,,
PT03683,2023-07-26,2023-07-27,2023-08-11,2023-08-16,Started,,
PT03684,2025-11-06,2025-11-12,2025-11-20,2025-12-01,Started,,
PT03685,2025-11-29,2025-12-05,2025-12-20,2025-12-26,Started,,
PT03686,2023-12-03,2023-12-04,2023-12-24,2024-01-06,Started,,
PT03687,2025-12-02,2025-12-08,2026-01-03,,Not Started,,
PT03688,2025-09-16,2025-09-23,2025-10-16,2025-10-21,Started,,
PT03689,2025-04-07,2025-04-08,2025-04-19,2025-04-30,Started,,
PT03690,2024-11-18,2024-11-19,2024-11-27,2024-11-30,Started,,
PT03691,2024-06-01,2024-06-05,2024-06-18,2024-06-30,Started,,
PT03692,2025-08-27,2025-08-29,2025-09-10,2025-09-19,Discontinued,2026-03-17,Patient Decision
PT03693,2025-11-21,2025-11-24,2025-12-19,,Not Started,,
PT03694,2024-11-20,2024-11-26,2024-12-13,2024-12-20,Started,,
PT03695,2023-11-10,2023-11-13,2023-12-02,2023-12-16,Started,,
PT03696,2024-08-01,2024-08-06,2024-08-22,,Not Started,,
PT03697,2024-04-28,2024-05-05,2024-05-17,2024-05-23,Started,,
PT03698,2025-11-11,2025-11-14,2025-12-12,2025-12-20,Discontinued,2026-03-05,Access Issue
PT03699,2023-12-06,2023-12-12,2023-12-28,2024-01-09,Started,,
PT03700,2025-12-18,2025-12-24,2026-01-09,2026-01-18,Discontinued,2026-04-13,Cost / Affordability
PT03701,2024-09-09,2024-09-13,2024-10-01,2024-10-05,Started,,
PT03702,2023-05-01,2023-05-04,2023-05-19,2023-05-27,Started,,
PT03703,2025-10-25,2025-11-01,2025-11-21,2025-12-01,Started,,
PT03704,2025-09-10,2025-09-12,2025-09-26,2025-10-08,Started,,
PT03705,2025-06-04,2025-06-09,2025-06-22,2025-07-06,Started,,
PT03706,2024-02-25,2024-03-01,2024-03-25,2024-03-31,Started,,
PT03707,2023-02-06,2023-02-09,2023-02-26,2023-03-12,Started,,
PT03708,2025-08-30,2025-08-31,2025-09-16,2025-09-26,Started,,
PT03709,2023-05-20,2023-05-23,2023-05-29,2023-06-10,Discontinued,2024-01-19,Patient Decision
PT03710,2024-08-06,2024-08-11,2024-08-25,2024-08-29,Started,,
PT03711,2025-07-09,2025-07-15,2025-08-10,2025-08-15,Started,,
PT03712,2025-01-07,2025-01-12,2025-01-25,,Not Started,,
PT03713,2023-02-13,2023-02-15,2023-03-10,2023-03-16,Started,,
PT03714,2025-02-22,2025-02-24,2025-03-13,2025-03-25,Started,,
PT03715,2024-08-09,2024-08-15,2024-08-28,2024-09-11,Started,,
PT03716,2023-02-04,2023-02-08,2023-03-09,2023-03-22,Started,,
PT03717,2023-09-30,2023-10-02,2023-10-23,2023-11-04,Started,,
PT03718,2025-01-30,2025-02-01,2025-02-18,2025-02-24,Started,,
PT03719,2024-02-14,2024-02-19,2024-03-01,2024-03-06,Started,,
PT03720,2024-12-08,2024-12-09,2024-12-22,2024-12-26,Started,,
PT03721,2024-01-25,2024-01-31,2024-02-20,2024-02-29,Discontinued,2024-09-21,Access Issue
PT03722,2025-08-30,2025-09-04,2025-09-19,2025-10-01,Discontinued,2026-04-12,Cost / Affordability
PT03723,2023-11-03,2023-11-08,2023-11-18,2023-11-21,Discontinued,2024-07-08,Patient Decision
PT03724,2023-05-29,2023-06-05,2023-06-15,2023-06-26,Started,,
PT03725,2023-10-24,2023-10-30,2023-11-20,,Not Started,,
PT03726,2024-11-16,2024-11-20,2024-12-05,2024-12-16,Started,,
PT03727,2024-03-08,2024-03-11,2024-03-25,2024-03-30,Started,,
PT03728,2023-04-12,2023-04-16,2023-05-01,2023-05-05,Started,,
PT03729,2024-07-02,2024-07-04,2024-07-17,2024-07-28,Started,,
PT03730,2023-09-01,2023-09-08,2023-09-29,2023-10-04,Started,,
PT03731,2025-10-06,2025-10-11,2025-10-25,2025-11-03,Started,,
PT03732,2024-05-15,2024-05-16,2024-05-28,2024-06-03,Started,,
PT03733,2023-06-14,2023-06-15,2023-07-09,2023-07-19,Started,,
PT03734,2024-11-01,2024-11-08,2024-11-27,2024-11-30,Started,,
PT03735,2024-01-20,2024-01-21,2024-02-07,2024-02-15,Discontinued,2024-08-08,Cost / Affordability
PT03736,2024-12-04,2024-12-10,2024-12-25,2024-12-31,Started,,
PT03737,2024-03-08,2024-03-15,2024-03-27,2024-03-30,Started,,
PT03738,2023-07-01,2023-07-05,2023-07-12,,Not Started,,
PT03739,2023-11-15,2023-11-18,2023-11-30,2023-12-04,Started,,
PT03740,2024-03-28,2024-03-31,2024-04-18,2024-04-29,Started,,
PT03741,2024-07-07,2024-07-12,2024-07-26,2024-08-06,Started,,
PT03742,2024-05-11,2024-05-13,2024-06-02,2024-06-11,Started,,
PT03743,2024-04-08,2024-04-15,2024-05-01,,Not Started,,
PT03744,2025-08-16,2025-08-22,2025-09-05,2025-09-17,Started,,
PT03745,2025-03-04,2025-03-07,2025-03-25,2025-03-29,Started,,
PT03746,2023-04-04,2023-04-11,2023-04-29,2023-05-12,Started,,
PT03747,2025-02-06,2025-02-11,2025-02-26,2025-03-02,Started,,
PT03748,2025-08-31,2025-09-07,2025-09-28,2025-10-03,Discontinued,2026-02-21,Adverse Event
PT03749,2024-04-23,2024-04-24,2024-05-14,,Not Started,,
PT03750,2025-09-01,2025-09-04,2025-09-22,2025-10-04,Started,,
PT03751,2023-02-08,2023-02-11,2023-02-24,2023-03-01,Started,,
PT03752,2023-12-31,2024-01-04,2024-01-24,2024-01-30,Started,,
PT03753,2025-11-27,2025-12-01,2025-12-06,2025-12-12,Discontinued,2026-05-17,Treatment Ineffectiveness
PT03754,2023-04-29,2023-05-05,2023-05-20,2023-06-03,Started,,
PT03755,2024-01-19,2024-01-20,2024-02-01,2024-02-14,Started,,
PT03756,2025-09-10,2025-09-17,2025-09-21,2025-10-04,Started,,
PT03757,2024-04-24,2024-04-28,2024-05-11,,Not Started,,
PT03758,2024-08-23,2024-08-30,2024-09-17,2024-09-23,Started,,
PT03759,2023-07-03,2023-07-09,2023-08-10,2023-08-15,Started,,
PT03760,2023-11-12,2023-11-17,2023-12-03,,Not Started,,
PT03761,2025-03-03,2025-03-07,2025-03-27,2025-04-10,Started,,
PT03762,2023-01-30,2023-02-06,2023-02-12,2023-02-23,Started,,
PT03763,2025-01-15,2025-01-22,2025-02-14,2025-02-28,Discontinued,2025-08-01,Patient Decision
PT03764,2025-02-13,2025-02-20,2025-02-28,2025-03-04,Started,,
PT03765,2025-03-23,2025-03-24,2025-04-19,2025-04-26,Discontinued,2025-09-09,Adverse Event
PT03766,2025-03-05,2025-03-12,2025-03-27,2025-04-01,Started,,
PT03767,2023-05-05,2023-05-07,2023-05-18,2023-05-31,Started,,
PT03768,2024-05-05,2024-05-09,2024-05-30,2024-06-02,Started,,
PT03769,2023-09-06,2023-09-08,2023-10-02,,Not Started,,
PT03770,2025-11-27,2025-12-04,2025-12-24,2025-12-30,Started,,
PT03771,2024-12-20,2024-12-23,2025-01-11,2025-01-15,Started,,
PT03772,2023-08-14,2023-08-18,2023-09-11,2023-09-16,Started,,
PT03773,2025-07-07,2025-07-10,2025-07-28,2025-08-02,Started,,
PT03774,2024-12-16,2024-12-19,2025-01-09,2025-01-12,Started,,
PT03775,2025-04-13,2025-04-20,2025-05-13,2025-05-17,Started,,
PT03776,2025-08-30,2025-09-02,2025-09-21,2025-10-03,Started,,
PT03777,2025-10-07,2025-10-14,2025-11-03,2025-11-17,Started,,
PT03778,2024-05-30,2024-06-01,2024-06-15,2024-06-17,Started,,
PT03779,2024-06-30,2024-07-07,2024-07-18,2024-07-23,Discontinued,2024-09-07,Treatment Ineffectiveness
PT03780,2025-09-26,2025-10-01,2025-10-07,2025-10-16,Started,,
PT03781,2023-09-05,2023-09-07,2023-09-28,2023-10-07,Started,,
PT03782,2024-02-20,2024-02-22,2024-03-15,2024-03-21,Started,,
PT03783,2023-03-28,2023-03-31,2023-04-18,2023-04-25,Discontinued,2023-11-25,Adverse Event
PT03784,2025-04-19,2025-04-21,2025-05-22,2025-06-04,Started,,
PT03785,2025-01-22,2025-01-29,2025-02-11,2025-02-25,Started,,
PT03786,2025-07-04,2025-07-06,2025-07-19,2025-07-27,Started,,
PT03787,2023-02-18,2023-02-23,2023-03-29,2023-04-10,Started,,
PT03788,2025-04-16,2025-04-17,2025-05-13,2025-05-27,Discontinued,2025-10-17,Patient Decision
PT03789,2024-04-19,2024-04-25,2024-05-13,2024-05-26,Started,,
PT03790,2024-09-28,2024-10-01,2024-10-20,,Not Started,,
PT03791,2023-11-02,2023-11-03,2023-11-24,2023-11-27,Started,,
PT03792,2023-03-02,2023-03-09,2023-03-25,2023-03-27,Started,,
PT03793,2023-04-12,2023-04-13,2023-04-25,2023-05-09,Started,,
PT03794,2024-06-19,2024-06-22,2024-07-19,2024-07-24,Started,,
PT03795,2024-10-29,2024-10-31,2024-11-16,2024-11-24,Discontinued,2025-05-27,Cost / Affordability
PT03796,2023-11-25,2023-11-29,2023-12-17,,Not Started,,
PT03797,2023-03-28,2023-03-30,2023-04-21,2023-04-24,Started,,
PT03798,2023-05-15,2023-05-18,2023-06-01,2023-06-12,Started,,
PT03799,2024-10-19,2024-10-22,2024-11-15,2024-11-21,Started,,
PT03800,2024-01-07,2024-01-13,2024-02-02,2024-02-15,Started,,
PT03801,2023-10-15,2023-10-20,2023-11-06,2023-11-12,Started,,
PT03802,2024-01-24,2024-01-29,2024-02-08,2024-02-21,Started,,
PT03803,2023-11-04,2023-11-05,2023-11-26,2023-12-08,Started,,
PT03804,2023-09-13,2023-09-15,2023-09-28,2023-10-01,Started,,
PT03805,2024-05-02,2024-05-04,2024-05-31,2024-06-12,Started,,
PT03806,2024-08-21,2024-08-27,2024-09-10,2024-09-18,Discontinued,2024-12-13,Patient Decision
PT03807,2024-12-22,2024-12-25,2025-01-15,,Not Started,,
PT03808,2024-01-15,2024-01-18,2024-01-31,2024-02-09,Started,,
PT03809,2023-06-02,2023-06-08,2023-06-16,2023-06-18,Started,,
PT03810,2024-08-05,2024-08-07,2024-08-16,2024-08-27,Started,,
PT03811,2023-04-10,2023-04-17,2023-05-09,2023-05-23,Started,,
PT03812,2023-06-24,2023-06-30,2023-07-17,,Not Started,,
PT03813,2023-03-23,2023-03-24,2023-04-05,,Not Started,,
PT03814,2024-10-07,2024-10-11,2024-10-29,2024-11-06,Started,,
PT03815,2024-10-23,2024-10-26,2024-11-14,2024-11-16,Started,,
PT03816,2024-10-22,2024-10-25,2024-11-09,,Not Started,,
PT03817,2023-06-24,2023-06-28,2023-07-07,2023-07-12,Discontinued,2023-11-14,Cost / Affordability
PT03818,2025-04-07,2025-04-13,2025-05-02,2025-05-05,Started,,
PT03819,2025-08-12,2025-08-14,2025-09-07,2025-09-12,Started,,
PT03820,2023-05-17,2023-05-22,2023-06-01,2023-06-08,Discontinued,2023-11-28,Adverse Event
PT03821,2025-12-22,2025-12-28,2026-01-12,2026-01-24,Started,,
PT03822,2024-09-03,2024-09-10,2024-09-27,2024-10-11,Started,,
PT03823,2024-11-05,2024-11-09,2024-11-16,2024-11-20,Started,,
PT03824,2023-08-04,2023-08-06,2023-08-21,2023-08-30,Started,,
PT03825,2024-01-10,2024-01-17,2024-02-13,2024-02-16,Started,,
PT03826,2024-04-01,2024-04-06,2024-04-30,2024-05-10,Started,,
PT03827,2023-10-11,2023-10-12,2023-11-01,,Not Started,,
PT03828,2023-06-23,2023-06-25,2023-07-16,2023-07-24,Started,,
PT03829,2025-02-04,2025-02-07,2025-02-17,2025-02-27,Started,,
PT03830,2024-02-23,2024-02-25,2024-03-04,2024-03-18,Started,,
PT03831,2024-12-04,2024-12-09,2024-12-26,2025-01-08,Started,,
PT03832,2024-05-25,2024-05-28,2024-06-05,2024-06-15,Started,,
PT03833,2023-03-15,2023-03-16,2023-04-07,,Not Started,,
PT03834,2024-10-03,2024-10-08,2024-10-24,2024-11-04,Started,,
PT03835,2024-08-28,2024-08-29,2024-09-13,2024-09-16,Started,,
PT03836,2023-04-28,2023-05-02,2023-05-23,2023-05-30,Started,,
PT03837,2024-04-02,2024-04-09,2024-05-02,2024-05-13,Started,,
PT03838,2024-05-30,2024-05-31,2024-06-11,2024-06-25,Started,,
PT03839,2023-08-09,2023-08-11,2023-09-05,2023-09-10,Started,,
PT03840,2025-05-25,2025-05-27,2025-06-17,,Not Started,,
PT03841,2024-05-18,2024-05-24,2024-06-22,2024-06-27,Started,,
PT03842,2024-05-14,2024-05-20,2024-06-14,2024-06-16,Started,,
PT03843,2023-08-14,2023-08-19,2023-09-06,2023-09-09,Discontinued,2024-03-19,Patient Decision
PT03844,2024-10-31,2024-11-07,2024-11-16,2024-11-25,Started,,
PT03845,2023-07-12,2023-07-13,2023-08-17,2023-08-27,Started,,
PT03846,2023-11-12,2023-11-15,2023-12-09,2023-12-21,Started,,
PT03847,2024-08-15,2024-08-17,2024-08-28,2024-09-05,Started,,
PT03848,2024-01-09,2024-01-10,2024-01-20,2024-01-26,Started,,
PT03849,2024-08-24,2024-08-30,2024-09-23,2024-09-30,Started,,
PT03850,2024-03-01,2024-03-05,2024-03-24,2024-03-26,Started,,
PT03851,2025-01-11,2025-01-15,2025-01-30,,Not Started,,
PT03852,2025-06-19,2025-06-24,2025-07-27,2025-08-04,Discontinued,2025-11-21,Cost / Affordability
PT03853,2025-11-20,2025-11-25,2025-12-20,2025-12-22,Discontinued,2026-06-04,Cost / Affordability
PT03854,2023-06-05,2023-06-09,2023-06-24,2023-07-06,Started,,
PT03855,2023-01-27,2023-01-29,2023-02-26,2023-03-04,Started,,
PT03856,2025-01-12,2025-01-17,2025-02-16,2025-02-24,Started,,
PT03857,2023-08-07,2023-08-13,2023-09-03,2023-09-09,Started,,
PT03858,2025-01-28,2025-02-03,2025-03-02,2025-03-14,Discontinued,2025-09-05,Patient Decision
PT03859,2024-06-01,2024-06-05,2024-06-29,2024-07-02,Started,,
PT03860,2025-03-29,2025-04-01,2025-04-09,2025-04-18,Discontinued,2025-06-28,Adverse Event
PT03861,2023-06-21,2023-06-28,2023-07-02,2023-07-16,Started,,
PT03862,2024-04-11,2024-04-17,2024-05-02,2024-05-12,Discontinued,2024-09-24,Adverse Event
PT03863,2024-10-22,2024-10-26,2024-11-15,2024-11-19,Started,,
PT03864,2025-05-23,2025-05-28,2025-06-18,2025-07-02,Started,,
PT03865,2025-06-14,2025-06-20,2025-07-05,2025-07-09,Started,,
PT03866,2024-12-16,2024-12-22,2025-01-08,2025-01-19,Started,,
PT03867,2024-11-16,2024-11-21,2024-12-09,2024-12-14,Started,,
PT03868,2023-10-10,2023-10-11,2023-10-28,2023-11-02,Discontinued,2024-05-13,Access Issue
PT03869,2023-08-22,2023-08-25,2023-09-13,2023-09-15,Started,,
PT03870,2023-05-14,2023-05-18,2023-05-31,2023-06-12,Discontinued,2023-11-03,Patient Decision
PT03871,2023-02-09,2023-02-13,2023-02-16,2023-02-23,Started,,
PT03872,2023-11-18,2023-11-20,2023-12-07,2023-12-19,Discontinued,2024-08-09,Treatment Ineffectiveness
PT03873,2024-07-02,2024-07-06,2024-07-29,2024-08-07,Started,,
PT03874,2023-10-30,2023-11-01,2023-11-15,2023-11-22,Discontinued,2024-07-17,Cost / Affordability
PT03875,2024-06-05,2024-06-09,2024-07-02,2024-07-06,Discontinued,2024-10-10,Cost / Affordability
PT03876,2025-06-01,2025-06-06,2025-06-28,2025-07-10,Started,,
PT03877,2024-11-08,2024-11-10,2024-12-02,2024-12-04,Discontinued,2025-03-20,Adverse Event
PT03878,2024-05-20,2024-05-26,2024-06-15,2024-06-29,Started,,
PT03879,2023-03-03,2023-03-10,2023-03-24,2023-03-26,Started,,
PT03880,2024-11-21,2024-11-22,2024-12-11,2024-12-20,Started,,
PT03881,2025-07-21,2025-07-23,2025-08-10,2025-08-15,Started,,
PT03882,2025-04-15,2025-04-16,2025-04-28,2025-05-11,Started,,
PT03883,2023-04-27,2023-05-02,2023-05-06,2023-05-13,Started,,
PT03884,2024-12-07,2024-12-09,2024-12-26,2025-01-07,Started,,
PT03885,2025-02-20,2025-02-21,2025-03-06,2025-03-11,Started,,
PT03886,2023-02-10,2023-02-11,2023-03-07,2023-03-18,Started,,
PT03887,2025-12-09,2025-12-12,2026-01-01,2026-01-15,Started,,
PT03888,2023-04-17,2023-04-24,2023-05-03,2023-05-16,Started,,
PT03889,2024-09-27,2024-09-30,2024-10-11,2024-10-19,Started,,
PT03890,2024-05-16,2024-05-21,2024-05-29,2024-06-07,Started,,
PT03891,2025-08-22,2025-08-24,2025-09-15,2025-09-17,Started,,
PT03892,2025-09-06,2025-09-09,2025-09-25,2025-10-07,Started,,
PT03893,2024-12-01,2024-12-02,2024-12-21,2024-12-27,Started,,
PT03894,2025-09-20,2025-09-23,2025-10-09,2025-10-16,Started,,
PT03895,2025-07-13,2025-07-17,2025-07-27,2025-08-10,Started,,
PT03896,2023-04-23,2023-04-26,2023-05-14,2023-05-26,Started,,
PT03897,2024-12-14,2024-12-15,2024-12-24,2024-12-29,Started,,
PT03898,2024-04-19,2024-04-24,2024-05-08,2024-05-10,Started,,
PT03899,2024-04-16,2024-04-21,2024-05-06,2024-05-18,Started,,
PT03900,2023-07-05,2023-07-11,2023-08-09,,Not Started,,
PT03901,2024-07-28,2024-08-04,2024-09-02,2024-09-12,Started,,
PT03902,2023-07-12,2023-07-15,2023-08-13,2023-08-16,Started,,
PT03903,2025-11-18,2025-11-24,2025-12-19,2025-12-24,Started,,
PT03904,2024-10-20,2024-10-27,2024-11-18,,Not Started,,
PT03905,2024-07-20,2024-07-24,2024-08-02,2024-08-13,Started,,
PT03906,2025-09-30,2025-10-07,2025-11-01,2025-11-13,Started,,
PT03907,2024-08-03,2024-08-08,2024-08-23,2024-08-31,Started,,
PT03908,2024-12-11,2024-12-18,2025-01-14,2025-01-27,Started,,
PT03909,2024-08-19,2024-08-23,2024-09-08,2024-09-15,Started,,
PT03910,2024-02-26,2024-02-28,2024-03-21,2024-03-29,Started,,
PT03911,2023-12-02,2023-12-08,2023-12-17,2023-12-22,Started,,
PT03912,2024-05-22,2024-05-29,2024-06-28,2024-07-10,Started,,
PT03913,2024-05-13,2024-05-19,2024-06-06,2024-06-11,Started,,
PT03914,2025-12-07,2025-12-14,2026-01-08,2026-01-19,Started,,
PT03915,2023-05-27,2023-05-28,2023-06-26,2023-06-28,Started,,
PT03916,2024-08-09,2024-08-10,2024-09-07,2024-09-21,Started,,
PT03917,2025-11-02,2025-11-06,2025-11-15,2025-11-28,Discontinued,2026-04-30,Patient Decision
PT03918,2024-02-22,2024-02-25,2024-03-13,2024-03-20,Started,,
PT03919,2024-11-24,2024-11-25,2024-12-06,2024-12-20,Started,,
PT03920,2023-09-30,2023-10-01,2023-10-04,2023-10-09,Started,,
PT03921,2025-03-15,2025-03-20,2025-04-10,2025-04-19,Started,,
PT03922,2025-09-17,2025-09-20,2025-10-21,2025-11-01,Discontinued,2026-01-15,Adverse Event
PT03923,2024-02-13,2024-02-17,2024-02-23,2024-03-02,Started,,
PT03924,2023-04-08,2023-04-15,2023-04-20,2023-04-27,Started,,
PT03925,2023-05-13,2023-05-15,2023-06-04,2023-06-17,Started,,
PT03926,2024-11-03,2024-11-06,2024-11-16,2024-11-19,Started,,
PT03927,2024-05-19,2024-05-20,2024-06-10,,Not Started,,
PT03928,2023-08-08,2023-08-15,2023-09-03,2023-09-11,Started,,
PT03929,2025-03-27,2025-03-31,2025-04-22,2025-05-02,Started,,
PT03930,2024-11-03,2024-11-08,2024-11-22,2024-11-29,Started,,
PT03931,2023-04-11,2023-04-16,2023-05-03,2023-05-17,Started,,
PT03932,2025-10-28,2025-11-03,2025-11-17,2025-12-01,Started,,
PT03933,2025-06-16,2025-06-19,2025-07-15,2025-07-23,Discontinued,2026-02-04,Adverse Event
PT03934,2023-10-12,2023-10-16,2023-11-09,2023-11-21,Discontinued,2024-06-04,Treatment Ineffectiveness
PT03935,2024-04-24,2024-04-26,2024-05-19,2024-05-30,Started,,
PT03936,2025-05-28,2025-06-01,2025-07-01,2025-07-08,Started,,
PT03937,2025-02-22,2025-02-27,2025-03-27,,Not Started,,
PT03938,2024-07-21,2024-07-22,2024-08-09,2024-08-17,Started,,
PT03939,2024-11-18,2024-11-22,2024-12-12,2024-12-14,Started,,
PT03940,2023-05-15,2023-05-20,2023-06-11,2023-06-15,Started,,
PT03941,2025-01-18,2025-01-25,2025-02-17,2025-02-20,Started,,
PT03942,2023-03-24,2023-03-26,2023-04-10,2023-04-14,Started,,
PT03943,2025-01-16,2025-01-20,2025-02-02,2025-02-06,Started,,
PT03944,2023-01-31,2023-02-01,2023-02-12,2023-02-18,Started,,
PT03945,2025-09-04,2025-09-10,2025-09-22,2025-10-03,Discontinued,2026-03-07,Adverse Event
PT03946,2025-02-18,2025-02-19,2025-03-11,2025-03-18,Started,,
PT03947,2024-02-28,2024-03-04,2024-03-19,,Not Started,,
PT03948,2023-07-30,2023-08-04,2023-08-23,,Not Started,,
PT03949,2024-12-15,2024-12-22,2025-01-06,2025-01-09,Started,,
PT03950,2025-12-08,2025-12-15,2025-12-30,2026-01-04,Started,,
PT03951,2024-01-13,2024-01-15,2024-01-25,2024-02-04,Started,,
PT03952,2025-07-11,2025-07-15,2025-07-28,,Not Started,,
PT03953,2024-08-30,2024-09-06,2024-09-20,2024-09-29,Started,,
PT03954,2025-08-05,2025-08-08,2025-08-18,2025-08-22,Discontinued,2026-04-17,Access Issue
PT03955,2024-07-16,2024-07-17,2024-07-31,2024-08-10,Started,,
PT03956,2025-05-04,2025-05-10,2025-05-22,2025-06-05,Started,,
PT03957,2025-12-16,2025-12-21,2026-01-06,,Not Started,,
PT03958,2025-10-10,2025-10-12,2025-10-23,2025-11-04,Started,,
PT03959,2023-03-08,2023-03-11,2023-03-23,2023-04-01,Started,,
PT03960,2025-08-04,2025-08-06,2025-08-17,2025-08-26,Started,,
PT03961,2023-06-23,2023-06-28,2023-07-15,2023-07-23,Started,,
PT03962,2023-10-17,2023-10-22,2023-11-11,,Not Started,,
PT03963,2025-06-04,2025-06-06,2025-06-25,2025-07-01,Started,,
PT03964,2024-06-24,2024-06-25,2024-07-20,2024-08-02,Started,,
PT03965,2024-11-06,2024-11-12,2024-11-27,,Not Started,,
PT03966,2025-08-19,2025-08-20,2025-09-02,,Not Started,,
PT03967,2025-03-08,2025-03-09,2025-03-30,2025-04-05,Started,,
PT03968,2024-09-10,2024-09-11,2024-09-23,2024-09-27,Started,,
PT03969,2023-11-27,2023-12-02,2023-12-27,2024-01-09,Started,,
PT03970,2024-09-11,2024-09-15,2024-10-22,2024-10-27,Started,,
PT03971,2025-10-27,2025-11-02,2025-11-22,2025-11-24,Started,,
PT03972,2024-11-23,2024-11-29,2024-12-21,2024-12-31,Started,,
PT03973,2023-06-07,2023-06-14,2023-06-19,2023-06-26,Discontinued,2023-10-30,Cost / Affordability
PT03974,2025-04-07,2025-04-14,2025-05-11,2025-05-20,Started,,
PT03975,2023-08-01,2023-08-05,2023-08-22,2023-08-28,Started,,
PT03976,2025-12-19,2025-12-25,2026-01-15,2026-01-19,Started,,
PT03977,2024-05-18,2024-05-25,2024-06-08,2024-06-13,Started,,
PT03978,2024-02-26,2024-02-28,2024-03-03,2024-03-09,Started,,
PT03979,2025-05-07,2025-05-10,2025-06-03,2025-06-14,Discontinued,2026-01-03,Treatment Ineffectiveness
PT03980,2025-10-25,2025-10-28,2025-11-14,2025-11-28,Started,,
PT03981,2024-01-18,2024-01-21,2024-01-28,2024-02-09,Started,,
PT03982,2024-06-07,2024-06-10,2024-06-25,,Not Started,,
PT03983,2024-08-29,2024-08-31,2024-09-21,2024-09-29,Started,,
PT03984,2023-01-19,2023-01-24,2023-02-09,2023-02-11,Started,,
PT03985,2025-10-07,2025-10-11,2025-10-22,2025-10-29,Started,,
PT03986,2023-09-28,2023-10-02,2023-10-07,2023-10-19,Started,,
PT03987,2023-03-13,2023-03-19,2023-03-26,,Not Started,,
PT03988,2024-02-02,2024-02-05,2024-02-09,2024-02-23,Started,,
PT03989,2025-04-11,2025-04-18,2025-05-05,,Not Started,,
PT03990,2023-06-29,2023-07-03,2023-07-22,2023-07-28,Started,,
PT03991,2024-03-13,2024-03-15,2024-04-11,,Not Started,,
PT03992,2024-05-31,2024-06-05,2024-06-16,2024-06-22,Discontinued,2024-08-27,Treatment Ineffectiveness
PT03993,2025-01-28,2025-01-29,2025-02-12,2025-02-24,Started,,
PT03994,2025-07-13,2025-07-19,2025-07-30,2025-08-12,Discontinued,2025-10-26,Access Issue
PT03995,2024-05-28,2024-05-29,2024-06-10,2024-06-16,Started,,
PT03996,2025-06-26,2025-07-02,2025-07-13,,Not Started,,
PT03997,2025-11-03,2025-11-10,2025-11-29,,Not Started,,
PT03998,2023-04-20,2023-04-23,2023-05-18,2023-05-28,Started,,
PT03999,2025-08-19,2025-08-20,2025-09-16,2025-09-27,Started,,
PT04000,2025-07-01,2025-07-04,2025-07-26,2025-08-07,Discontinued,2025-10-05,Treatment Ineffectiveness
PT04001,2025-02-10,2025-02-14,2025-03-13,2025-03-22,Started,,
PT04002,2023-05-09,2023-05-10,2023-05-25,2023-05-30,Discontinued,2023-10-14,Adverse Event
PT04003,2025-05-27,2025-05-28,2025-06-16,2025-06-27,Started,,
PT04004,2025-03-28,2025-03-31,2025-04-30,2025-05-07,Started,,
PT04005,2023-04-06,2023-04-08,2023-04-25,2023-04-30,Started,,
PT04006,2025-06-02,2025-06-08,2025-06-22,2025-06-24,Started,,
PT04007,2024-08-24,2024-08-30,2024-09-14,2024-09-18,Started,,
PT04008,2025-01-13,2025-01-16,2025-02-07,2025-02-18,Started,,
PT04009,2023-10-09,2023-10-14,2023-11-03,2023-11-10,Started,,
PT04010,2023-01-30,2023-02-05,2023-02-21,2023-03-05,Started,,
PT04011,2025-12-08,2025-12-14,2026-01-06,,Not Started,,
PT04012,2023-01-28,2023-01-29,2023-02-14,2023-02-22,Started,,
PT04013,2023-04-26,2023-05-03,2023-05-28,2023-06-04,Started,,
PT04014,2024-03-10,2024-03-15,2024-03-23,2024-04-04,Started,,
PT04015,2023-02-06,2023-02-09,2023-02-20,2023-02-23,Started,,
PT04016,2024-08-09,2024-08-12,2024-09-02,2024-09-15,Started,,
PT04017,2023-07-31,2023-08-07,2023-08-27,2023-09-08,Started,,
PT04018,2024-08-30,2024-09-05,2024-09-21,2024-09-25,Started,,
PT04019,2023-05-09,2023-05-15,2023-06-01,2023-06-15,Started,,
PT04020,2025-04-02,2025-04-03,2025-04-23,,Not Started,,
PT04021,2023-09-30,2023-10-07,2023-10-16,,Not Started,,
PT04022,2024-01-22,2024-01-23,2024-02-10,2024-02-24,Discontinued,2024-07-25,Cost / Affordability
PT04023,2023-10-23,2023-10-28,2023-11-17,2023-11-21,Discontinued,2024-04-19,Patient Decision
PT04024,2023-11-01,2023-11-02,2023-11-23,2023-12-04,Started,,
PT04025,2023-04-09,2023-04-16,2023-04-21,2023-05-01,Started,,
PT04026,2024-08-17,2024-08-23,2024-09-03,2024-09-10,Started,,
PT04027,2025-10-26,2025-10-30,2025-11-20,,Not Started,,
PT04028,2023-03-28,2023-04-04,2023-04-18,,Not Started,,
PT04029,2023-06-23,2023-06-28,2023-07-13,2023-07-15,Started,,
PT04030,2023-11-29,2023-12-05,2023-12-20,2023-12-25,Started,,
PT04031,2024-06-26,2024-07-01,2024-07-18,2024-07-27,Started,,
PT04032,2023-11-26,2023-12-03,2023-12-19,2023-12-24,Started,,
PT04033,2023-09-09,2023-09-13,2023-09-30,2023-10-04,Started,,
PT04034,2024-01-29,2024-01-31,2024-02-20,2024-02-24,Started,,
PT04035,2025-11-24,2025-11-25,2025-12-16,2025-12-18,Started,,
PT04036,2023-12-27,2023-12-29,2024-01-19,2024-02-02,Started,,
PT04037,2024-04-22,2024-04-24,2024-05-19,2024-05-22,Started,,
PT04038,2024-03-27,2024-03-29,2024-04-18,,Not Started,,
PT04039,2024-09-20,2024-09-23,2024-10-06,2024-10-20,Started,,
PT04040,2025-05-14,2025-05-19,2025-05-31,2025-06-06,Started,,
PT04041,2024-04-09,2024-04-13,2024-05-03,,Not Started,,
PT04042,2025-07-28,2025-07-30,2025-08-19,2025-08-22,Started,,
PT04043,2025-12-11,2025-12-12,2025-12-29,2026-01-07,Started,,
PT04044,2025-02-26,2025-03-05,2025-03-25,,Not Started,,
PT04045,2023-05-18,2023-05-21,2023-06-10,2023-06-22,Started,,
PT04046,2023-07-21,2023-07-28,2023-08-12,2023-08-18,Started,,
PT04047,2024-04-12,2024-04-13,2024-04-24,2024-04-27,Started,,
PT04048,2024-06-20,2024-06-21,2024-06-24,2024-07-07,Started,,
PT04049,2024-09-22,2024-09-27,2024-10-16,,Not Started,,
PT04050,2023-10-14,2023-10-15,2023-10-26,2023-10-29,Started,,
PT04051,2024-06-27,2024-07-01,2024-07-20,2024-07-29,Started,,
PT04052,2024-12-13,2024-12-17,2025-01-13,2025-01-22,Started,,
PT04053,2024-09-16,2024-09-22,2024-10-08,2024-10-21,Started,,
PT04054,2024-06-20,2024-06-24,2024-07-08,,Not Started,,
PT04055,2023-10-03,2023-10-05,2023-10-13,2023-10-15,Started,,
PT04056,2023-01-27,2023-02-02,2023-02-22,2023-03-04,Started,,
PT04057,2023-10-12,2023-10-13,2023-10-31,,Not Started,,
PT04058,2023-05-25,2023-05-26,2023-06-19,2023-06-30,Started,,
PT04059,2023-03-23,2023-03-26,2023-03-31,2023-04-06,Started,,
PT04060,2025-05-17,2025-05-18,2025-05-28,2025-06-06,Discontinued,2025-11-14,Adverse Event
PT04061,2025-06-20,2025-06-25,2025-07-17,2025-07-21,Started,,
PT04062,2024-05-05,2024-05-07,2024-06-07,2024-06-20,Started,,
PT04063,2024-07-27,2024-07-30,2024-08-15,,Not Started,,
PT04064,2023-09-01,2023-09-04,2023-09-23,2023-09-25,Started,,
PT04065,2023-07-06,2023-07-11,2023-07-19,2023-07-29,Started,,
PT04066,2025-12-24,2025-12-29,2026-01-20,,Not Started,,
PT04067,2023-07-19,2023-07-23,2023-08-12,2023-08-25,Started,,
PT04068,2024-08-08,2024-08-09,2024-08-16,,Not Started,,
PT04069,2025-09-06,2025-09-13,2025-10-05,2025-10-15,Started,,
PT04070,2025-09-10,2025-09-17,2025-10-15,2025-10-25,Discontinued,2026-04-24,Patient Decision
PT04071,2024-07-14,2024-07-21,2024-08-14,2024-08-27,Discontinued,2024-12-01,Patient Decision
PT04072,2025-08-05,2025-08-12,2025-08-30,2025-09-05,Started,,
PT04073,2024-10-22,2024-10-24,2024-11-10,2024-11-16,Started,,
PT04074,2024-05-04,2024-05-09,2024-06-01,,Not Started,,
PT04075,2023-12-11,2023-12-17,2023-12-24,2023-12-28,Started,,
PT04076,2024-06-07,2024-06-11,2024-07-02,2024-07-04,Started,,
PT04077,2025-01-10,2025-01-13,2025-01-29,2025-02-12,Started,,
PT04078,2023-09-16,2023-09-18,2023-10-08,2023-10-20,Started,,
PT04079,2023-12-16,2023-12-19,2024-01-16,,Not Started,,
PT04080,2024-10-04,2024-10-05,2024-10-27,2024-11-08,Started,,
PT04081,2025-10-19,2025-10-22,2025-11-07,2025-11-12,Discontinued,2026-07-08,Patient Decision
PT04082,2025-01-01,2025-01-06,2025-01-22,,Not Started,,
PT04083,2025-12-30,2026-01-05,2026-01-20,2026-01-24,Started,,
PT04084,2024-03-16,2024-03-19,2024-04-09,2024-04-13,Started,,
PT04085,2025-12-26,2025-12-30,2026-01-07,2026-01-21,Started,,
PT04086,2024-01-06,2024-01-07,2024-01-18,2024-02-01,Started,,
PT04087,2023-03-25,2023-04-01,2023-04-28,2023-05-02,Started,,
PT04088,2023-12-08,2023-12-15,2024-01-04,2024-01-14,Started,,
PT04089,2023-06-07,2023-06-14,2023-07-10,2023-07-19,Started,,
PT04090,2025-08-10,2025-08-17,2025-09-15,2025-09-21,Started,,
PT04091,2023-06-27,2023-06-29,2023-07-11,2023-07-20,Started,,
PT04092,2023-02-22,2023-02-23,2023-03-21,2023-04-04,Started,,
PT04093,2024-05-03,2024-05-05,2024-05-31,,Not Started,,
PT04094,2024-01-25,2024-01-28,2024-02-16,2024-02-26,Started,,
PT04095,2025-02-19,2025-02-25,2025-03-20,2025-03-27,Started,,
PT04096,2025-08-19,2025-08-25,2025-09-16,2025-09-24,Started,,
PT04097,2023-10-13,2023-10-14,2023-10-21,2023-10-23,Started,,
PT04098,2024-09-19,2024-09-20,2024-10-09,2024-10-23,Started,,
PT04099,2025-05-12,2025-05-17,2025-06-04,2025-06-15,Started,,
PT04100,2025-06-25,2025-06-27,2025-07-16,2025-07-18,Started,,
PT04101,2024-09-06,2024-09-10,2024-10-06,2024-10-13,Started,,
PT04102,2024-12-05,2024-12-08,2024-12-17,2024-12-31,Started,,
PT04103,2024-05-06,2024-05-12,2024-05-18,,Not Started,,
PT04104,2024-03-13,2024-03-14,2024-04-03,2024-04-15,Discontinued,2024-08-17,Access Issue
PT04105,2025-02-09,2025-02-12,2025-02-18,2025-02-20,Started,,
PT04106,2024-07-18,2024-07-21,2024-08-04,2024-08-14,Started,,
PT04107,2024-09-29,2024-09-30,2024-10-11,,Not Started,,
PT04108,2024-04-10,2024-04-14,2024-05-04,2024-05-13,Started,,
PT04109,2025-11-28,2025-12-04,2025-12-10,2025-12-19,Discontinued,2026-05-10,Access Issue
PT04110,2024-05-28,2024-05-31,2024-06-12,2024-06-21,Discontinued,2024-10-17,Patient Decision
PT04111,2023-04-14,2023-04-16,2023-05-07,2023-05-15,Started,,
PT04112,2025-05-14,2025-05-19,2025-05-31,2025-06-04,Started,,
PT04113,2025-07-22,2025-07-23,2025-07-29,2025-08-04,Started,,
PT04114,2024-04-30,2024-05-01,2024-05-19,2024-05-25,Started,,
PT04115,2025-11-14,2025-11-16,2025-12-05,,Not Started,,
PT04116,2023-01-27,2023-01-28,2023-02-08,2023-02-17,Started,,
PT04117,2023-08-03,2023-08-04,2023-08-22,2023-08-29,Discontinued,2023-12-18,Adverse Event
PT04118,2025-04-23,2025-04-28,2025-05-11,2025-05-15,Started,,
PT04119,2023-12-05,2023-12-09,2023-12-29,2024-01-03,Started,,
PT04120,2023-09-04,2023-09-08,2023-10-01,2023-10-10,Started,,
PT04121,2025-06-27,2025-06-29,2025-07-06,2025-07-18,Started,,
PT04122,2025-04-27,2025-05-04,2025-05-18,2025-05-22,Started,,
PT04123,2025-10-29,2025-10-30,2025-11-07,2025-11-19,Discontinued,2026-02-14,Patient Decision
PT04124,2024-09-12,2024-09-19,2024-09-27,2024-10-11,Started,,
PT04125,2025-11-24,2025-11-27,2025-12-11,2025-12-18,Started,,
PT04126,2025-10-05,2025-10-11,2025-10-15,2025-10-26,Started,,
PT04127,2023-09-02,2023-09-08,2023-09-26,2023-10-02,Started,,
PT04128,2023-09-07,2023-09-14,2023-10-11,2023-10-22,Started,,
PT04129,2025-01-03,2025-01-04,2025-01-29,2025-02-01,Discontinued,2025-04-23,Patient Decision
PT04130,2023-06-29,2023-07-02,2023-07-20,,Not Started,,
PT04131,2025-11-26,2025-11-28,2025-12-12,2025-12-16,Started,,
PT04132,2023-02-24,2023-03-03,2023-03-16,2023-03-21,Started,,
PT04133,2024-09-07,2024-09-14,2024-09-25,2024-10-06,Started,,
PT04134,2025-09-07,2025-09-13,2025-10-09,,Not Started,,
PT04135,2025-07-03,2025-07-09,2025-07-27,2025-08-02,Started,,
PT04136,2023-06-30,2023-07-05,2023-08-02,2023-08-13,Started,,
PT04137,2023-09-19,2023-09-25,2023-10-14,2023-10-17,Started,,
PT04138,2023-08-12,2023-08-15,2023-08-29,2023-09-01,Discontinued,2024-01-13,Patient Decision
PT04139,2024-11-29,2024-11-30,2024-12-07,2024-12-17,Started,,
PT04140,2025-11-06,2025-11-11,2025-12-13,2025-12-20,Started,,
PT04141,2024-10-28,2024-11-03,2024-11-20,2024-12-02,Started,,
PT04142,2024-04-02,2024-04-04,2024-04-20,2024-04-29,Started,,
PT04143,2025-08-23,2025-08-27,2025-09-01,2025-09-15,Started,,
PT04144,2025-12-11,2025-12-14,2026-01-01,2026-01-07,Discontinued,2026-08-03,Cost / Affordability
PT04145,2023-08-31,2023-09-06,2023-09-15,,Not Started,,
PT04146,2024-01-04,2024-01-06,2024-01-19,2024-01-24,Started,,
PT04147,2023-07-27,2023-08-03,2023-08-15,2023-08-23,Started,,
PT04148,2023-08-20,2023-08-24,2023-08-30,2023-09-13,Started,,
PT04149,2024-12-23,2024-12-27,2025-01-21,2025-01-31,Discontinued,2025-05-31,Access Issue
PT04150,2023-10-22,2023-10-24,2023-11-11,,Not Started,,
PT04151,2025-06-08,2025-06-09,2025-06-22,2025-07-06,Started,,
PT04152,2023-06-12,2023-06-15,2023-06-23,2023-07-06,Started,,
PT04153,2025-11-13,2025-11-15,2025-11-29,2025-12-07,Started,,
PT04154,2023-02-28,2023-03-01,2023-03-19,,Not Started,,
PT04155,2023-05-22,2023-05-23,2023-06-10,2023-06-21,Discontinued,2023-11-24,Cost / Affordability
PT04156,2025-10-25,2025-10-26,2025-11-22,,Not Started,,
PT04157,2024-10-11,2024-10-12,2024-10-22,2024-11-04,Started,,
PT04158,2024-01-06,2024-01-08,2024-01-29,2024-02-02,Started,,
PT04159,2025-11-22,2025-11-25,2025-12-13,2025-12-23,Discontinued,2026-08-04,Patient Decision
PT04160,2025-03-16,2025-03-22,2025-04-19,2025-04-22,Started,,
PT04161,2023-10-04,2023-10-10,2023-10-16,2023-10-19,Started,,
PT04162,2023-11-13,2023-11-14,2023-12-03,2023-12-07,Started,,
PT04163,2025-06-06,2025-06-13,2025-07-07,2025-07-14,Discontinued,2025-11-19,Adverse Event
PT04164,2024-06-16,2024-06-23,2024-07-07,2024-07-12,Started,,
PT04165,2024-12-11,2024-12-14,2024-12-31,2025-01-08,Started,,
PT04166,2023-10-27,2023-11-01,2023-11-19,2023-11-21,Started,,
PT04167,2025-11-19,2025-11-20,2025-12-06,2025-12-11,Started,,
PT04168,2024-09-20,2024-09-22,2024-10-14,2024-10-17,Started,,
PT04169,2025-03-21,2025-03-24,2025-04-10,2025-04-24,Started,,
PT04170,2024-05-01,2024-05-03,2024-05-14,2024-05-25,Started,,
PT04171,2024-05-11,2024-05-16,2024-06-05,2024-06-12,Started,,
PT04172,2025-09-20,2025-09-25,2025-10-14,2025-10-16,Started,,
PT04173,2023-08-29,2023-09-01,2023-09-11,2023-09-21,Started,,
PT04174,2023-07-12,2023-07-15,2023-07-21,2023-07-30,Started,,
PT04175,2023-11-23,2023-11-29,2023-12-22,,Not Started,,
PT04176,2023-07-21,2023-07-28,2023-08-07,2023-08-13,Started,,
PT04177,2025-01-18,2025-01-24,2025-02-10,,Not Started,,
PT04178,2025-03-02,2025-03-04,2025-03-24,2025-04-01,Started,,
PT04179,2023-12-11,2023-12-18,2024-01-09,2024-01-20,Started,,
PT04180,2024-07-15,2024-07-21,2024-07-26,2024-08-02,Started,,
PT04181,2025-08-24,2025-08-28,2025-09-05,2025-09-19,Started,,
PT04182,2023-10-31,2023-11-04,2023-11-29,2023-12-13,Discontinued,2024-05-21,Treatment Ineffectiveness
PT04183,2025-09-15,2025-09-19,2025-10-14,2025-10-23,Discontinued,2026-02-27,Treatment Ineffectiveness
PT04184,2024-03-14,2024-03-18,2024-04-05,2024-04-11,Started,,
PT04185,2024-07-05,2024-07-07,2024-08-03,2024-08-09,Started,,
PT04186,2024-12-19,2024-12-23,2025-01-01,2025-01-09,Discontinued,2025-07-12,Cost / Affordability
PT04187,2025-04-25,2025-04-29,2025-05-12,2025-05-19,Started,,
PT04188,2025-09-20,2025-09-25,2025-10-15,2025-10-19,Started,,
PT04189,2023-07-02,2023-07-09,2023-07-28,2023-07-31,Started,,
PT04190,2025-11-30,2025-12-02,2025-12-11,2025-12-17,Discontinued,2026-04-01,Cost / Affordability
PT04191,2023-09-18,2023-09-24,2023-10-03,,Not Started,,
PT04192,2023-01-17,2023-01-21,2023-01-30,2023-02-03,Started,,
PT04193,2025-04-25,2025-05-01,2025-05-10,2025-05-15,Started,,
PT04194,2023-12-04,2023-12-07,2023-12-30,2024-01-02,Started,,
PT04195,2023-06-10,2023-06-13,2023-07-13,,Not Started,,
PT04196,2023-08-22,2023-08-26,2023-09-02,2023-09-15,Started,,
PT04197,2024-02-17,2024-02-22,2024-03-19,2024-04-01,Started,,
PT04198,2024-12-20,2024-12-24,2025-01-06,2025-01-09,Started,,
PT04199,2025-12-05,2025-12-09,2025-12-31,2026-01-13,Started,,
PT04200,2025-01-02,2025-01-09,2025-01-22,2025-02-03,Started,,
PT04201,2023-09-13,2023-09-17,2023-10-11,2023-10-13,Started,,
PT04202,2023-01-03,2023-01-07,2023-01-20,2023-02-02,Started,,
PT04203,2023-04-04,2023-04-10,2023-04-29,2023-05-01,Started,,
PT04204,2024-02-08,2024-02-11,2024-02-20,2024-02-26,Discontinued,2024-08-02,Adverse Event
PT04205,2025-05-27,2025-05-30,2025-06-09,2025-06-23,Started,,
PT04206,2023-09-05,2023-09-10,2023-09-17,2023-10-01,Started,,
PT04207,2023-03-21,2023-03-26,2023-03-30,2023-04-05,Started,,
PT04208,2023-07-13,2023-07-17,2023-07-30,2023-08-07,Started,,
PT04209,2024-07-27,2024-07-29,2024-08-19,2024-08-23,Started,,
PT04210,2024-05-31,2024-06-01,2024-06-10,2024-06-17,Started,,
PT04211,2024-08-27,2024-08-28,2024-09-12,2024-09-25,Discontinued,2024-11-12,Treatment Ineffectiveness
PT04212,2023-06-05,2023-06-11,2023-06-29,2023-07-02,Started,,
PT04213,2023-10-05,2023-10-11,2023-11-02,2023-11-13,Started,,
PT04214,2023-08-26,2023-08-30,2023-09-26,,Not Started,,
PT04215,2024-12-25,2024-12-28,2025-01-10,2025-01-14,Started,,
PT04216,2024-08-16,2024-08-20,2024-09-02,2024-09-05,Discontinued,2024-10-28,Adverse Event
PT04217,2025-08-05,2025-08-12,2025-08-29,2025-09-08,Started,,
PT04218,2024-02-25,2024-02-28,2024-03-06,2024-03-16,Started,,
PT04219,2025-07-04,2025-07-09,2025-07-31,2025-08-05,Discontinued,2026-02-23,Patient Decision
PT04220,2025-01-11,2025-01-17,2025-01-20,2025-01-23,Discontinued,2025-08-03,Access Issue
PT04221,2024-11-17,2024-11-24,2024-12-01,2024-12-05,Started,,
PT04222,2024-08-30,2024-09-05,2024-10-07,2024-10-13,Discontinued,2025-02-21,Adverse Event
PT04223,2024-12-31,2025-01-04,2025-01-25,2025-02-04,Started,,
PT04224,2024-08-30,2024-09-01,2024-09-12,,Not Started,,
PT04225,2023-09-23,2023-09-28,2023-10-24,2023-10-27,Started,,
PT04226,2023-01-10,2023-01-13,2023-01-27,2023-02-02,Started,,
PT04227,2023-02-06,2023-02-08,2023-03-05,2023-03-11,Discontinued,2023-10-18,Patient Decision
PT04228,2024-10-20,2024-10-22,2024-11-07,2024-11-15,Started,,
PT04229,2025-03-04,2025-03-05,2025-03-23,2025-03-28,Started,,
PT04230,2024-08-21,2024-08-22,2024-09-09,2024-09-16,Started,,
PT04231,2025-12-04,2025-12-11,2026-01-07,,Not Started,,
PT04232,2023-11-19,2023-11-23,2023-12-09,2023-12-16,Discontinued,2024-03-14,Patient Decision
PT04233,2023-08-07,2023-08-09,2023-08-29,2023-09-02,Started,,
PT04234,2025-09-13,2025-09-15,2025-10-09,2025-10-17,Discontinued,2025-12-02,Patient Decision
PT04235,2025-04-04,2025-04-07,2025-04-22,2025-04-27,Started,,
PT04236,2023-11-05,2023-11-10,2023-11-25,2023-12-01,Started,,
PT04237,2025-02-24,2025-02-26,2025-03-17,2025-03-24,Started,,
PT04238,2024-07-25,2024-07-30,2024-08-28,2024-09-02,Discontinued,2024-12-15,Access Issue
PT04239,2023-06-04,2023-06-05,2023-06-30,,Not Started,,
PT04240,2024-04-11,2024-04-17,2024-04-30,,Not Started,,
PT04241,2023-10-19,2023-10-24,2023-11-12,2023-11-15,Started,,
PT04242,2025-07-08,2025-07-10,2025-08-03,2025-08-08,Started,,
PT04243,2025-04-12,2025-04-14,2025-05-04,2025-05-09,Started,,
PT04244,2025-01-31,2025-02-05,2025-03-01,2025-03-09,Started,,
PT04245,2025-05-26,2025-05-27,2025-06-06,2025-06-13,Started,,
PT04246,2025-06-01,2025-06-06,2025-06-20,,Not Started,,
PT04247,2023-02-19,2023-02-23,2023-03-23,2023-04-04,Started,,
PT04248,2023-08-18,2023-08-19,2023-08-28,,Not Started,,
PT04249,2023-02-17,2023-02-19,2023-03-15,2023-03-19,Started,,
PT04250,2023-03-31,2023-04-04,2023-04-10,2023-04-12,Started,,
PT04251,2023-01-07,2023-01-11,2023-01-29,,Not Started,,
PT04252,2025-05-02,2025-05-04,2025-05-12,2025-05-19,Started,,
PT04253,2024-03-10,2024-03-16,2024-04-08,2024-04-14,Started,,
PT04254,2024-06-13,2024-06-15,2024-07-03,2024-07-12,Started,,
PT04255,2025-06-07,2025-06-08,2025-06-17,2025-07-01,Started,,
PT04256,2024-11-01,2024-11-07,2024-11-18,2024-11-26,Started,,
PT04257,2024-08-06,2024-08-11,2024-08-28,2024-09-04,Discontinued,2025-01-05,Treatment Ineffectiveness
PT04258,2024-07-17,2024-07-21,2024-08-11,2024-08-18,Started,,
PT04259,2024-06-14,2024-06-18,2024-07-07,2024-07-09,Started,,
PT04260,2025-05-29,2025-06-01,2025-06-20,2025-06-25,Started,,
PT04261,2025-10-31,2025-11-05,2025-11-28,,Not Started,,
PT04262,2024-06-25,2024-06-26,2024-07-11,2024-07-23,Started,,
PT04263,2024-12-07,2024-12-10,2024-12-31,2025-01-04,Started,,
PT04264,2025-06-13,2025-06-15,2025-06-21,2025-07-02,Discontinued,2025-12-25,Treatment Ineffectiveness
PT04265,2024-07-25,2024-08-01,2024-08-12,2024-08-21,Discontinued,2025-02-16,Adverse Event
PT04266,2023-03-15,2023-03-18,2023-04-01,2023-04-09,Started,,
PT04267,2025-02-12,2025-02-17,2025-02-28,2025-03-02,Started,,
PT04268,2024-03-22,2024-03-28,2024-04-06,2024-04-14,Started,,
PT04269,2025-08-31,2025-09-04,2025-09-11,2025-09-21,Started,,
PT04270,2023-11-10,2023-11-12,2023-11-28,,Not Started,,
PT04271,2024-02-21,2024-02-24,2024-03-12,2024-03-16,Started,,
PT04272,2024-05-31,2024-06-07,2024-06-21,2024-06-25,Started,,
PT04273,2024-06-20,2024-06-23,2024-07-18,2024-07-31,Discontinued,2024-10-04,Treatment Ineffectiveness
PT04274,2025-06-29,2025-07-05,2025-07-12,,Not Started,,
PT04275,2025-08-15,2025-08-20,2025-09-02,2025-09-10,Started,,
PT04276,2023-05-13,2023-05-16,2023-06-04,2023-06-16,Started,,
PT04277,2023-07-26,2023-08-01,2023-08-22,,Not Started,,
PT04278,2023-05-02,2023-05-03,2023-05-20,2023-06-01,Started,,
PT04279,2023-08-16,2023-08-19,2023-08-28,2023-09-02,Started,,
PT04280,2024-05-04,2024-05-10,2024-05-17,2024-05-30,Discontinued,2024-10-28,Patient Decision
PT04281,2023-08-14,2023-08-16,2023-08-31,2023-09-09,Started,,
PT04282,2024-06-20,2024-06-22,2024-07-12,2024-07-23,Started,,
PT04283,2025-07-29,2025-08-04,2025-08-19,2025-08-25,Started,,
PT04284,2025-09-12,2025-09-13,2025-09-25,2025-09-30,Started,,
PT04285,2025-04-23,2025-04-24,2025-05-14,2025-05-23,Started,,
PT04286,2025-02-28,2025-03-04,2025-03-12,2025-03-25,Started,,
PT04287,2025-01-30,2025-01-31,2025-02-19,2025-02-24,Discontinued,2025-08-13,Adverse Event
PT04288,2024-10-30,2024-11-03,2024-11-24,2024-12-06,Started,,
PT04289,2024-06-26,2024-06-27,2024-07-22,2024-08-05,Discontinued,2025-03-19,Cost / Affordability
PT04290,2024-10-10,2024-10-17,2024-10-23,2024-10-26,Started,,
PT04291,2025-10-04,2025-10-05,2025-10-18,2025-10-29,Started,,
PT04292,2023-05-15,2023-05-21,2023-06-07,2023-06-21,Started,,
PT04293,2023-05-05,2023-05-07,2023-05-31,2023-06-08,Started,,
PT04294,2023-05-29,2023-06-02,2023-06-10,2023-06-21,Started,,
PT04295,2025-10-14,2025-10-16,2025-10-28,2025-11-02,Started,,
PT04296,2025-02-10,2025-02-14,2025-03-04,2025-03-08,Started,,
PT04297,2024-07-07,2024-07-08,2024-07-18,2024-07-20,Started,,
PT04298,2024-03-16,2024-03-21,2024-04-23,2024-04-28,Started,,
PT04299,2024-06-24,2024-06-25,2024-07-10,,Not Started,,
PT04300,2025-05-30,2025-06-06,2025-06-17,2025-06-19,Started,,
PT04301,2023-03-06,2023-03-12,2023-03-30,,Not Started,,
PT04302,2023-09-03,2023-09-04,2023-09-12,2023-09-17,Started,,
PT04303,2024-01-23,2024-01-26,2024-02-05,2024-02-19,Started,,
PT04304,2023-04-14,2023-04-21,2023-05-05,2023-05-18,Started,,
PT04305,2024-08-30,2024-09-04,2024-09-30,,Not Started,,
PT04306,2024-09-03,2024-09-06,2024-09-23,2024-10-07,Started,,
PT04307,2024-09-30,2024-10-07,2024-10-20,2024-10-27,Started,,
PT04308,2025-12-21,2025-12-22,2026-01-10,2026-01-19,Started,,
PT04309,2024-08-08,2024-08-11,2024-08-25,2024-08-29,Discontinued,2025-04-18,Patient Decision
PT04310,2025-12-25,2025-12-26,2026-01-10,2026-01-21,Started,,
PT04311,2024-11-24,2024-11-28,2024-12-26,,Not Started,,
PT04312,2025-12-14,2025-12-16,2026-01-01,2026-01-05,Started,,
PT04313,2024-03-25,2024-03-28,2024-04-17,2024-04-23,Discontinued,2024-10-29,Cost / Affordability
PT04314,2023-02-22,2023-02-24,2023-03-05,2023-03-15,Started,,
PT04315,2024-05-29,2024-05-30,2024-06-16,2024-06-23,Discontinued,2025-01-02,Access Issue
PT04316,2024-10-16,2024-10-18,2024-10-24,,Not Started,,
PT04317,2025-06-10,2025-06-12,2025-07-03,2025-07-08,Started,,
PT04318,2023-06-29,2023-07-03,2023-07-27,2023-08-03,Started,,
PT04319,2025-11-06,2025-11-12,2025-12-07,2025-12-19,Started,,
PT04320,2023-06-24,2023-06-25,2023-07-18,2023-07-23,Started,,
PT04321,2025-06-25,2025-06-27,2025-07-15,2025-07-25,Started,,
PT04322,2023-09-25,2023-09-28,2023-10-13,2023-10-17,Started,,
PT04323,2023-07-09,2023-07-11,2023-08-10,2023-08-15,Started,,
PT04324,2024-11-03,2024-11-08,2024-11-27,2024-12-09,Started,,
PT04325,2025-04-20,2025-04-24,2025-05-12,,Not Started,,
PT04326,2023-06-01,2023-06-02,2023-06-28,2023-07-06,Started,,
PT04327,2023-10-30,2023-11-05,2023-11-22,2023-11-28,Started,,
PT04328,2025-04-30,2025-05-03,2025-05-24,2025-05-31,Started,,
PT04329,2024-04-08,2024-04-13,2024-04-27,2024-05-04,Started,,
PT04330,2025-10-16,2025-10-20,2025-10-24,2025-11-03,Discontinued,2026-02-06,Access Issue
PT04331,2023-01-28,2023-02-01,2023-02-21,2023-03-07,Started,,
PT04332,2024-03-20,2024-03-22,2024-04-13,2024-04-20,Started,,
PT04333,2024-04-15,2024-04-21,2024-05-02,2024-05-14,Started,,
PT04334,2025-11-13,2025-11-17,2025-11-28,2025-12-03,Started,,
PT04335,2024-11-16,2024-11-20,2024-12-01,2024-12-03,Started,,
PT04336,2023-02-12,2023-02-18,2023-03-06,2023-03-12,Started,,
PT04337,2025-08-03,2025-08-05,2025-08-10,2025-08-17,Started,,
PT04338,2025-08-02,2025-08-08,2025-09-08,2025-09-13,Discontinued,2026-01-30,Patient Decision
PT04339,2025-04-30,2025-05-07,2025-05-28,2025-06-11,Started,,
PT04340,2024-11-11,2024-11-12,2024-11-19,2024-11-25,Started,,
PT04341,2025-11-12,2025-11-19,2025-12-08,2025-12-15,Started,,
PT04342,2023-07-02,2023-07-03,2023-07-17,,Not Started,,
PT04343,2024-08-03,2024-08-07,2024-08-18,,Not Started,,
PT04344,2023-08-19,2023-08-25,2023-09-22,2023-09-25,Started,,
PT04345,2024-01-19,2024-01-24,2024-02-07,2024-02-12,Discontinued,2024-06-28,Cost / Affordability
PT04346,2023-10-28,2023-10-29,2023-11-23,2023-11-25,Started,,
PT04347,2025-03-06,2025-03-08,2025-03-28,2025-03-31,Started,,
PT04348,2024-11-19,2024-11-24,2024-12-19,2025-01-02,Discontinued,2025-07-04,Cost / Affordability
PT04349,2024-03-16,2024-03-23,2024-04-10,2024-04-16,Started,,
PT04350,2024-12-05,2024-12-12,2024-12-27,,Not Started,,
PT04351,2025-07-06,2025-07-13,2025-08-02,2025-08-09,Started,,
PT04352,2024-05-21,2024-05-26,2024-05-30,2024-06-11,Started,,
PT04353,2023-10-01,2023-10-07,2023-10-18,2023-10-26,Started,,
PT04354,2023-04-07,2023-04-12,2023-04-25,2023-05-04,Discontinued,2023-07-25,Cost / Affordability
PT04355,2023-02-08,2023-02-14,2023-03-14,2023-03-26,Started,,
PT04356,2025-10-09,2025-10-14,2025-11-02,,Not Started,,
PT04357,2024-04-05,2024-04-06,2024-04-26,2024-04-28,Discontinued,2024-07-25,Patient Decision
PT04358,2024-05-10,2024-05-12,2024-06-17,,Not Started,,
PT04359,2023-12-16,2023-12-18,2024-01-07,,Not Started,,
PT04360,2024-07-31,2024-08-03,2024-08-25,2024-09-08,Started,,
PT04361,2024-02-12,2024-02-13,2024-03-02,2024-03-09,Started,,
PT04362,2025-05-25,2025-06-01,2025-06-10,2025-06-15,Started,,
PT04363,2023-05-04,2023-05-06,2023-06-03,2023-06-08,Started,,
PT04364,2025-06-09,2025-06-15,2025-07-02,2025-07-12,Started,,
PT04365,2025-02-02,2025-02-04,2025-02-24,2025-03-04,Started,,
PT04366,2024-09-10,2024-09-13,2024-10-11,2024-10-20,Started,,
PT04367,2023-08-03,2023-08-08,2023-08-16,,Not Started,,
PT04368,2024-01-25,2024-01-26,2024-02-03,2024-02-05,Started,,
PT04369,2023-04-29,2023-05-03,2023-05-21,,Not Started,,
PT04370,2025-01-19,2025-01-23,2025-01-26,2025-02-03,Started,,
PT04371,2025-03-25,2025-03-27,2025-04-20,2025-05-02,Started,,
PT04372,2023-08-31,2023-09-04,2023-10-04,,Not Started,,
PT04373,2024-01-15,2024-01-17,2024-01-27,2024-02-03,Started,,
PT04374,2025-04-08,2025-04-13,2025-05-11,,Not Started,,
PT04375,2024-12-09,2024-12-10,2025-01-11,2025-01-21,Started,,
PT04376,2025-08-22,2025-08-24,2025-08-30,2025-09-04,Started,,
PT04377,2024-01-01,2024-01-05,2024-01-14,2024-01-26,Started,,
PT04378,2024-11-29,2024-12-03,2024-12-15,2024-12-28,Started,,
PT04379,2024-05-16,2024-05-22,2024-05-29,2024-06-05,Started,,
PT04380,2024-10-18,2024-10-19,2024-11-02,2024-11-06,Started,,
PT04381,2024-04-18,2024-04-22,2024-05-10,2024-05-23,Started,,
PT04382,2025-05-23,2025-05-24,2025-06-02,2025-06-06,Started,,
PT04383,2024-08-14,2024-08-21,2024-09-21,2024-10-02,Started,,
PT04384,2025-08-04,2025-08-07,2025-08-27,2025-08-29,Started,,
PT04385,2025-08-09,2025-08-12,2025-09-02,2025-09-13,Started,,
PT04386,2024-05-25,2024-05-30,2024-06-09,,Not Started,,
PT04387,2025-08-29,2025-09-05,2025-09-20,,Not Started,,
PT04388,2025-12-16,2025-12-23,2026-01-10,2026-01-13,Discontinued,2026-04-05,Access Issue
PT04389,2025-10-05,2025-10-06,2025-10-27,2025-11-07,Started,,
PT04390,2024-04-15,2024-04-19,2024-05-13,2024-05-21,Started,,
PT04391,2025-10-21,2025-10-26,2025-11-02,2025-11-13,Started,,
PT04392,2024-12-23,2024-12-25,2025-01-12,2025-01-25,Discontinued,2025-05-21,Patient Decision
PT04393,2024-08-04,2024-08-06,2024-08-28,2024-08-31,Started,,
PT04394,2025-11-07,2025-11-13,2025-12-09,2025-12-23,Started,,
PT04395,2025-09-06,2025-09-07,2025-09-29,2025-10-01,Started,,
PT04396,2024-09-07,2024-09-08,2024-09-24,2024-10-05,Started,,
PT04397,2025-11-10,2025-11-13,2025-12-02,2025-12-09,Started,,
PT04398,2024-01-21,2024-01-26,2024-02-03,,Not Started,,
PT04399,2025-07-22,2025-07-25,2025-08-12,2025-08-19,Started,,
PT04400,2023-12-26,2023-12-31,2024-01-11,2024-01-14,Started,,
PT04401,2023-09-07,2023-09-11,2023-10-06,2023-10-19,Started,,
PT04402,2023-09-30,2023-10-04,2023-10-23,2023-11-04,Started,,
PT04403,2024-08-10,2024-08-16,2024-09-05,2024-09-14,Started,,
PT04404,2025-03-08,2025-03-15,2025-04-05,2025-04-10,Started,,
PT04405,2023-02-09,2023-02-16,2023-03-06,2023-03-19,Started,,
PT04406,2024-09-11,2024-09-13,2024-10-15,,Not Started,,
PT04407,2024-04-30,2024-05-01,2024-05-18,2024-05-22,Started,,
PT04408,2024-04-12,2024-04-16,2024-04-25,2024-04-30,Started,,
PT04409,2025-10-23,2025-10-26,2025-11-19,2025-11-25,Started,,
PT04410,2023-05-10,2023-05-16,2023-05-30,2023-06-11,Started,,
PT04411,2023-02-27,2023-03-02,2023-03-28,2023-03-30,Started,,
PT04412,2024-06-01,2024-06-04,2024-06-16,2024-06-23,Started,,
PT04413,2024-12-23,2024-12-25,2025-01-09,2025-01-23,Started,,
PT04414,2023-03-25,2023-04-01,2023-04-25,2023-04-28,Started,,
PT04415,2023-07-25,2023-07-29,2023-08-17,2023-08-23,Discontinued,2023-11-24,Access Issue
PT04416,2025-10-28,2025-11-03,2025-11-09,2025-11-17,Started,,
PT04417,2025-05-30,2025-06-06,2025-06-27,2025-07-06,Started,,
PT04418,2024-01-22,2024-01-24,2024-02-10,2024-02-23,Started,,
PT04419,2025-12-13,2025-12-17,2026-01-18,2026-01-21,Started,,
PT04420,2024-01-16,2024-01-23,2024-02-24,,Not Started,,
PT04421,2024-01-08,2024-01-09,2024-02-02,2024-02-10,Started,,
PT04422,2023-06-07,2023-06-14,2023-06-30,2023-07-13,Started,,
PT04423,2024-04-13,2024-04-16,2024-05-02,,Not Started,,
PT04424,2024-08-11,2024-08-12,2024-09-04,2024-09-08,Started,,
PT04425,2024-01-22,2024-01-27,2024-02-13,2024-02-16,Started,,
PT04426,2023-07-24,2023-07-25,2023-08-01,,Not Started,,
PT04427,2023-05-22,2023-05-23,2023-06-04,2023-06-08,Started,,
PT04428,2025-06-01,2025-06-07,2025-07-03,2025-07-08,Started,,
PT04429,2024-12-15,2024-12-20,2025-01-04,2025-01-15,Discontinued,2025-06-30,Access Issue
PT04430,2025-06-03,2025-06-09,2025-06-26,2025-07-04,Started,,
PT04431,2023-06-25,2023-06-27,2023-07-05,2023-07-16,Started,,
PT04432,2025-08-13,2025-08-14,2025-09-03,2025-09-12,Started,,
PT04433,2023-05-20,2023-05-25,2023-06-28,,Not Started,,
PT04434,2024-05-15,2024-05-20,2024-06-05,2024-06-11,Started,,
PT04435,2023-04-20,2023-04-21,2023-04-25,2023-05-05,Started,,
PT04436,2024-12-19,2024-12-23,2025-01-21,2025-01-27,Started,,
PT04437,2025-05-31,2025-06-01,2025-06-08,2025-06-10,Started,,
PT04438,2024-07-27,2024-07-29,2024-08-14,2024-08-24,Started,,
PT04439,2024-03-01,2024-03-04,2024-03-26,2024-04-04,Started,,
PT04440,2024-05-18,2024-05-23,2024-06-04,2024-06-09,Started,,
PT04441,2024-12-09,2024-12-13,2025-01-13,2025-01-21,Started,,
PT04442,2025-03-10,2025-03-14,2025-04-02,2025-04-13,Started,,
PT04443,2024-06-05,2024-06-07,2024-06-27,,Not Started,,
PT04444,2024-04-12,2024-04-18,2024-04-30,2024-05-08,Started,,
PT04445,2025-01-27,2025-02-01,2025-02-05,2025-02-14,Started,,
PT04446,2024-01-30,2024-01-31,2024-02-09,2024-02-19,Started,,
PT04447,2025-10-14,2025-10-15,2025-11-09,2025-11-11,Started,,
PT04448,2025-11-20,2025-11-23,2025-12-12,2025-12-15,Started,,
PT04449,2024-09-01,2024-09-05,2024-09-12,2024-09-20,Started,,
PT04450,2025-04-22,2025-04-29,2025-05-15,,Not Started,,
PT04451,2024-09-21,2024-09-22,2024-10-02,2024-10-07,Started,,
PT04452,2023-09-10,2023-09-12,2023-09-30,,Not Started,,
PT04453,2024-08-18,2024-08-20,2024-09-12,2024-09-17,Started,,
PT04454,2023-03-31,2023-04-03,2023-04-26,2023-04-30,Discontinued,2023-09-10,Treatment Ineffectiveness
PT04455,2024-06-23,2024-06-30,2024-07-09,2024-07-23,Started,,
PT04456,2025-11-25,2025-11-28,2025-12-26,2025-12-30,Started,,
PT04457,2025-01-16,2025-01-21,2025-02-02,2025-02-07,Started,,
PT04458,2025-11-26,2025-12-02,2025-12-19,2025-12-31,Started,,
PT04459,2025-03-31,2025-04-06,2025-04-22,2025-04-26,Discontinued,2025-12-20,Treatment Ineffectiveness
PT04460,2025-02-19,2025-02-21,2025-03-16,2025-03-20,Started,,
PT04461,2023-02-16,2023-02-21,2023-02-28,2023-03-08,Started,,
PT04462,2024-12-31,2025-01-06,2025-01-11,2025-01-22,Started,,
PT04463,2025-12-27,2025-12-29,2026-01-13,,Not Started,,
PT04464,2025-07-24,2025-07-25,2025-08-18,2025-08-24,Started,,
PT04465,2023-03-23,2023-03-25,2023-04-03,2023-04-07,Started,,
PT04466,2024-02-29,2024-03-01,2024-03-31,2024-04-10,Started,,
PT04467,2025-12-30,2026-01-02,2026-01-15,2026-01-29,Started,,
PT04468,2025-01-25,2025-02-01,2025-02-22,2025-02-24,Started,,
PT04469,2024-01-11,2024-01-15,2024-01-29,,Not Started,,
PT04470,2025-11-15,2025-11-16,2025-12-02,2025-12-13,Started,,
PT04471,2024-11-28,2024-11-29,2024-12-23,2025-01-01,Started,,
PT04472,2024-06-13,2024-06-16,2024-06-21,2024-06-23,Started,,
PT04473,2024-04-20,2024-04-26,2024-05-21,2024-05-29,Started,,
PT04474,2025-08-05,2025-08-12,2025-08-24,2025-09-02,Started,,
PT04475,2024-07-10,2024-07-17,2024-08-08,,Not Started,,
PT04476,2025-11-07,2025-11-14,2025-11-20,,Not Started,,
PT04477,2023-06-30,2023-07-06,2023-07-11,2023-07-17,Discontinued,2023-10-01,Cost / Affordability
PT04478,2024-10-16,2024-10-23,2024-11-05,2024-11-09,Discontinued,2025-03-01,Access Issue
PT04479,2023-05-19,2023-05-24,2023-06-07,2023-06-14,Started,,
PT04480,2025-11-27,2025-11-30,2025-12-09,2025-12-15,Started,,
PT04481,2025-07-23,2025-07-25,2025-08-11,,Not Started,,
PT04482,2025-08-15,2025-08-16,2025-09-07,2025-09-16,Started,,
PT04483,2023-12-15,2023-12-17,2023-12-24,2024-01-02,Started,,
PT04484,2025-01-13,2025-01-18,2025-02-04,,Not Started,,
PT04485,2024-04-30,2024-05-01,2024-05-14,2024-05-21,Started,,
PT04486,2025-04-10,2025-04-14,2025-04-28,2025-05-02,Started,,
PT04487,2023-12-01,2023-12-04,2023-12-10,2023-12-21,Started,,
PT04488,2024-09-27,2024-10-03,2024-10-15,2024-10-19,Started,,
PT04489,2024-03-24,2024-03-31,2024-04-22,2024-04-30,Started,,
PT04490,2023-07-22,2023-07-23,2023-08-13,2023-08-17,Discontinued,2024-03-31,Patient Decision
PT04491,2025-08-28,2025-09-01,2025-09-26,2025-09-29,Started,,
PT04492,2025-09-26,2025-09-28,2025-10-17,,Not Started,,
PT04493,2024-08-03,2024-08-09,2024-08-23,2024-08-26,Started,,
PT04494,2023-03-19,2023-03-20,2023-04-09,2023-04-12,Started,,
PT04495,2023-12-02,2023-12-04,2023-12-25,2024-01-07,Started,,
PT04496,2024-10-05,2024-10-08,2024-10-24,,Not Started,,
PT04497,2025-04-03,2025-04-08,2025-04-25,2025-04-30,Started,,
PT04498,2025-01-29,2025-01-30,2025-02-22,,Not Started,,
PT04499,2023-10-31,2023-11-07,2023-12-03,2023-12-10,Started,,
PT04500,2023-04-18,2023-04-19,2023-05-07,2023-05-17,Started,,
PT04501,2023-07-09,2023-07-10,2023-07-17,2023-07-22,Started,,
PT04502,2025-02-18,2025-02-25,2025-03-16,,Not Started,,
PT04503,2023-04-03,2023-04-07,2023-04-24,2023-04-30,Started,,
PT04504,2025-02-26,2025-03-04,2025-03-10,2025-03-21,Started,,
PT04505,2025-05-03,2025-05-10,2025-05-25,2025-06-04,Started,,
PT04506,2025-01-28,2025-01-30,2025-02-25,,Not Started,,
PT04507,2025-08-24,2025-08-28,2025-09-10,2025-09-24,Started,,
PT04508,2024-12-29,2025-01-02,2025-01-12,2025-01-15,Started,,
PT04509,2023-08-28,2023-08-30,2023-09-16,,Not Started,,
PT04510,2024-12-27,2025-01-03,2025-01-21,,Not Started,,
PT04511,2024-01-14,2024-01-16,2024-01-31,2024-02-07,Started,,
PT04512,2025-07-15,2025-07-17,2025-07-27,2025-08-09,Started,,
PT04513,2025-05-15,2025-05-19,2025-06-15,2025-06-27,Started,,
PT04514,2025-05-23,2025-05-25,2025-06-13,,Not Started,,
PT04515,2024-12-19,2024-12-26,2025-01-26,2025-01-28,Started,,
PT04516,2024-04-27,2024-05-02,2024-05-17,,Not Started,,
PT04517,2024-11-10,2024-11-15,2024-12-07,2024-12-09,Discontinued,2025-03-14,Treatment Ineffectiveness
PT04518,2023-05-25,2023-05-31,2023-06-15,2023-06-21,Started,,
PT04519,2025-08-17,2025-08-19,2025-09-17,2025-09-29,Started,,
PT04520,2025-06-20,2025-06-23,2025-07-07,2025-07-09,Started,,
PT04521,2024-06-19,2024-06-26,2024-07-01,2024-07-03,Started,,
PT04522,2025-10-31,2025-11-02,2025-11-24,2025-11-26,Started,,
PT04523,2024-12-12,2024-12-15,2024-12-30,2025-01-10,Started,,
PT04524,2023-01-30,2023-02-04,2023-02-20,2023-03-06,Started,,
PT04525,2025-05-22,2025-05-24,2025-06-21,2025-06-26,Started,,
PT04526,2024-05-27,2024-06-03,2024-06-26,2024-07-04,Started,,
PT04527,2025-01-17,2025-01-20,2025-02-07,2025-02-12,Started,,
PT04528,2024-08-25,2024-08-28,2024-09-13,2024-09-16,Discontinued,2024-12-10,Patient Decision
PT04529,2024-04-01,2024-04-06,2024-04-15,2024-04-28,Started,,
PT04530,2024-09-05,2024-09-09,2024-09-22,2024-09-24,Started,,
PT04531,2025-02-13,2025-02-20,2025-03-08,2025-03-14,Started,,
PT04532,2024-10-18,2024-10-25,2024-11-12,2024-11-24,Started,,
PT04533,2023-11-22,2023-11-28,2023-12-05,,Not Started,,
PT04534,2024-11-13,2024-11-18,2024-12-17,2024-12-26,Discontinued,2025-05-28,Adverse Event
PT04535,2024-09-23,2024-09-26,2024-10-12,2024-10-19,Started,,
PT04536,2025-08-03,2025-08-05,2025-08-18,2025-08-20,Started,,
PT04537,2024-04-04,2024-04-10,2024-04-27,2024-04-30,Started,,
PT04538,2024-07-31,2024-08-07,2024-08-29,,Not Started,,
PT04539,2023-11-09,2023-11-14,2023-12-01,2023-12-13,Started,,
PT04540,2023-08-03,2023-08-04,2023-08-20,2023-08-22,Started,,
PT04541,2023-10-27,2023-10-30,2023-11-21,,Not Started,,
PT04542,2024-09-30,2024-10-07,2024-10-30,2024-11-09,Started,,
PT04543,2023-12-07,2023-12-08,2023-12-25,2023-12-27,Started,,
PT04544,2024-08-28,2024-08-30,2024-09-11,,Not Started,,
PT04545,2025-11-08,2025-11-09,2025-12-04,2025-12-11,Started,,
PT04546,2024-05-24,2024-05-28,2024-06-21,2024-06-30,Started,,
PT04547,2023-12-31,2024-01-02,2024-01-12,2024-01-14,Discontinued,2024-06-15,Treatment Ineffectiveness
PT04548,2024-01-13,2024-01-17,2024-02-01,2024-02-08,Started,,
PT04549,2023-12-18,2023-12-20,2024-01-02,2024-01-11,Discontinued,2024-04-12,Treatment Ineffectiveness
PT04550,2025-03-30,2025-04-01,2025-04-05,2025-04-08,Started,,
PT04551,2023-07-29,2023-08-03,2023-08-24,2023-09-05,Started,,
PT04552,2024-05-15,2024-05-22,2024-06-22,2024-06-27,Started,,
PT04553,2023-04-09,2023-04-11,2023-04-20,2023-04-28,Started,,
PT04554,2025-02-11,2025-02-16,2025-02-22,2025-03-02,Started,,
PT04555,2024-03-21,2024-03-28,2024-04-13,2024-04-24,Discontinued,2024-11-15,Patient Decision
PT04556,2025-08-24,2025-08-29,2025-09-10,2025-09-23,Started,,
PT04557,2025-07-03,2025-07-05,2025-07-24,2025-07-30,Discontinued,2025-09-26,Patient Decision
PT04558,2023-03-03,2023-03-04,2023-03-23,2023-03-31,Discontinued,2023-07-05,Treatment Ineffectiveness
PT04559,2025-11-18,2025-11-21,2025-12-11,2025-12-23,Started,,
PT04560,2025-06-06,2025-06-11,2025-06-28,2025-07-06,Started,,
PT04561,2024-11-04,2024-11-10,2024-11-25,2024-12-01,Started,,
PT04562,2025-05-22,2025-05-26,2025-06-05,2025-06-08,Started,,
PT04563,2023-09-30,2023-10-05,2023-10-08,2023-10-15,Started,,
PT04564,2023-06-01,2023-06-07,2023-06-21,,Not Started,,
PT04565,2025-03-17,2025-03-21,2025-04-07,,Not Started,,
PT04566,2025-03-05,2025-03-06,2025-03-28,2025-04-01,Started,,
PT04567,2023-01-16,2023-01-17,2023-01-30,2023-02-06,Started,,
PT04568,2025-03-11,2025-03-13,2025-03-26,,Not Started,,
PT04569,2024-04-02,2024-04-06,2024-04-24,2024-05-02,Started,,
PT04570,2025-01-24,2025-01-25,2025-01-28,2025-02-10,Started,,
PT04571,2024-11-18,2024-11-25,2024-12-10,2024-12-24,Started,,
PT04572,2023-02-06,2023-02-08,2023-02-26,2023-03-12,Started,,
PT04573,2024-12-24,2024-12-26,2025-01-11,2025-01-18,Started,,
PT04574,2023-07-03,2023-07-04,2023-07-27,2023-08-06,Started,,
PT04575,2025-09-06,2025-09-12,2025-09-21,2025-09-30,Started,,
PT04576,2025-01-10,2025-01-13,2025-01-26,2025-01-31,Started,,
PT04577,2023-03-31,2023-04-01,2023-04-19,2023-04-21,Started,,
PT04578,2024-05-28,2024-05-30,2024-06-10,2024-06-19,Started,,
PT04579,2024-01-21,2024-01-28,2024-02-15,2024-02-26,Started,,
PT04580,2024-01-31,2024-02-04,2024-02-23,2024-02-29,Started,,
PT04581,2025-04-24,2025-04-26,2025-05-11,2025-05-19,Started,,
PT04582,2023-05-08,2023-05-09,2023-05-14,2023-05-28,Started,,
PT04583,2025-01-29,2025-02-02,2025-02-13,2025-02-22,Started,,
PT04584,2023-05-28,2023-05-30,2023-06-23,2023-07-03,Started,,
PT04585,2024-07-10,2024-07-14,2024-08-02,2024-08-15,Started,,
PT04586,2025-11-17,2025-11-19,2025-11-29,2025-12-07,Started,,
PT04587,2025-01-10,2025-01-16,2025-01-25,2025-01-30,Started,,
PT04588,2025-02-12,2025-02-13,2025-03-03,2025-03-11,Started,,
PT04589,2024-12-18,2024-12-23,2025-01-05,2025-01-08,Started,,
PT04590,2024-01-08,2024-01-10,2024-01-24,2024-01-27,Started,,
PT04591,2025-12-27,2026-01-03,2026-01-21,,Not Started,,
PT04592,2024-09-11,2024-09-13,2024-09-28,2024-10-09,Discontinued,2025-05-02,Cost / Affordability
PT04593,2023-07-21,2023-07-28,2023-08-07,2023-08-11,Started,,
PT04594,2023-04-15,2023-04-16,2023-05-06,2023-05-18,Started,,
PT04595,2023-06-20,2023-06-25,2023-07-09,2023-07-19,Started,,
PT04596,2023-01-14,2023-01-20,2023-02-14,2023-02-27,Started,,
PT04597,2025-11-23,2025-11-27,2025-12-05,2025-12-17,Started,,
PT04598,2023-10-02,2023-10-05,2023-10-19,2023-10-28,Started,,
PT04599,2023-04-23,2023-04-24,2023-05-21,2023-05-23,Discontinued,2023-12-20,Treatment Ineffectiveness
PT04600,2024-08-18,2024-08-19,2024-09-06,2024-09-12,Started,,
PT04601,2025-09-13,2025-09-15,2025-10-05,,Not Started,,
PT04602,2025-07-24,2025-07-31,2025-08-16,2025-08-21,Started,,
PT04603,2024-12-10,2024-12-17,2025-01-14,2025-01-17,Started,,
PT04604,2024-05-17,2024-05-20,2024-06-01,2024-06-12,Started,,
PT04605,2025-05-01,2025-05-05,2025-05-13,2025-05-21,Started,,
PT04606,2023-10-18,2023-10-25,2023-11-04,2023-11-12,Started,,
PT04607,2023-03-30,2023-04-03,2023-04-22,2023-04-26,Started,,
PT04608,2024-09-06,2024-09-07,2024-09-16,2024-09-28,Started,,
PT04609,2025-01-02,2025-01-06,2025-01-20,2025-01-30,Started,,
PT04610,2024-01-13,2024-01-19,2024-02-20,2024-02-27,Started,,
PT04611,2023-11-18,2023-11-25,2023-12-12,2023-12-26,Started,,
PT04612,2023-07-06,2023-07-12,2023-07-21,2023-07-29,Started,,
PT04613,2024-12-25,2024-12-27,2025-01-14,,Not Started,,
PT04614,2024-11-18,2024-11-19,2024-12-04,2024-12-18,Started,,
PT04615,2023-11-16,2023-11-22,2023-11-27,2023-12-11,Started,,
PT04616,2023-09-22,2023-09-25,2023-10-19,2023-11-02,Started,,
PT04617,2025-05-08,2025-05-12,2025-05-27,2025-06-08,Started,,
PT04618,2023-02-05,2023-02-12,2023-02-27,2023-03-06,Started,,
PT04619,2023-06-21,2023-06-22,2023-07-05,2023-07-19,Started,,
PT04620,2025-07-17,2025-07-19,2025-08-09,2025-08-12,Started,,
PT04621,2024-12-15,2024-12-18,2025-01-01,2025-01-03,Started,,
PT04622,2024-08-15,2024-08-17,2024-09-11,2024-09-15,Started,,
PT04623,2025-01-17,2025-01-19,2025-02-03,2025-02-09,Started,,
PT04624,2025-01-20,2025-01-26,2025-02-18,,Not Started,,
PT04625,2023-09-30,2023-10-06,2023-10-25,2023-11-06,Started,,
PT04626,2025-12-15,2025-12-17,2025-12-28,2026-01-01,Discontinued,2026-08-13,Access Issue
PT04627,2023-09-15,2023-09-18,2023-10-09,2023-10-18,Started,,
PT04628,2024-04-05,2024-04-10,2024-04-25,2024-04-29,Started,,
PT04629,2025-12-17,2025-12-20,2025-12-28,2026-01-02,Started,,
PT04630,2025-10-18,2025-10-22,2025-11-07,2025-11-11,Started,,
PT04631,2025-12-29,2026-01-05,2026-01-11,2026-01-13,Started,,
PT04632,2023-04-27,2023-05-01,2023-05-22,2023-05-25,Discontinued,2023-12-09,Cost / Affordability
PT04633,2023-07-20,2023-07-24,2023-08-17,2023-08-31,Discontinued,2024-02-25,Patient Decision
PT04634,2025-05-07,2025-05-08,2025-05-20,2025-05-31,Started,,
PT04635,2025-05-09,2025-05-15,2025-05-29,2025-06-12,Started,,
PT04636,2025-05-06,2025-05-07,2025-05-13,2025-05-20,Started,,
PT04637,2025-08-02,2025-08-03,2025-08-29,2025-09-05,Started,,
PT04638,2024-04-30,2024-05-02,2024-05-13,2024-05-18,Started,,
PT04639,2023-07-01,2023-07-03,2023-07-19,,Not Started,,
PT04640,2023-07-30,2023-08-05,2023-08-12,2023-08-22,Started,,
PT04641,2023-09-09,2023-09-13,2023-09-24,2023-10-07,Started,,
PT04642,2024-01-01,2024-01-05,2024-01-23,2024-01-27,Started,,
PT04643,2023-01-26,2023-02-02,2023-02-21,2023-03-03,Started,,
PT04644,2025-12-04,2025-12-09,2025-12-24,2026-01-01,Started,,
PT04645,2024-04-03,2024-04-08,2024-04-11,2024-04-17,Started,,
PT04646,2023-10-03,2023-10-09,2023-10-22,2023-10-30,Discontinued,2024-02-07,Treatment Ineffectiveness
PT04647,2024-06-15,2024-06-17,2024-06-30,2024-07-14,Discontinued,2024-12-14,Cost / Affordability
PT04648,2025-12-19,2025-12-26,2026-01-01,2026-01-11,Started,,
PT04649,2023-02-22,2023-02-27,2023-03-23,2023-03-25,Started,,
PT04650,2024-10-07,2024-10-11,2024-10-24,2024-11-05,Started,,
PT04651,2024-05-08,2024-05-11,2024-06-01,2024-06-04,Started,,
PT04652,2023-04-13,2023-04-17,2023-05-10,2023-05-21,Started,,
PT04653,2024-05-03,2024-05-09,2024-06-04,2024-06-08,Started,,
PT04654,2023-01-16,2023-01-20,2023-02-08,2023-02-20,Discontinued,2023-09-03,Cost / Affordability
PT04655,2025-12-22,2025-12-29,2026-01-20,2026-01-23,Discontinued,2026-06-19,Treatment Ineffectiveness
PT04656,2025-02-02,2025-02-04,2025-02-27,2025-03-04,Started,,
PT04657,2023-08-08,2023-08-15,2023-09-05,2023-09-19,Started,,
PT04658,2023-10-07,2023-10-14,2023-11-06,2023-11-09,Started,,
PT04659,2025-10-18,2025-10-22,2025-11-02,2025-11-12,Started,,
PT04660,2025-12-25,2025-12-28,2026-01-05,2026-01-07,Started,,
PT04661,2025-11-14,2025-11-19,2025-12-05,2025-12-17,Started,,
PT04662,2024-07-01,2024-07-03,2024-07-22,2024-08-03,Started,,
PT04663,2024-02-01,2024-02-08,2024-02-29,2024-03-09,Started,,
PT04664,2023-04-21,2023-04-23,2023-05-19,2023-05-21,Started,,
PT04665,2025-05-05,2025-05-06,2025-05-22,2025-06-04,Started,,
PT04666,2024-10-07,2024-10-14,2024-11-07,2024-11-14,Started,,
PT04667,2024-11-08,2024-11-09,2024-11-19,,Not Started,,
PT04668,2024-08-26,2024-08-31,2024-09-29,,Not Started,,
PT04669,2024-10-17,2024-10-18,2024-10-30,2024-11-11,Discontinued,2025-06-30,Access Issue
PT04670,2023-02-06,2023-02-11,2023-02-23,,Not Started,,
PT04671,2025-08-15,2025-08-17,2025-08-21,2025-08-30,Started,,
PT04672,2023-06-13,2023-06-16,2023-07-07,2023-07-15,Started,,
PT04673,2025-07-10,2025-07-17,2025-08-03,2025-08-17,Started,,
PT04674,2025-08-03,2025-08-06,2025-08-24,2025-09-06,Started,,
PT04675,2023-05-01,2023-05-07,2023-05-22,2023-05-26,Started,,
PT04676,2025-03-26,2025-03-29,2025-04-13,2025-04-17,Started,,
PT04677,2023-01-09,2023-01-14,2023-01-26,2023-01-31,Started,,
PT04678,2024-07-09,2024-07-14,2024-08-02,2024-08-12,Started,,
PT04679,2025-12-18,2025-12-20,2026-01-10,2026-01-22,Started,,
PT04680,2023-10-24,2023-10-30,2023-11-25,2023-11-28,Started,,
PT04681,2023-03-20,2023-03-22,2023-04-01,2023-04-10,Started,,
PT04682,2024-12-09,2024-12-14,2024-12-30,2025-01-01,Discontinued,2025-08-10,Treatment Ineffectiveness
PT04683,2023-10-31,2023-11-05,2023-11-12,2023-11-14,Started,,
PT04684,2023-05-25,2023-05-29,2023-06-20,2023-06-29,Started,,
PT04685,2025-01-31,2025-02-01,2025-02-19,2025-03-02,Started,,
PT04686,2025-12-09,2025-12-11,2025-12-30,2026-01-07,Started,,
PT04687,2024-02-23,2024-02-29,2024-03-09,2024-03-13,Started,,
PT04688,2023-06-25,2023-07-02,2023-07-24,2023-08-05,Started,,
PT04689,2025-06-05,2025-06-11,2025-06-19,2025-07-01,Started,,
PT04690,2025-04-08,2025-04-09,2025-05-03,2025-05-12,Started,,
PT04691,2023-01-08,2023-01-12,2023-02-01,2023-02-15,Discontinued,2023-05-07,Cost / Affordability
PT04692,2024-01-13,2024-01-16,2024-01-31,2024-02-12,Discontinued,2024-08-06,Cost / Affordability
PT04693,2023-01-23,2023-01-24,2023-02-13,2023-02-17,Started,,
PT04694,2025-07-26,2025-07-27,2025-08-04,2025-08-08,Started,,
PT04695,2024-03-14,2024-03-19,2024-04-08,2024-04-14,Started,,
PT04696,2023-09-03,2023-09-10,2023-09-28,2023-10-03,Discontinued,2023-12-05,Access Issue
PT04697,2023-02-03,2023-02-05,2023-02-19,2023-02-25,Started,,
PT04698,2023-09-28,2023-10-04,2023-10-20,2023-11-01,Started,,
PT04699,2024-03-18,2024-03-20,2024-04-09,,Not Started,,
PT04700,2023-02-13,2023-02-20,2023-03-08,2023-03-16,Started,,
PT04701,2025-06-16,2025-06-18,2025-07-09,2025-07-18,Started,,
PT04702,2024-11-29,2024-12-05,2024-12-19,2024-12-27,Started,,
PT04703,2024-05-21,2024-05-27,2024-06-10,2024-06-16,Started,,
PT04704,2023-11-16,2023-11-22,2023-12-06,2023-12-18,Started,,
PT04705,2024-12-09,2024-12-16,2024-12-27,2024-12-30,Started,,
PT04706,2025-04-16,2025-04-17,2025-05-02,2025-05-11,Started,,
PT04707,2023-10-27,2023-10-30,2023-11-17,2023-11-19,Started,,
PT04708,2024-10-14,2024-10-17,2024-11-07,2024-11-14,Started,,
PT04709,2025-08-18,2025-08-23,2025-09-10,2025-09-17,Started,,
PT04710,2025-11-27,2025-11-30,2025-12-21,2026-01-04,Started,,
PT04711,2024-09-01,2024-09-03,2024-09-18,2024-09-27,Started,,
PT04712,2024-03-26,2024-04-01,2024-04-21,2024-05-01,Started,,
PT04713,2023-10-31,2023-11-06,2023-11-26,2023-12-01,Started,,
PT04714,2024-11-25,2024-12-02,2024-12-18,,Not Started,,
PT04715,2025-09-15,2025-09-22,2025-10-07,2025-10-15,Started,,
PT04716,2024-11-26,2024-11-29,2024-12-10,2024-12-20,Started,,
PT04717,2024-09-09,2024-09-15,2024-10-04,2024-10-09,Started,,
PT04718,2024-10-09,2024-10-11,2024-11-07,,Not Started,,
PT04719,2025-09-07,2025-09-14,2025-09-19,2025-09-28,Started,,
PT04720,2023-09-07,2023-09-13,2023-10-06,2023-10-10,Started,,
PT04721,2024-02-27,2024-03-03,2024-03-21,2024-03-24,Started,,
PT04722,2023-02-25,2023-03-02,2023-03-17,2023-03-31,Started,,
PT04723,2023-01-29,2023-02-01,2023-02-13,2023-02-20,Discontinued,2023-04-23,Cost / Affordability
PT04724,2023-09-23,2023-09-25,2023-10-14,2023-10-25,Started,,
PT04725,2023-03-26,2023-03-28,2023-04-14,2023-04-19,Started,,
PT04726,2025-09-14,2025-09-15,2025-09-29,2025-10-07,Started,,
PT04727,2024-10-27,2024-10-28,2024-11-08,2024-11-11,Started,,
PT04728,2025-01-05,2025-01-11,2025-01-16,2025-01-19,Started,,
PT04729,2023-11-18,2023-11-25,2023-12-05,2023-12-15,Started,,
PT04730,2025-11-23,2025-11-28,2025-12-07,2025-12-15,Started,,
PT04731,2025-08-18,2025-08-20,2025-09-05,2025-09-18,Discontinued,2026-01-31,Patient Decision
PT04732,2024-08-04,2024-08-11,2024-08-22,2024-09-05,Started,,
PT04733,2025-07-16,2025-07-18,2025-08-05,2025-08-17,Started,,
PT04734,2023-03-03,2023-03-09,2023-03-25,,Not Started,,
PT04735,2024-05-22,2024-05-28,2024-06-09,2024-06-18,Started,,
PT04736,2024-07-31,2024-08-05,2024-09-04,2024-09-11,Started,,
PT04737,2025-12-16,2025-12-18,2026-01-02,,Not Started,,
PT04738,2024-09-05,2024-09-07,2024-10-08,2024-10-11,Started,,
PT04739,2025-02-21,2025-02-22,2025-03-17,2025-03-23,Started,,
PT04740,2025-04-06,2025-04-11,2025-04-29,2025-05-01,Started,,
PT04741,2023-07-09,2023-07-14,2023-07-29,2023-08-06,Started,,
PT04742,2025-12-06,2025-12-13,2025-12-31,,Not Started,,
PT04743,2023-03-07,2023-03-11,2023-03-15,2023-03-20,Started,,
PT04744,2025-06-05,2025-06-09,2025-07-04,,Not Started,,
PT04745,2024-09-01,2024-09-07,2024-09-16,2024-09-27,Started,,
PT04746,2024-11-29,2024-12-04,2024-12-22,2024-12-28,Started,,
PT04747,2024-09-18,2024-09-25,2024-10-21,2024-10-24,Started,,
PT04748,2025-04-10,2025-04-11,2025-05-05,2025-05-15,Started,,
PT04749,2025-11-27,2025-11-29,2025-12-18,2025-12-27,Started,,
PT04750,2023-02-26,2023-02-27,2023-03-20,2023-04-03,Started,,
PT04751,2024-08-28,2024-08-31,2024-09-23,2024-09-26,Discontinued,2025-04-21,Adverse Event
PT04752,2024-09-06,2024-09-10,2024-10-14,2024-10-27,Started,,
PT04753,2025-07-26,2025-07-29,2025-08-13,2025-08-25,Started,,
PT04754,2024-07-21,2024-07-22,2024-08-06,2024-08-18,Started,,
PT04755,2024-08-17,2024-08-21,2024-08-28,2024-09-01,Started,,
PT04756,2023-06-29,2023-07-04,2023-07-20,2023-07-25,Started,,
PT04757,2024-06-23,2024-06-28,2024-07-28,2024-08-09,Discontinued,2025-03-17,Access Issue
PT04758,2024-08-13,2024-08-20,2024-09-04,,Not Started,,
PT04759,2023-07-30,2023-08-06,2023-08-28,2023-09-06,Started,,
PT04760,2024-05-05,2024-05-09,2024-05-30,2024-06-10,Started,,
PT04761,2024-12-21,2024-12-23,2025-01-03,2025-01-08,Started,,
PT04762,2025-02-01,2025-02-06,2025-03-07,2025-03-17,Started,,
PT04763,2025-05-05,2025-05-07,2025-05-17,2025-05-20,Started,,
PT04764,2024-04-07,2024-04-14,2024-04-28,2024-04-30,Started,,
PT04765,2025-05-18,2025-05-20,2025-06-04,,Not Started,,
PT04766,2023-12-16,2023-12-17,2024-01-01,2024-01-04,Started,,
PT04767,2024-03-05,2024-03-07,2024-03-26,,Not Started,,
PT04768,2025-09-19,2025-09-22,2025-10-05,2025-10-09,Discontinued,2025-12-04,Patient Decision
PT04769,2024-06-09,2024-06-15,2024-06-30,2024-07-05,Started,,
PT04770,2023-01-11,2023-01-12,2023-02-02,2023-02-12,Started,,
PT04771,2024-11-16,2024-11-21,2024-12-05,2024-12-08,Started,,
PT04772,2023-01-03,2023-01-05,2023-01-16,2023-01-25,Started,,
PT04773,2024-10-09,2024-10-12,2024-10-21,2024-10-30,Started,,
PT04774,2025-04-16,2025-04-20,2025-05-14,2025-05-25,Started,,
PT04775,2025-04-15,2025-04-21,2025-05-16,2025-05-27,Started,,
PT04776,2024-11-25,2024-11-30,2024-12-15,2024-12-21,Discontinued,2025-05-06,Access Issue
PT04777,2023-09-14,2023-09-21,2023-10-07,2023-10-15,Started,,
PT04778,2024-08-16,2024-08-18,2024-09-11,2024-09-16,Started,,
PT04779,2023-12-02,2023-12-05,2023-12-25,2024-01-08,Discontinued,2024-03-02,Adverse Event
PT04780,2023-03-19,2023-03-24,2023-03-29,2023-04-08,Started,,
PT04781,2024-06-26,2024-06-29,2024-07-27,,Not Started,,
PT04782,2024-09-18,2024-09-20,2024-10-01,2024-10-03,Started,,
PT04783,2023-11-18,2023-11-23,2023-12-13,2023-12-23,Started,,
PT04784,2023-05-19,2023-05-24,2023-06-12,2023-06-19,Discontinued,2024-02-04,Patient Decision
PT04785,2025-09-14,2025-09-15,2025-09-27,2025-10-10,Started,,
PT04786,2025-12-05,2025-12-11,2025-12-29,,Not Started,,
PT04787,2025-12-24,2025-12-26,2026-01-20,2026-01-30,Started,,
PT04788,2023-11-22,2023-11-26,2023-12-12,2023-12-22,Started,,
PT04789,2023-11-04,2023-11-05,2023-11-22,2023-11-27,Started,,
PT04790,2024-08-26,2024-08-31,2024-09-17,2024-09-30,Started,,
PT04791,2024-02-06,2024-02-11,2024-02-18,2024-02-29,Started,,
PT04792,2024-03-12,2024-03-15,2024-03-27,2024-04-06,Started,,
PT04793,2025-05-31,2025-06-07,2025-06-17,2025-06-26,Started,,
PT04794,2025-05-10,2025-05-11,2025-05-29,2025-06-07,Started,,
PT04795,2024-08-03,2024-08-05,2024-08-26,,Not Started,,
PT04796,2023-10-03,2023-10-05,2023-10-31,2023-11-03,Started,,
PT04797,2024-10-19,2024-10-25,2024-10-28,2024-11-01,Started,,
PT04798,2024-06-14,2024-06-20,2024-07-14,2024-07-23,Started,,
PT04799,2023-01-17,2023-01-18,2023-01-31,2023-02-11,Started,,
PT04800,2023-10-17,2023-10-22,2023-11-17,2023-11-19,Started,,
PT04801,2025-10-01,2025-10-08,2025-11-06,2025-11-11,Discontinued,2026-06-01,Access Issue
PT04802,2025-11-14,2025-11-18,2025-12-08,2025-12-12,Started,,
PT04803,2025-12-27,2025-12-29,2026-01-18,2026-01-30,Started,,
PT04804,2025-10-22,2025-10-29,2025-11-03,2025-11-13,Started,,
PT04805,2024-03-13,2024-03-15,2024-04-06,2024-04-15,Started,,
PT04806,2023-05-16,2023-05-23,2023-06-17,2023-06-30,Started,,
PT04807,2025-11-07,2025-11-10,2025-11-13,2025-11-24,Started,,
PT04808,2025-09-08,2025-09-09,2025-09-27,2025-10-11,Started,,
PT04809,2025-01-01,2025-01-05,2025-01-09,2025-01-15,Started,,
PT04810,2024-01-04,2024-01-05,2024-01-21,,Not Started,,
PT04811,2024-11-12,2024-11-17,2024-11-25,2024-11-28,Started,,
PT04812,2023-09-16,2023-09-19,2023-10-02,2023-10-13,Started,,
PT04813,2025-04-10,2025-04-17,2025-04-29,,Not Started,,
PT04814,2025-08-22,2025-08-24,2025-09-13,2025-09-26,Discontinued,2025-12-11,Patient Decision
PT04815,2025-03-15,2025-03-18,2025-04-02,2025-04-09,Started,,
PT04816,2025-08-05,2025-08-10,2025-08-21,,Not Started,,
PT04817,2023-09-11,2023-09-12,2023-10-16,2023-10-29,Discontinued,2024-01-04,Adverse Event
PT04818,2024-04-20,2024-04-24,2024-04-29,2024-05-07,Started,,
PT04819,2023-06-17,2023-06-23,2023-07-07,2023-07-18,Discontinued,2024-01-22,Patient Decision
PT04820,2023-03-09,2023-03-13,2023-04-07,,Not Started,,
PT04821,2025-06-14,2025-06-15,2025-07-04,2025-07-18,Discontinued,2025-10-29,Adverse Event
PT04822,2025-09-16,2025-09-20,2025-09-23,2025-09-25,Started,,
PT04823,2024-01-17,2024-01-23,2024-02-16,2024-02-23,Started,,
PT04824,2025-10-23,2025-10-26,2025-11-15,2025-11-24,Started,,
PT04825,2025-07-27,2025-08-03,2025-08-15,2025-08-29,Started,,
PT04826,2023-08-03,2023-08-04,2023-08-20,,Not Started,,
PT04827,2025-12-24,2025-12-31,2026-01-18,2026-01-23,Started,,
PT04828,2024-06-26,2024-06-29,2024-07-13,2024-07-26,Started,,
PT04829,2023-09-08,2023-09-14,2023-09-26,2023-10-04,Started,,
PT04830,2023-12-08,2023-12-14,2023-12-21,2023-12-23,Started,,
PT04831,2024-02-28,2024-03-05,2024-03-18,2024-03-27,Started,,
PT04832,2025-09-26,2025-09-28,2025-10-25,2025-11-07,Started,,
PT04833,2024-09-22,2024-09-23,2024-10-16,2024-10-24,Started,,
PT04834,2023-06-04,2023-06-10,2023-06-24,2023-06-28,Started,,
PT04835,2024-09-01,2024-09-06,2024-09-19,2024-09-22,Started,,
PT04836,2023-06-07,2023-06-11,2023-06-25,2023-07-05,Discontinued,2023-10-11,Access Issue
PT04837,2025-07-20,2025-07-21,2025-07-25,2025-08-06,Started,,
PT04838,2024-10-01,2024-10-08,2024-10-21,2024-10-30,Started,,
PT04839,2025-06-27,2025-07-03,2025-07-23,2025-07-25,Started,,
PT04840,2023-04-28,2023-05-04,2023-05-27,2023-06-08,Started,,
PT04841,2023-01-04,2023-01-11,2023-01-18,2023-01-22,Started,,
PT04842,2025-04-11,2025-04-15,2025-05-17,2025-05-22,Started,,
PT04843,2025-02-25,2025-03-04,2025-03-20,2025-03-22,Discontinued,2025-10-15,Access Issue
PT04844,2023-10-21,2023-10-22,2023-11-15,2023-11-21,Started,,
PT04845,2024-06-09,2024-06-14,2024-06-24,2024-06-28,Started,,
PT04846,2023-03-08,2023-03-15,2023-04-04,2023-04-07,Started,,
PT04847,2024-12-13,2024-12-20,2025-01-02,2025-01-16,Discontinued,2025-06-02,Patient Decision
PT04848,2025-02-16,2025-02-19,2025-03-06,2025-03-10,Started,,
PT04849,2024-09-23,2024-09-24,2024-10-13,2024-10-25,Started,,
PT04850,2024-05-13,2024-05-18,2024-06-03,,Not Started,,
PT04851,2024-05-22,2024-05-26,2024-06-18,2024-06-21,Started,,
PT04852,2024-08-09,2024-08-15,2024-08-24,2024-08-28,Started,,
PT04853,2023-10-22,2023-10-23,2023-11-24,,Not Started,,
PT04854,2023-10-16,2023-10-23,2023-11-19,2023-12-03,Started,,
PT04855,2023-10-11,2023-10-14,2023-10-28,2023-10-30,Started,,
PT04856,2023-09-22,2023-09-23,2023-10-17,2023-10-26,Started,,
PT04857,2024-04-09,2024-04-11,2024-04-29,2024-05-13,Started,,
PT04858,2023-09-19,2023-09-26,2023-10-12,,Not Started,,
PT04859,2024-08-05,2024-08-07,2024-08-27,2024-09-06,Started,,
PT04860,2023-05-31,2023-06-01,2023-06-19,2023-07-01,Discontinued,2023-11-23,Treatment Ineffectiveness
PT04861,2024-10-05,2024-10-09,2024-10-26,,Not Started,,
PT04862,2024-10-09,2024-10-13,2024-11-04,2024-11-08,Started,,
PT04863,2024-12-27,2025-01-02,2025-01-15,2025-01-19,Started,,
PT04864,2023-03-29,2023-04-04,2023-04-10,2023-04-13,Started,,
PT04865,2024-07-12,2024-07-13,2024-07-24,2024-08-07,Started,,
PT04866,2024-04-21,2024-04-27,2024-05-14,2024-05-21,Started,,
PT04867,2024-08-08,2024-08-10,2024-09-04,2024-09-14,Started,,
PT04868,2024-12-21,2024-12-24,2025-01-09,,Not Started,,
PT04869,2023-03-03,2023-03-07,2023-03-24,2023-03-30,Started,,
PT04870,2024-07-10,2024-07-11,2024-07-27,2024-08-02,Started,,
PT04871,2024-08-17,2024-08-18,2024-09-09,2024-09-19,Started,,
PT04872,2023-09-29,2023-10-02,2023-10-21,2023-10-23,Started,,
PT04873,2025-12-22,2025-12-23,2026-01-11,2026-01-18,Started,,
PT04874,2023-03-02,2023-03-03,2023-03-28,2023-03-30,Started,,
PT04875,2023-01-17,2023-01-24,2023-02-01,2023-02-05,Discontinued,2023-07-09,Adverse Event
PT04876,2023-07-22,2023-07-24,2023-08-12,2023-08-26,Started,,
PT04877,2023-05-01,2023-05-06,2023-05-21,2023-05-24,Started,,
PT04878,2024-01-27,2024-01-28,2024-02-22,2024-03-07,Started,,
PT04879,2023-12-10,2023-12-11,2023-12-24,2024-01-06,Started,,
PT04880,2025-07-26,2025-07-27,2025-08-21,2025-08-31,Started,,
PT04881,2023-05-30,2023-06-03,2023-06-15,2023-06-20,Started,,
PT04882,2024-12-04,2024-12-08,2025-01-05,,Not Started,,
PT04883,2025-09-16,2025-09-18,2025-10-03,2025-10-07,Started,,
PT04884,2025-02-04,2025-02-05,2025-02-13,2025-02-25,Started,,
PT04885,2025-11-28,2025-11-29,2025-12-24,2026-01-07,Discontinued,2026-04-21,Access Issue
PT04886,2025-03-29,2025-04-04,2025-04-27,,Not Started,,
PT04887,2023-10-21,2023-10-23,2023-11-12,2023-11-22,Started,,
PT04888,2024-11-10,2024-11-11,2024-12-01,2024-12-09,Started,,
PT04889,2024-01-05,2024-01-08,2024-02-09,,Not Started,,
PT04890,2023-08-03,2023-08-08,2023-08-28,2023-09-09,Started,,
PT04891,2023-05-31,2023-06-04,2023-06-22,2023-07-01,Discontinued,2023-09-22,Access Issue
PT04892,2023-11-16,2023-11-19,2023-12-07,2023-12-19,Started,,
PT04893,2025-02-24,2025-02-25,2025-03-09,2025-03-21,Started,,
PT04894,2024-10-18,2024-10-23,2024-11-06,2024-11-09,Started,,
PT04895,2024-02-01,2024-02-02,2024-02-16,2024-02-29,Started,,
PT04896,2023-11-30,2023-12-01,2023-12-11,2023-12-15,Started,,
PT04897,2024-04-06,2024-04-11,2024-04-15,2024-04-24,Started,,
PT04898,2024-12-23,2024-12-28,2025-01-04,2025-01-07,Started,,
PT04899,2025-10-26,2025-10-27,2025-11-16,2025-11-23,Discontinued,2026-04-07,Access Issue
PT04900,2024-03-01,2024-03-06,2024-03-22,,Not Started,,
PT04901,2025-05-09,2025-05-13,2025-06-16,2025-06-18,Started,,
PT04902,2024-12-01,2024-12-08,2024-12-27,2025-01-04,Started,,
PT04903,2023-07-17,2023-07-24,2023-08-06,2023-08-17,Started,,
PT04904,2024-05-15,2024-05-17,2024-06-04,2024-06-13,Started,,
PT04905,2023-08-22,2023-08-26,2023-09-21,2023-09-29,Started,,
PT04906,2023-08-13,2023-08-17,2023-09-05,,Not Started,,
PT04907,2024-11-22,2024-11-28,2024-12-31,,Not Started,,
PT04908,2024-05-17,2024-05-20,2024-06-13,2024-06-25,Started,,
PT04909,2025-11-26,2025-12-01,2025-12-10,2025-12-24,Started,,
PT04910,2024-04-01,2024-04-04,2024-04-17,2024-04-26,Started,,
PT04911,2025-06-09,2025-06-11,2025-06-29,2025-07-13,Started,,
PT04912,2023-09-06,2023-09-07,2023-09-11,2023-09-15,Started,,
PT04913,2025-01-23,2025-01-30,2025-02-20,,Not Started,,
PT04914,2025-03-02,2025-03-05,2025-03-24,2025-03-27,Started,,
PT04915,2023-02-16,2023-02-22,2023-03-12,2023-03-18,Started,,
PT04916,2023-07-20,2023-07-27,2023-08-20,2023-08-26,Started,,
PT04917,2024-02-08,2024-02-09,2024-02-17,2024-03-01,Started,,
PT04918,2023-05-20,2023-05-26,2023-06-11,2023-06-14,Started,,
PT04919,2023-05-14,2023-05-15,2023-05-28,,Not Started,,
PT04920,2023-11-18,2023-11-24,2023-12-03,2023-12-17,Started,,
PT04921,2025-10-02,2025-10-09,2025-10-21,2025-10-31,Started,,
PT04922,2024-02-22,2024-02-25,2024-03-11,2024-03-25,Started,,
PT04923,2023-07-26,2023-07-30,2023-08-10,,Not Started,,
PT04924,2025-10-08,2025-10-13,2025-10-26,2025-10-30,Started,,
PT04925,2023-01-24,2023-01-28,2023-02-09,2023-02-16,Started,,
PT04926,2025-02-22,2025-02-28,2025-03-15,2025-03-19,Started,,
PT04927,2023-05-06,2023-05-08,2023-05-18,2023-05-25,Started,,
PT04928,2025-07-12,2025-07-18,2025-08-18,,Not Started,,
PT04929,2025-12-24,2025-12-26,2026-01-20,2026-02-02,Started,,
PT04930,2024-12-21,2024-12-24,2025-01-09,2025-01-11,Started,,
PT04931,2023-07-10,2023-07-14,2023-07-27,2023-07-29,Started,,
PT04932,2023-12-05,2023-12-08,2023-12-14,2023-12-24,Started,,
PT04933,2023-11-13,2023-11-14,2023-11-27,2023-12-11,Discontinued,2024-02-08,Treatment Ineffectiveness
PT04934,2025-02-19,2025-02-23,2025-03-10,2025-03-19,Discontinued,2025-08-02,Access Issue
PT04935,2023-07-17,2023-07-23,2023-08-08,2023-08-18,Started,,
PT04936,2023-05-12,2023-05-19,2023-06-05,2023-06-18,Started,,
PT04937,2023-11-14,2023-11-16,2023-12-02,2023-12-16,Started,,
PT04938,2024-07-04,2024-07-07,2024-07-30,2024-08-06,Started,,
PT04939,2025-09-22,2025-09-25,2025-10-02,2025-10-07,Discontinued,2025-12-13,Patient Decision
PT04940,2023-09-02,2023-09-06,2023-09-21,,Not Started,,
PT04941,2025-07-26,2025-08-02,2025-08-19,2025-08-23,Started,,
PT04942,2023-02-04,2023-02-08,2023-02-22,2023-03-08,Started,,
PT04943,2023-04-12,2023-04-17,2023-05-10,2023-05-18,Started,,
PT04944,2024-05-10,2024-05-15,2024-05-24,2024-06-07,Started,,
PT04945,2024-05-31,2024-06-02,2024-06-13,2024-06-21,Discontinued,2024-09-01,Access Issue
PT04946,2025-12-27,2026-01-03,2026-01-27,2026-02-02,Discontinued,2026-09-09,Patient Decision
PT04947,2025-08-16,2025-08-22,2025-09-14,2025-09-16,Started,,
PT04948,2024-05-02,2024-05-06,2024-05-28,2024-06-04,Started,,
PT04949,2024-05-02,2024-05-03,2024-05-17,2024-05-26,Discontinued,2024-09-18,Access Issue
PT04950,2023-01-29,2023-01-31,2023-02-14,2023-02-21,Started,,
PT04951,2024-07-31,2024-08-04,2024-08-19,2024-09-02,Started,,
PT04952,2024-08-10,2024-08-15,2024-08-19,2024-08-29,Started,,
PT04953,2024-11-08,2024-11-13,2024-12-08,2024-12-18,Started,,
PT04954,2025-12-20,2025-12-25,2026-01-15,2026-01-28,Started,,
PT04955,2023-05-19,2023-05-24,2023-06-13,2023-06-21,Started,,
PT04956,2025-01-09,2025-01-12,2025-02-02,,Not Started,,
PT04957,2025-07-14,2025-07-18,2025-08-11,,Not Started,,
PT04958,2023-06-15,2023-06-21,2023-07-01,2023-07-10,Started,,
PT04959,2025-02-07,2025-02-10,2025-02-24,2025-03-02,Started,,
PT04960,2024-09-03,2024-09-08,2024-10-02,2024-10-04,Started,,
PT04961,2025-09-16,2025-09-20,2025-10-02,2025-10-11,Started,,
PT04962,2025-05-24,2025-05-31,2025-06-29,2025-07-11,Started,,
PT04963,2023-03-04,2023-03-08,2023-03-20,2023-03-28,Started,,
PT04964,2025-10-07,2025-10-10,2025-10-20,2025-10-30,Discontinued,2026-04-03,Treatment Ineffectiveness
PT04965,2023-11-24,2023-11-25,2023-12-22,2023-12-30,Started,,
PT04966,2024-01-20,2024-01-26,2024-02-08,2024-02-22,Started,,
PT04967,2025-07-08,2025-07-12,2025-07-30,2025-08-11,Started,,
PT04968,2023-11-26,2023-11-29,2023-12-15,2023-12-23,Started,,
PT04969,2024-12-19,2024-12-25,2025-01-15,2025-01-23,Started,,
PT04970,2024-05-30,2024-05-31,2024-06-07,2024-06-14,Started,,
PT04971,2025-03-31,2025-04-02,2025-04-24,2025-04-29,Started,,
PT04972,2025-10-01,2025-10-05,2025-10-19,2025-10-28,Started,,
PT04973,2025-10-20,2025-10-25,2025-11-02,2025-11-04,Discontinued,2026-04-08,Patient Decision
PT04974,2024-03-22,2024-03-24,2024-04-03,2024-04-14,Started,,
PT04975,2024-09-13,2024-09-19,2024-10-06,2024-10-15,Started,,
PT04976,2023-09-26,2023-10-01,2023-10-25,2023-11-08,Started,,
PT04977,2025-12-17,2025-12-24,2026-01-01,2026-01-10,Started,,
PT04978,2023-07-05,2023-07-09,2023-08-01,,Not Started,,
PT04979,2024-02-12,2024-02-19,2024-02-29,2024-03-03,Started,,
PT04980,2024-03-18,2024-03-19,2024-03-27,,Not Started,,
PT04981,2023-10-11,2023-10-12,2023-11-03,,Not Started,,
PT04982,2023-07-14,2023-07-19,2023-08-11,2023-08-15,Started,,
PT04983,2023-06-07,2023-06-08,2023-06-14,,Not Started,,
PT04984,2025-09-18,2025-09-25,2025-10-11,2025-10-13,Started,,
PT04985,2023-09-23,2023-09-24,2023-10-13,2023-10-27,Started,,
PT04986,2024-04-19,2024-04-25,2024-05-20,2024-06-03,Started,,
PT04987,2024-06-09,2024-06-16,2024-07-05,,Not Started,,
PT04988,2024-02-10,2024-02-12,2024-02-22,2024-03-01,Started,,
PT04989,2023-03-25,2023-03-30,2023-05-01,2023-05-06,Started,,
PT04990,2023-02-08,2023-02-12,2023-03-06,2023-03-16,Started,,
PT04991,2023-03-13,2023-03-17,2023-04-09,2023-04-22,Started,,
PT04992,2023-06-02,2023-06-03,2023-06-23,2023-07-01,Started,,
PT04993,2025-11-24,2025-11-28,2025-12-20,2025-12-29,Started,,
PT04994,2024-10-29,2024-10-30,2024-11-14,2024-11-16,Started,,
PT04995,2023-06-27,2023-07-02,2023-07-26,2023-08-06,Started,,
PT04996,2025-01-04,2025-01-11,2025-02-01,2025-02-06,Discontinued,2025-08-19,Patient Decision
PT04997,2024-12-06,2024-12-11,2024-12-30,2025-01-12,Started,,
PT04998,2025-03-24,2025-03-30,2025-04-27,2025-05-02,Started,,
PT04999,2023-02-01,2023-02-03,2023-02-18,2023-02-24,Started,,
PT05000,2023-01-24,2023-01-25,2023-02-10,2023-02-18,Discontinued,2023-09-25,Access Issue
PT05001,2023-03-23,2023-03-28,2023-04-08,2023-04-10,Started,,
PT05002,2024-11-14,2024-11-17,2024-12-12,2024-12-22,Started,,
PT05003,2025-04-16,2025-04-18,2025-05-03,2025-05-15,Started,,
PT05004,2024-12-02,2024-12-09,2024-12-18,2024-12-30,Started,,
PT05005,2023-12-11,2023-12-18,2023-12-24,,Not Started,,
PT05006,2025-08-02,2025-08-06,2025-08-15,2025-08-23,Started,,
PT05007,2023-08-10,2023-08-15,2023-09-03,,Not Started,,
PT05008,2025-07-12,2025-07-13,2025-07-26,2025-08-03,Discontinued,2025-09-30,Cost / Affordability
PT05009,2025-12-26,2026-01-02,2026-01-24,2026-02-03,Started,,
PT05010,2025-04-04,2025-04-09,2025-05-01,2025-05-05,Started,,
PT05011,2023-02-02,2023-02-07,2023-02-23,2023-03-06,Discontinued,2023-07-20,Treatment Ineffectiveness
PT05012,2023-06-21,2023-06-28,2023-07-18,,Not Started,,
PT05013,2024-07-06,2024-07-11,2024-08-03,2024-08-11,Started,,
PT05014,2024-03-31,2024-04-06,2024-04-10,2024-04-24,Started,,
PT05015,2025-05-17,2025-05-19,2025-05-30,2025-06-01,Started,,
PT05016,2024-02-12,2024-02-17,2024-03-17,,Not Started,,
PT05017,2024-12-20,2024-12-22,2025-01-05,2025-01-18,Started,,
PT05018,2025-02-11,2025-02-16,2025-02-19,2025-02-21,Started,,
PT05019,2024-10-10,2024-10-12,2024-10-25,2024-10-28,Started,,
PT05020,2025-09-08,2025-09-15,2025-09-23,2025-10-03,Discontinued,2026-05-09,Patient Decision
PT05021,2024-06-21,2024-06-28,2024-07-18,,Not Started,,
PT05022,2023-02-09,2023-02-12,2023-02-20,2023-02-23,Started,,
PT05023,2023-06-20,2023-06-24,2023-07-04,2023-07-12,Started,,
PT05024,2024-11-27,2024-12-04,2024-12-15,2024-12-17,Started,,
PT05025,2023-09-06,2023-09-07,2023-09-11,2023-09-19,Discontinued,2024-02-24,Cost / Affordability
PT05026,2025-04-30,2025-05-05,2025-05-19,2025-05-25,Started,,
PT05027,2025-03-19,2025-03-23,2025-04-14,2025-04-27,Started,,
PT05028,2023-04-27,2023-05-03,2023-05-14,2023-05-18,Discontinued,2023-09-25,Adverse Event
PT05029,2025-03-17,2025-03-23,2025-03-30,2025-04-03,Started,,
PT05030,2024-03-27,2024-04-01,2024-04-24,,Not Started,,
PT05031,2024-01-19,2024-01-21,2024-02-04,2024-02-09,Discontinued,2024-03-26,Cost / Affordability
PT05032,2025-06-02,2025-06-05,2025-07-01,2025-07-13,Started,,
PT05033,2023-11-07,2023-11-12,2023-11-30,2023-12-06,Started,,
PT05034,2023-07-23,2023-07-27,2023-08-20,2023-08-30,Started,,
PT05035,2024-05-22,2024-05-29,2024-06-24,2024-07-05,Started,,
PT05036,2025-08-21,2025-08-25,2025-09-27,,Not Started,,
PT05037,2023-11-17,2023-11-21,2023-12-04,2023-12-11,Started,,
PT05038,2025-03-17,2025-03-19,2025-04-03,2025-04-08,Started,,
PT05039,2024-07-29,2024-07-30,2024-08-08,,Not Started,,
PT05040,2025-12-19,2025-12-22,2026-01-15,2026-01-18,Started,,
PT05041,2025-10-17,2025-10-23,2025-11-09,2025-11-20,Started,,
PT05042,2024-01-16,2024-01-20,2024-02-11,2024-02-15,Started,,
PT05043,2023-08-06,2023-08-13,2023-09-03,2023-09-10,Started,,
PT05044,2023-03-18,2023-03-20,2023-03-31,2023-04-12,Discontinued,2023-08-11,Access Issue
PT05045,2024-05-18,2024-05-20,2024-06-03,2024-06-13,Started,,
PT05046,2025-08-02,2025-08-06,2025-08-19,2025-08-23,Started,,
PT05047,2025-11-07,2025-11-11,2025-11-17,,Not Started,,
PT05048,2024-03-08,2024-03-10,2024-04-10,,Not Started,,
PT05049,2023-01-06,2023-01-13,2023-02-02,2023-02-09,Discontinued,2023-06-02,Patient Decision
PT05050,2024-06-21,2024-06-25,2024-07-18,,Not Started,,
PT05051,2024-10-18,2024-10-21,2024-11-20,2024-11-22,Started,,
PT05052,2025-10-07,2025-10-14,2025-10-29,2025-11-10,Started,,
PT05053,2024-12-02,2024-12-03,2024-12-23,2025-01-01,Discontinued,2025-06-04,Access Issue
PT05054,2025-10-16,2025-10-19,2025-11-04,2025-11-13,Started,,
PT05055,2023-10-03,2023-10-07,2023-10-31,2023-11-12,Started,,
PT05056,2025-03-03,2025-03-06,2025-04-03,2025-04-15,Started,,
PT05057,2023-01-02,2023-01-07,2023-01-12,2023-01-23,Started,,
PT05058,2024-05-25,2024-05-29,2024-06-19,2024-06-29,Started,,
PT05059,2023-09-16,2023-09-18,2023-09-27,2023-10-08,Started,,
PT05060,2025-09-27,2025-10-04,2025-10-22,2025-11-02,Started,,
PT05061,2023-08-11,2023-08-17,2023-09-10,2023-09-18,Started,,
PT05062,2025-06-01,2025-06-08,2025-06-20,2025-07-01,Started,,
PT05063,2024-06-11,2024-06-18,2024-07-10,2024-07-23,Started,,
PT05064,2023-11-14,2023-11-19,2023-12-12,2023-12-26,Started,,
PT05065,2023-03-18,2023-03-24,2023-04-19,2023-04-25,Started,,
PT05066,2024-05-08,2024-05-13,2024-06-08,2024-06-14,Started,,
PT05067,2025-07-18,2025-07-25,2025-08-14,2025-08-27,Started,,
PT05068,2024-07-22,2024-07-25,2024-08-03,2024-08-05,Discontinued,2024-11-30,Adverse Event
PT05069,2023-01-27,2023-01-28,2023-02-12,2023-02-22,Started,,
PT05070,2025-04-10,2025-04-17,2025-04-29,2025-05-05,Discontinued,2025-10-29,Access Issue
PT05071,2023-10-14,2023-10-15,2023-10-22,2023-10-27,Started,,
PT05072,2024-08-20,2024-08-23,2024-09-08,,Not Started,,
PT05073,2025-02-03,2025-02-08,2025-02-24,2025-03-01,Started,,
PT05074,2024-05-08,2024-05-12,2024-06-02,2024-06-16,Started,,
PT05075,2024-12-30,2025-01-05,2025-01-28,2025-02-06,Discontinued,2025-09-08,Patient Decision
PT05076,2025-10-13,2025-10-16,2025-11-09,2025-11-18,Started,,
PT05077,2024-12-13,2024-12-18,2025-01-01,2025-01-11,Started,,
PT05078,2025-11-17,2025-11-22,2025-12-08,2025-12-14,Started,,
PT05079,2025-12-28,2025-12-30,2026-01-16,2026-01-24,Started,,
PT05080,2025-08-31,2025-09-01,2025-09-28,2025-10-04,Started,,
PT05081,2025-05-02,2025-05-06,2025-05-12,2025-05-19,Started,,
PT05082,2025-04-08,2025-04-12,2025-05-04,2025-05-07,Started,,
PT05083,2024-11-09,2024-11-16,2024-11-22,2024-11-29,Started,,
PT05084,2025-02-25,2025-02-27,2025-03-17,2025-03-26,Started,,
PT05085,2023-05-04,2023-05-10,2023-05-20,2023-05-23,Started,,
PT05086,2024-01-01,2024-01-05,2024-01-24,2024-01-30,Discontinued,2024-03-30,Cost / Affordability
PT05087,2023-05-18,2023-05-21,2023-06-15,2023-06-17,Started,,
PT05088,2023-12-16,2023-12-21,2024-01-14,2024-01-16,Started,,
PT05089,2024-12-05,2024-12-11,2025-01-02,2025-01-05,Started,,
PT05090,2023-08-24,2023-08-28,2023-09-09,2023-09-22,Discontinued,2024-03-21,Treatment Ineffectiveness
PT05091,2025-11-22,2025-11-25,2025-12-18,2026-01-01,Started,,
PT05092,2024-01-24,2024-01-29,2024-02-20,2024-02-25,Started,,
PT05093,2025-05-01,2025-05-03,2025-05-26,,Not Started,,
PT05094,2023-05-22,2023-05-27,2023-06-21,2023-06-27,Started,,
PT05095,2024-11-03,2024-11-05,2024-11-18,2024-11-20,Discontinued,2025-07-09,Access Issue
PT05096,2024-03-09,2024-03-15,2024-04-08,2024-04-20,Started,,
PT05097,2023-08-24,2023-08-25,2023-09-07,2023-09-21,Started,,
PT05098,2024-07-04,2024-07-10,2024-07-24,2024-07-30,Started,,
PT05099,2024-04-05,2024-04-12,2024-04-29,2024-05-09,Started,,
PT05100,2025-03-12,2025-03-18,2025-03-23,,Not Started,,
PT05101,2023-04-27,2023-04-28,2023-05-17,2023-05-27,Started,,
PT05102,2024-08-06,2024-08-09,2024-09-02,2024-09-10,Started,,
PT05103,2024-03-01,2024-03-07,2024-03-23,2024-03-31,Started,,
PT05104,2024-02-24,2024-02-26,2024-03-13,2024-03-26,Started,,
PT05105,2024-07-23,2024-07-26,2024-08-15,2024-08-27,Started,,
PT05106,2023-10-10,2023-10-12,2023-10-23,2023-10-26,Started,,
PT05107,2024-11-30,2024-12-07,2024-12-25,2025-01-01,Started,,
PT05108,2025-09-15,2025-09-19,2025-10-04,,Not Started,,
PT05109,2025-01-15,2025-01-18,2025-02-05,2025-02-09,Started,,
PT05110,2023-04-18,2023-04-21,2023-05-15,2023-05-19,Started,,
PT05111,2024-08-29,2024-09-04,2024-09-20,2024-09-26,Started,,
PT05112,2025-03-11,2025-03-16,2025-03-23,2025-03-25,Started,,
PT05113,2024-05-25,2024-05-29,2024-06-10,2024-06-22,Started,,
PT05114,2024-02-22,2024-02-27,2024-03-23,2024-04-05,Started,,
PT05115,2025-12-17,2025-12-18,2026-01-09,,Not Started,,
PT05116,2023-04-18,2023-04-19,2023-05-11,2023-05-14,Started,,
PT05117,2023-09-02,2023-09-04,2023-09-21,2023-10-01,Started,,
PT05118,2023-04-18,2023-04-20,2023-05-06,2023-05-19,Started,,
PT05119,2025-07-12,2025-07-18,2025-08-07,2025-08-18,Discontinued,2025-10-16,Treatment Ineffectiveness
PT05120,2025-05-10,2025-05-13,2025-06-05,2025-06-19,Started,,
PT05121,2025-01-12,2025-01-13,2025-02-05,2025-02-18,Started,,
PT05122,2025-11-05,2025-11-09,2025-11-21,,Not Started,,
PT05123,2025-12-11,2025-12-14,2026-01-09,,Not Started,,
PT05124,2024-05-07,2024-05-10,2024-05-21,2024-05-23,Started,,
PT05125,2024-05-08,2024-05-11,2024-05-29,2024-06-12,Started,,
PT05126,2023-01-10,2023-01-17,2023-02-07,2023-02-17,Started,,
PT05127,2023-10-01,2023-10-04,2023-10-16,2023-10-23,Discontinued,2024-03-12,Treatment Ineffectiveness
PT05128,2024-04-13,2024-04-15,2024-05-09,2024-05-21,Started,,
PT05129,2025-10-05,2025-10-06,2025-10-20,2025-11-02,Started,,
PT05130,2023-03-03,2023-03-04,2023-03-28,,Not Started,,
PT05131,2023-09-18,2023-09-19,2023-10-09,2023-10-21,Started,,
PT05132,2024-10-15,2024-10-17,2024-10-28,2024-11-09,Started,,
PT05133,2025-12-26,2026-01-01,2026-01-22,,Not Started,,
PT05134,2024-10-31,2024-11-03,2024-11-16,2024-11-24,Started,,
PT05135,2024-03-08,2024-03-12,2024-03-24,2024-04-03,Started,,
PT05136,2023-10-28,2023-10-31,2023-11-12,2023-11-14,Discontinued,2024-02-28,Patient Decision
PT05137,2024-02-13,2024-02-16,2024-03-13,2024-03-23,Discontinued,2024-09-02,Patient Decision
PT05138,2025-11-18,2025-11-20,2025-12-12,2025-12-16,Started,,
PT05139,2023-08-20,2023-08-24,2023-09-17,,Not Started,,
PT05140,2023-08-26,2023-08-29,2023-09-20,,Not Started,,
PT05141,2024-05-08,2024-05-15,2024-05-27,2024-05-30,Discontinued,2024-09-06,Cost / Affordability
PT05142,2025-12-17,2025-12-21,2025-12-26,2026-01-03,Started,,
PT05143,2025-09-20,2025-09-21,2025-09-29,2025-10-09,Started,,
PT05144,2024-04-01,2024-04-07,2024-04-29,2024-05-02,Started,,
PT05145,2025-07-28,2025-08-02,2025-08-22,2025-08-25,Started,,
PT05146,2025-01-19,2025-01-20,2025-02-03,2025-02-05,Started,,
PT05147,2023-06-25,2023-07-02,2023-08-04,2023-08-12,Discontinued,2023-10-05,Access Issue
PT05148,2023-08-06,2023-08-09,2023-08-29,,Not Started,,
PT05149,2025-12-06,2025-12-11,2026-01-03,,Not Started,,
PT05150,2024-01-21,2024-01-27,2024-02-18,2024-03-01,Started,,
PT05151,2024-05-10,2024-05-11,2024-05-23,2024-05-28,Started,,
PT05152,2024-03-14,2024-03-20,2024-03-25,2024-04-05,Started,,
PT05153,2024-03-18,2024-03-19,2024-03-28,2024-04-01,Started,,
PT05154,2023-01-22,2023-01-28,2023-02-14,2023-02-27,Started,,
PT05155,2023-10-13,2023-10-15,2023-10-29,,Not Started,,
PT05156,2024-09-20,2024-09-25,2024-10-12,,Not Started,,
PT05157,2024-01-26,2024-01-31,2024-02-08,2024-02-17,Discontinued,2024-07-14,Treatment Ineffectiveness
PT05158,2023-07-07,2023-07-12,2023-07-24,,Not Started,,
PT05159,2025-10-21,2025-10-27,2025-11-15,,Not Started,,
PT05160,2024-03-04,2024-03-05,2024-03-14,2024-03-26,Started,,
PT05161,2024-01-29,2024-01-31,2024-02-27,2024-03-10,Started,,
PT05162,2023-01-31,2023-02-05,2023-02-22,2023-02-26,Started,,
PT05163,2023-06-10,2023-06-14,2023-06-29,2023-07-10,Started,,
PT05164,2023-05-12,2023-05-19,2023-05-28,2023-06-09,Started,,
PT05165,2023-12-27,2024-01-02,2024-01-17,2024-01-27,Started,,
PT05166,2024-05-13,2024-05-19,2024-06-11,2024-06-14,Discontinued,2025-01-31,Adverse Event
PT05167,2024-01-09,2024-01-13,2024-01-24,,Not Started,,
PT05168,2025-05-20,2025-05-26,2025-06-04,2025-06-17,Started,,
PT05169,2024-04-27,2024-05-01,2024-05-17,2024-05-25,Started,,
PT05170,2025-05-09,2025-05-13,2025-05-23,2025-05-31,Started,,
PT05171,2023-04-10,2023-04-11,2023-04-25,2023-05-09,Started,,
PT05172,2025-03-16,2025-03-22,2025-04-19,,Not Started,,
PT05173,2024-07-17,2024-07-19,2024-07-31,2024-08-14,Started,,
PT05174,2024-09-06,2024-09-11,2024-09-16,2024-09-28,Started,,
PT05175,2024-04-20,2024-04-21,2024-05-11,2024-05-23,Started,,
PT05176,2024-11-29,2024-12-05,2024-12-15,2024-12-21,Started,,
PT05177,2024-01-28,2024-01-31,2024-02-03,2024-02-11,Started,,
PT05178,2023-02-04,2023-02-05,2023-02-25,2023-03-09,Started,,
PT05179,2023-03-27,2023-04-02,2023-04-16,2023-04-28,Started,,
PT05180,2025-05-27,2025-05-30,2025-06-10,2025-06-16,Started,,
PT05181,2024-06-07,2024-06-13,2024-06-19,2024-07-02,Started,,
PT05182,2025-10-15,2025-10-19,2025-11-01,2025-11-15,Started,,
PT05183,2023-08-31,2023-09-04,2023-09-21,2023-09-29,Discontinued,2024-01-20,Patient Decision
PT05184,2024-12-01,2024-12-02,2024-12-16,2024-12-20,Started,,
PT05185,2024-11-12,2024-11-18,2024-12-12,2024-12-25,Started,,
PT05186,2023-12-13,2023-12-17,2023-12-31,2024-01-09,Started,,
PT05187,2023-04-15,2023-04-17,2023-05-08,2023-05-17,Discontinued,2023-07-08,Access Issue
PT05188,2024-03-03,2024-03-09,2024-03-22,2024-04-02,Started,,
PT05189,2023-07-18,2023-07-25,2023-08-03,2023-08-13,Discontinued,2024-02-08,Treatment Ineffectiveness
PT05190,2023-09-12,2023-09-13,2023-10-01,2023-10-05,Discontinued,2023-12-03,Treatment Ineffectiveness
PT05191,2024-05-24,2024-05-28,2024-06-15,2024-06-19,Started,,
PT05192,2025-07-10,2025-07-11,2025-08-01,,Not Started,,
PT05193,2023-07-04,2023-07-10,2023-07-22,2023-07-29,Started,,
PT05194,2025-09-01,2025-09-04,2025-09-15,,Not Started,,
PT05195,2024-05-27,2024-06-01,2024-06-11,2024-06-14,Started,,
PT05196,2024-07-07,2024-07-13,2024-07-27,2024-07-30,Started,,
PT05197,2024-11-16,2024-11-23,2024-12-08,2024-12-12,Started,,
PT05198,2024-02-19,2024-02-24,2024-03-16,2024-03-27,Discontinued,2024-06-09,Cost / Affordability
PT05199,2023-09-21,2023-09-27,2023-10-21,2023-10-23,Started,,
PT05200,2023-07-26,2023-07-30,2023-08-23,2023-09-05,Started,,
PT05201,2023-05-27,2023-05-30,2023-06-08,2023-06-19,Started,,
PT05202,2025-04-27,2025-04-30,2025-05-23,,Not Started,,
PT05203,2024-10-19,2024-10-23,2024-11-16,2024-11-26,Started,,
PT05204,2023-10-31,2023-11-06,2023-11-15,,Not Started,,
PT05205,2023-09-07,2023-09-12,2023-10-04,2023-10-16,Started,,
PT05206,2023-01-18,2023-01-19,2023-01-30,2023-02-01,Started,,
PT05207,2024-04-02,2024-04-04,2024-04-26,2024-05-08,Started,,
PT05208,2024-06-13,2024-06-18,2024-07-12,2024-07-24,Started,,
PT05209,2025-06-14,2025-06-17,2025-07-01,2025-07-13,Discontinued,2025-12-06,Treatment Ineffectiveness
PT05210,2024-08-26,2024-08-30,2024-09-10,2024-09-24,Started,,
PT05211,2024-06-19,2024-06-20,2024-07-04,,Not Started,,
PT05212,2023-08-23,2023-08-26,2023-09-17,2023-09-25,Discontinued,2024-04-04,Adverse Event
PT05213,2023-10-03,2023-10-08,2023-10-27,2023-11-09,Started,,
PT05214,2024-03-03,2024-03-07,2024-03-23,2024-03-29,Started,,
PT05215,2023-04-13,2023-04-15,2023-05-12,2023-05-15,Started,,
PT05216,2023-07-21,2023-07-23,2023-08-11,2023-08-16,Started,,
PT05217,2024-03-04,2024-03-05,2024-03-24,2024-04-02,Discontinued,2024-08-19,Adverse Event
PT05218,2024-09-02,2024-09-06,2024-09-14,2024-09-24,Started,,
PT05219,2023-06-20,2023-06-21,2023-07-05,2023-07-15,Started,,
PT05220,2023-01-23,2023-01-30,2023-02-18,2023-03-03,Discontinued,2023-08-09,Adverse Event
PT05221,2025-01-23,2025-01-27,2025-02-04,2025-02-17,Started,,
PT05222,2023-12-23,2023-12-25,2024-01-07,2024-01-20,Started,,
PT05223,2023-04-23,2023-04-30,2023-05-14,2023-05-26,Started,,
PT05224,2024-04-15,2024-04-18,2024-04-29,2024-05-02,Started,,
PT05225,2025-12-07,2025-12-14,2025-12-24,2026-01-04,Started,,
PT05226,2023-02-13,2023-02-14,2023-03-02,2023-03-13,Started,,
PT05227,2025-01-23,2025-01-29,2025-02-16,2025-02-25,Started,,
PT05228,2024-11-25,2024-11-28,2024-12-11,2024-12-23,Started,,
PT05229,2023-05-10,2023-05-14,2023-06-10,2023-06-16,Started,,
PT05230,2025-12-10,2025-12-11,2025-12-24,2025-12-28,Started,,
PT05231,2024-10-12,2024-10-19,2024-11-20,2024-11-24,Discontinued,2025-05-10,Patient Decision
PT05232,2023-11-23,2023-11-24,2023-12-17,,Not Started,,
PT05233,2025-01-28,2025-02-04,2025-02-25,2025-03-09,Started,,
PT05234,2023-05-29,2023-05-30,2023-06-16,,Not Started,,
PT05235,2025-03-29,2025-04-03,2025-04-22,2025-04-28,Started,,
PT05236,2023-08-22,2023-08-24,2023-09-06,2023-09-10,Started,,
PT05237,2024-10-08,2024-10-10,2024-10-27,2024-11-03,Started,,
PT05238,2024-10-21,2024-10-27,2024-11-09,2024-11-12,Discontinued,2025-06-07,Treatment Ineffectiveness
PT05239,2023-03-20,2023-03-25,2023-04-06,2023-04-18,Started,,
PT05240,2025-11-24,2025-11-30,2025-12-14,2025-12-28,Started,,
PT05241,2025-07-22,2025-07-29,2025-08-21,2025-09-04,Discontinued,2026-03-05,Adverse Event
PT05242,2024-07-23,2024-07-30,2024-08-22,2024-08-24,Discontinued,2025-03-21,Cost / Affordability
PT05243,2024-01-23,2024-01-25,2024-02-13,,Not Started,,
PT05244,2023-07-22,2023-07-23,2023-08-08,2023-08-17,Started,,
PT05245,2023-12-06,2023-12-12,2023-12-30,2024-01-05,Started,,
PT05246,2023-06-24,2023-06-29,2023-07-28,2023-08-11,Started,,
PT05247,2023-05-13,2023-05-15,2023-06-11,2023-06-14,Started,,
PT05248,2025-09-15,2025-09-18,2025-09-30,2025-10-14,Started,,
PT05249,2024-09-02,2024-09-09,2024-10-03,2024-10-09,Started,,
PT05250,2023-12-08,2023-12-15,2023-12-30,2024-01-11,Started,,
PT05251,2024-01-27,2024-01-30,2024-02-10,2024-02-14,Started,,
PT05252,2024-04-16,2024-04-21,2024-05-11,2024-05-22,Started,,
PT05253,2023-11-11,2023-11-18,2023-12-07,2023-12-12,Discontinued,2024-06-08,Cost / Affordability
PT05254,2025-09-22,2025-09-27,2025-10-15,2025-10-24,Started,,
PT05255,2023-01-22,2023-01-29,2023-02-06,2023-02-14,Started,,
PT05256,2025-05-13,2025-05-16,2025-06-04,2025-06-15,Discontinued,2026-01-01,Cost / Affordability
PT05257,2023-03-16,2023-03-19,2023-04-03,2023-04-05,Started,,
PT05258,2024-11-19,2024-11-24,2024-12-06,2024-12-20,Started,,
PT05259,2023-01-19,2023-01-26,2023-02-12,2023-02-23,Discontinued,2023-04-25,Cost / Affordability
PT05260,2024-12-14,2024-12-21,2024-12-25,,Not Started,,
PT05261,2024-08-05,2024-08-11,2024-08-31,2024-09-02,Discontinued,2025-03-09,Access Issue
PT05262,2025-08-03,2025-08-08,2025-08-28,2025-08-30,Started,,
PT05263,2025-09-12,2025-09-13,2025-10-16,2025-10-29,Started,,
PT05264,2023-02-18,2023-02-23,2023-03-11,2023-03-13,Started,,
PT05265,2023-01-21,2023-01-25,2023-02-06,2023-02-17,Started,,
PT05266,2024-06-02,2024-06-03,2024-06-23,2024-06-27,Started,,
PT05267,2025-12-09,2025-12-13,2026-01-08,2026-01-10,Started,,
PT05268,2024-10-14,2024-10-16,2024-11-06,2024-11-08,Started,,
PT05269,2025-02-20,2025-02-24,2025-03-14,,Not Started,,
PT05270,2024-05-06,2024-05-10,2024-05-20,2024-05-22,Started,,
PT05271,2024-08-04,2024-08-10,2024-08-30,2024-09-11,Started,,
PT05272,2023-11-04,2023-11-05,2023-11-27,2023-12-05,Started,,
PT05273,2024-05-09,2024-05-13,2024-05-28,,Not Started,,
PT05274,2023-04-25,2023-05-01,2023-05-19,2023-05-22,Started,,
PT05275,2023-02-20,2023-02-22,2023-03-16,2023-03-18,Discontinued,2023-08-06,Patient Decision
PT05276,2025-03-29,2025-04-02,2025-04-06,,Not Started,,
PT05277,2023-08-02,2023-08-07,2023-08-17,2023-08-29,Started,,
PT05278,2025-02-24,2025-02-27,2025-03-16,2025-03-29,Started,,
PT05279,2025-07-25,2025-07-27,2025-08-17,2025-08-22,Started,,
PT05280,2023-08-17,2023-08-21,2023-09-15,,Not Started,,
PT05281,2025-02-10,2025-02-13,2025-02-19,2025-03-05,Started,,
PT05282,2024-10-30,2024-11-05,2024-11-22,2024-12-02,Started,,
PT05283,2025-01-17,2025-01-22,2025-01-31,2025-02-02,Discontinued,2025-05-05,Adverse Event
PT05284,2025-09-19,2025-09-25,2025-10-14,2025-10-25,Started,,
PT05285,2025-07-02,2025-07-04,2025-07-23,2025-07-30,Started,,
PT05286,2025-09-15,2025-09-17,2025-10-03,2025-10-07,Started,,
PT05287,2023-05-27,2023-06-02,2023-06-27,2023-07-04,Started,,
PT05288,2024-07-22,2024-07-24,2024-08-16,2024-08-25,Started,,
PT05289,2023-07-01,2023-07-03,2023-07-27,2023-08-04,Started,,
PT05290,2023-02-20,2023-02-24,2023-03-17,2023-03-24,Started,,
PT05291,2024-09-07,2024-09-13,2024-09-23,2024-10-07,Started,,
PT05292,2024-09-08,2024-09-15,2024-09-18,2024-09-27,Started,,
PT05293,2023-04-30,2023-05-02,2023-05-21,2023-06-03,Started,,
PT05294,2025-05-01,2025-05-03,2025-05-30,2025-06-10,Started,,
PT05295,2025-06-20,2025-06-26,2025-07-04,2025-07-18,Started,,
PT05296,2023-12-18,2023-12-23,2024-01-01,2024-01-14,Started,,
PT05297,2024-03-03,2024-03-04,2024-03-14,2024-03-22,Started,,
PT05298,2023-08-05,2023-08-07,2023-08-22,2023-08-27,Started,,
PT05299,2023-08-31,2023-09-03,2023-09-21,,Not Started,,
PT05300,2023-12-30,2024-01-02,2024-01-20,2024-01-30,Started,,
PT05301,2025-01-01,2025-01-02,2025-01-16,2025-01-22,Started,,
PT05302,2025-02-10,2025-02-13,2025-03-06,2025-03-19,Started,,
PT05303,2024-08-26,2024-08-27,2024-09-09,,Not Started,,
PT05304,2025-08-10,2025-08-15,2025-08-29,2025-09-09,Discontinued,2026-04-17,Treatment Ineffectiveness
PT05305,2025-08-25,2025-08-26,2025-09-16,2025-09-22,Started,,
PT05306,2023-03-15,2023-03-18,2023-04-01,2023-04-13,Started,,
PT05307,2025-11-26,2025-11-29,2025-12-18,2025-12-22,Started,,
PT05308,2023-03-13,2023-03-19,2023-04-01,2023-04-05,Started,,
PT05309,2023-01-30,2023-01-31,2023-02-06,2023-02-12,Started,,
PT05310,2023-05-18,2023-05-22,2023-05-28,2023-05-30,Started,,
PT05311,2025-09-05,2025-09-07,2025-09-30,2025-10-04,Started,,
PT05312,2024-04-07,2024-04-09,2024-04-23,2024-05-05,Started,,
PT05313,2024-09-14,2024-09-16,2024-10-08,,Not Started,,
PT05314,2025-08-26,2025-08-29,2025-09-20,2025-09-29,Started,,
PT05315,2025-06-05,2025-06-11,2025-06-29,2025-07-10,Started,,
PT05316,2023-06-24,2023-06-29,2023-07-21,2023-07-29,Started,,
PT05317,2025-08-10,2025-08-14,2025-09-02,2025-09-05,Started,,
PT05318,2023-01-07,2023-01-13,2023-02-04,2023-02-15,Started,,
PT05319,2025-01-31,2025-02-02,2025-02-12,2025-02-19,Started,,
PT05320,2023-04-03,2023-04-08,2023-05-11,2023-05-13,Started,,
PT05321,2023-09-02,2023-09-08,2023-09-28,2023-10-12,Started,,
PT05322,2023-07-10,2023-07-11,2023-07-28,2023-08-06,Started,,
PT05323,2023-03-18,2023-03-23,2023-04-06,2023-04-12,Started,,
PT05324,2024-02-19,2024-02-26,2024-03-08,2024-03-20,Discontinued,2024-11-02,Adverse Event
PT05325,2024-01-12,2024-01-18,2024-02-13,2024-02-19,Started,,
PT05326,2023-11-21,2023-11-27,2023-12-17,2023-12-27,Started,,
PT05327,2025-06-03,2025-06-10,2025-07-05,2025-07-12,Started,,
PT05328,2023-01-04,2023-01-06,2023-01-24,2023-02-05,Started,,
PT05329,2024-04-17,2024-04-20,2024-05-02,2024-05-12,Started,,
PT05330,2023-06-21,2023-06-27,2023-07-19,,Not Started,,
PT05331,2023-11-28,2023-11-29,2023-12-26,2024-01-09,Started,,
PT05332,2024-05-17,2024-05-21,2024-06-11,2024-06-21,Started,,
PT05333,2024-05-25,2024-05-26,2024-06-14,2024-06-25,Started,,
PT05334,2024-12-01,2024-12-04,2024-12-29,2025-01-06,Started,,
PT05335,2025-04-18,2025-04-20,2025-04-28,,Not Started,,
PT05336,2025-08-10,2025-08-17,2025-09-09,2025-09-23,Started,,
PT05337,2023-02-19,2023-02-25,2023-03-07,2023-03-10,Started,,
PT05338,2024-02-10,2024-02-16,2024-03-01,2024-03-04,Started,,
PT05339,2024-05-30,2024-06-03,2024-06-30,2024-07-03,Started,,
PT05340,2025-01-09,2025-01-12,2025-02-11,,Not Started,,
PT05341,2025-08-10,2025-08-14,2025-09-05,2025-09-09,Started,,
PT05342,2023-06-04,2023-06-05,2023-06-19,2023-06-30,Started,,
PT05343,2025-08-23,2025-08-30,2025-09-14,2025-09-20,Discontinued,2026-04-02,Cost / Affordability
PT05344,2023-11-10,2023-11-12,2023-11-22,2023-11-24,Started,,
PT05345,2023-03-30,2023-04-03,2023-05-02,2023-05-04,Started,,
PT05346,2024-06-17,2024-06-23,2024-07-28,2024-08-08,Started,,
PT05347,2025-03-20,2025-03-23,2025-04-07,,Not Started,,
PT05348,2025-09-27,2025-10-02,2025-10-15,2025-10-17,Started,,
PT05349,2024-04-23,2024-04-30,2024-05-11,2024-05-24,Discontinued,2024-10-25,Treatment Ineffectiveness
PT05350,2025-01-20,2025-01-21,2025-02-02,2025-02-15,Discontinued,2025-04-26,Treatment Ineffectiveness
PT05351,2023-04-04,2023-04-09,2023-04-26,2023-05-02,Started,,
PT05352,2024-03-20,2024-03-27,2024-04-13,2024-04-24,Started,,
PT05353,2025-03-26,2025-03-31,2025-04-20,2025-04-29,Started,,
PT05354,2024-07-12,2024-07-16,2024-07-23,2024-08-01,Started,,
PT05355,2025-11-28,2025-12-01,2025-12-10,2025-12-15,Started,,
PT05356,2024-08-05,2024-08-07,2024-08-17,2024-08-30,Started,,
PT05357,2023-09-28,2023-10-02,2023-10-28,,Not Started,,
PT05358,2023-07-06,2023-07-08,2023-07-23,2023-08-04,Started,,
PT05359,2023-06-25,2023-06-27,2023-07-16,2023-07-23,Started,,
PT05360,2024-05-17,2024-05-23,2024-06-10,2024-06-13,Started,,
PT05361,2025-06-26,2025-06-30,2025-07-08,2025-07-11,Started,,
PT05362,2024-03-07,2024-03-11,2024-03-23,2024-04-02,Started,,
PT05363,2024-05-22,2024-05-23,2024-06-03,2024-06-16,Started,,
PT05364,2024-10-25,2024-10-29,2024-11-27,2024-12-07,Started,,
PT05365,2025-03-16,2025-03-21,2025-04-12,2025-04-16,Started,,
PT05366,2023-03-16,2023-03-20,2023-04-17,2023-04-25,Started,,
PT05367,2024-07-28,2024-08-04,2024-08-20,2024-08-22,Started,,
PT05368,2024-09-29,2024-10-01,2024-10-13,2024-10-19,Started,,
PT05369,2025-01-20,2025-01-22,2025-02-17,,Not Started,,
PT05370,2023-02-15,2023-02-18,2023-03-11,2023-03-23,Started,,
PT05371,2025-01-13,2025-01-20,2025-01-29,2025-02-08,Started,,
PT05372,2023-10-08,2023-10-10,2023-10-18,2023-10-29,Started,,
PT05373,2023-04-03,2023-04-09,2023-04-27,2023-05-09,Started,,
PT05374,2025-12-04,2025-12-09,2025-12-28,2026-01-11,Started,,
PT05375,2023-07-14,2023-07-18,2023-08-09,2023-08-11,Discontinued,2023-09-30,Treatment Ineffectiveness
PT05376,2025-03-10,2025-03-11,2025-03-30,2025-04-10,Started,,
PT05377,2023-11-27,2023-11-29,2023-12-17,2023-12-28,Started,,
PT05378,2024-09-29,2024-10-04,2024-11-04,2024-11-16,Started,,
PT05379,2023-09-19,2023-09-25,2023-10-05,2023-10-12,Started,,
PT05380,2024-11-15,2024-11-18,2024-12-08,2024-12-14,Started,,
PT05381,2024-02-24,2024-02-27,2024-03-16,2024-03-29,Started,,
PT05382,2023-08-27,2023-09-02,2023-09-25,2023-10-05,Started,,
PT05383,2023-12-29,2023-12-31,2024-01-23,2024-02-01,Discontinued,2024-09-25,Adverse Event
PT05384,2023-10-07,2023-10-11,2023-10-25,2023-11-08,Started,,
PT05385,2025-08-08,2025-08-15,2025-09-15,2025-09-17,Started,,
PT05386,2025-01-31,2025-02-03,2025-02-20,2025-02-22,Started,,
PT05387,2025-03-27,2025-04-02,2025-04-19,2025-04-21,Started,,
PT05388,2025-07-20,2025-07-24,2025-08-13,2025-08-16,Started,,
PT05389,2023-02-14,2023-02-15,2023-03-08,2023-03-19,Started,,
PT05390,2025-06-03,2025-06-07,2025-06-22,2025-06-28,Discontinued,2025-09-08,Access Issue
PT05391,2024-03-15,2024-03-18,2024-04-20,,Not Started,,
PT05392,2023-08-17,2023-08-19,2023-09-03,2023-09-08,Started,,
PT05393,2023-06-23,2023-06-27,2023-07-18,2023-07-27,Started,,
PT05394,2023-08-24,2023-08-31,2023-09-20,2023-10-02,Started,,
PT05395,2023-05-19,2023-05-23,2023-06-12,2023-06-20,Started,,
PT05396,2023-05-29,2023-05-30,2023-06-06,2023-06-14,Started,,
PT05397,2023-07-09,2023-07-11,2023-07-26,2023-08-04,Started,,
PT05398,2023-12-23,2023-12-29,2024-01-12,,Not Started,,
PT05399,2025-08-20,2025-08-27,2025-09-27,2025-10-07,Started,,
PT05400,2024-04-22,2024-04-23,2024-05-03,2024-05-13,Started,,
PT05401,2025-11-15,2025-11-19,2025-12-06,2025-12-14,Started,,
PT05402,2024-01-22,2024-01-26,2024-02-12,2024-02-15,Discontinued,2024-05-03,Adverse Event
PT05403,2025-03-06,2025-03-13,2025-04-09,,Not Started,,
PT05404,2024-05-09,2024-05-16,2024-06-06,2024-06-19,Started,,
PT05405,2023-06-24,2023-06-25,2023-07-13,2023-07-20,Started,,
PT05406,2024-08-10,2024-08-16,2024-08-25,2024-08-30,Started,,
PT05407,2023-04-29,2023-05-06,2023-05-29,2023-06-05,Started,,
PT05408,2023-11-29,2023-12-01,2023-12-13,2023-12-18,Started,,
PT05409,2025-05-10,2025-05-13,2025-05-26,2025-06-09,Started,,
PT05410,2025-10-20,2025-10-25,2025-11-10,2025-11-13,Started,,
PT05411,2023-10-19,2023-10-23,2023-11-14,2023-11-17,Started,,
PT05412,2024-08-15,2024-08-16,2024-09-01,2024-09-03,Started,,
PT05413,2024-06-20,2024-06-27,2024-07-23,2024-07-26,Started,,
PT05414,2023-03-12,2023-03-19,2023-04-14,2023-04-27,Started,,
PT05415,2025-05-23,2025-05-29,2025-06-17,2025-07-01,Started,,
PT05416,2025-04-18,2025-04-23,2025-05-14,2025-05-25,Started,,
PT05417,2023-01-27,2023-02-02,2023-02-10,2023-02-12,Started,,
PT05418,2023-07-05,2023-07-07,2023-07-21,2023-08-04,Started,,
PT05419,2023-04-16,2023-04-23,2023-05-19,2023-05-21,Started,,
PT05420,2024-06-26,2024-07-03,2024-07-20,2024-07-23,Started,,
PT05421,2023-02-18,2023-02-23,2023-03-04,2023-03-15,Started,,
PT05422,2023-08-17,2023-08-23,2023-09-10,2023-09-22,Discontinued,2024-05-17,Patient Decision
PT05423,2025-05-26,2025-05-30,2025-06-18,2025-06-29,Started,,
PT05424,2024-08-22,2024-08-27,2024-09-09,2024-09-23,Started,,
PT05425,2023-09-11,2023-09-13,2023-09-29,2023-10-07,Started,,
PT05426,2024-01-25,2024-01-31,2024-02-22,2024-02-28,Discontinued,2024-06-01,Access Issue
PT05427,2023-01-11,2023-01-16,2023-01-27,2023-02-01,Started,,
PT05428,2025-07-24,2025-07-28,2025-08-17,2025-08-23,Started,,
PT05429,2025-02-10,2025-02-12,2025-02-20,,Not Started,,
PT05430,2025-05-22,2025-05-27,2025-06-14,2025-06-16,Started,,
PT05431,2025-12-21,2025-12-26,2026-01-13,,Not Started,,
PT05432,2023-12-28,2024-01-02,2024-01-13,2024-01-21,Started,,
PT05433,2025-08-30,2025-09-05,2025-10-01,2025-10-11,Started,,
PT05434,2025-10-26,2025-10-30,2025-11-22,2025-11-25,Discontinued,2026-06-05,Adverse Event
PT05435,2025-09-16,2025-09-20,2025-10-11,2025-10-25,Started,,
PT05436,2023-06-27,2023-07-04,2023-07-17,2023-07-28,Started,,
PT05437,2025-01-11,2025-01-17,2025-01-28,,Not Started,,
PT05438,2024-10-09,2024-10-12,2024-11-04,,Not Started,,
PT05439,2025-10-11,2025-10-14,2025-10-18,,Not Started,,
PT05440,2025-03-01,2025-03-03,2025-03-23,,Not Started,,
PT05441,2025-07-14,2025-07-19,2025-08-03,2025-08-08,Discontinued,2025-10-02,Patient Decision
PT05442,2025-03-18,2025-03-21,2025-04-05,2025-04-14,Started,,
PT05443,2025-11-07,2025-11-13,2025-11-29,,Not Started,,
PT05444,2023-11-11,2023-11-14,2023-11-23,2023-12-02,Started,,
PT05445,2024-05-16,2024-05-23,2024-06-16,2024-06-27,Started,,
PT05446,2025-02-17,2025-02-24,2025-03-11,2025-03-16,Started,,
PT05447,2025-02-20,2025-02-23,2025-03-09,2025-03-15,Started,,
PT05448,2024-06-09,2024-06-10,2024-06-26,2024-07-04,Started,,
PT05449,2024-03-02,2024-03-03,2024-03-15,2024-03-28,Started,,
PT05450,2023-04-20,2023-04-25,2023-05-17,2023-05-24,Discontinued,2023-10-16,Access Issue
PT05451,2025-06-29,2025-07-06,2025-07-15,,Not Started,,
PT05452,2023-08-06,2023-08-10,2023-08-22,2023-08-29,Started,,
PT05453,2025-02-25,2025-03-04,2025-03-17,2025-03-21,Started,,
PT05454,2023-10-15,2023-10-20,2023-11-11,2023-11-14,Started,,
PT05455,2024-12-17,2024-12-20,2024-12-30,2025-01-09,Started,,
PT05456,2023-07-31,2023-08-02,2023-08-24,2023-08-27,Started,,
PT05457,2024-01-14,2024-01-20,2024-02-05,2024-02-14,Started,,
PT05458,2023-03-11,2023-03-12,2023-03-30,,Not Started,,
PT05459,2023-08-15,2023-08-22,2023-09-01,2023-09-14,Started,,
PT05460,2023-10-12,2023-10-18,2023-10-31,2023-11-12,Started,,
PT05461,2023-01-17,2023-01-22,2023-02-24,,Not Started,,
PT05462,2024-01-29,2024-02-01,2024-02-21,,Not Started,,
PT05463,2024-01-11,2024-01-17,2024-02-02,2024-02-15,Started,,
PT05464,2025-05-14,2025-05-20,2025-06-01,2025-06-05,Started,,
PT05465,2023-12-28,2024-01-03,2024-01-24,2024-02-03,Started,,
PT05466,2025-12-04,2025-12-05,2025-12-19,2026-01-01,Started,,
PT05467,2024-12-11,2024-12-18,2025-01-02,2025-01-07,Started,,
PT05468,2025-10-17,2025-10-24,2025-11-12,,Not Started,,
PT05469,2024-05-17,2024-05-19,2024-06-06,2024-06-16,Started,,
PT05470,2023-05-11,2023-05-16,2023-06-08,2023-06-22,Started,,
PT05471,2024-03-07,2024-03-08,2024-03-24,2024-03-30,Started,,
PT05472,2025-12-27,2025-12-30,2026-01-19,2026-01-30,Started,,
PT05473,2023-11-19,2023-11-24,2023-12-10,2023-12-13,Started,,
PT05474,2024-02-18,2024-02-19,2024-03-07,2024-03-11,Started,,
PT05475,2025-08-13,2025-08-20,2025-09-03,2025-09-06,Started,,
PT05476,2023-11-21,2023-11-23,2023-12-04,2023-12-16,Started,,
PT05477,2025-10-24,2025-10-31,2025-11-16,2025-11-21,Discontinued,2026-07-12,Treatment Ineffectiveness
PT05478,2025-12-04,2025-12-07,2025-12-19,2025-12-28,Started,,
PT05479,2025-05-26,2025-05-29,2025-06-28,2025-07-01,Started,,
PT05480,2024-02-02,2024-02-05,2024-02-13,2024-02-25,Started,,
PT05481,2024-07-01,2024-07-07,2024-07-19,2024-07-31,Started,,
PT05482,2025-09-28,2025-10-05,2025-10-08,2025-10-19,Started,,
PT05483,2024-06-09,2024-06-14,2024-07-09,2024-07-14,Started,,
PT05484,2024-11-26,2024-12-02,2024-12-13,2024-12-27,Started,,
PT05485,2025-06-14,2025-06-21,2025-07-14,2025-07-19,Started,,
PT05486,2025-05-16,2025-05-21,2025-06-15,2025-06-27,Started,,
PT05487,2025-11-22,2025-11-26,2025-12-12,2025-12-26,Started,,
PT05488,2024-11-11,2024-11-12,2024-11-22,2024-11-30,Started,,
PT05489,2023-09-07,2023-09-08,2023-10-02,,Not Started,,
PT05490,2024-01-12,2024-01-15,2024-02-10,2024-02-21,Started,,
PT05491,2025-07-28,2025-07-30,2025-08-15,2025-08-17,Discontinued,2025-12-19,Access Issue
PT05492,2023-12-15,2023-12-16,2024-01-02,2024-01-07,Discontinued,2024-08-09,Cost / Affordability
PT05493,2023-10-14,2023-10-15,2023-10-26,2023-10-28,Started,,
PT05494,2024-02-27,2024-03-02,2024-03-15,2024-03-17,Started,,
PT05495,2024-05-09,2024-05-13,2024-05-27,2024-06-10,Started,,
PT05496,2024-08-29,2024-08-30,2024-09-21,2024-09-30,Started,,
PT05497,2023-02-06,2023-02-10,2023-02-28,2023-03-08,Started,,
PT05498,2024-12-22,2024-12-27,2025-01-18,,Not Started,,
PT05499,2025-11-21,2025-11-24,2025-12-09,2025-12-17,Started,,
PT05500,2025-09-13,2025-09-14,2025-09-17,2025-09-24,Discontinued,2026-04-23,Treatment Ineffectiveness
PT05501,2024-10-16,2024-10-19,2024-11-07,2024-11-11,Discontinued,2025-03-23,Adverse Event
PT05502,2025-03-23,2025-03-24,2025-04-09,2025-04-18,Started,,
PT05503,2023-07-15,2023-07-20,2023-07-29,2023-08-03,Started,,
PT05504,2024-09-09,2024-09-14,2024-10-04,2024-10-07,Started,,
PT05505,2024-01-08,2024-01-10,2024-02-01,2024-02-10,Started,,
PT05506,2025-01-27,2025-02-03,2025-02-24,2025-03-02,Started,,
PT05507,2024-11-16,2024-11-22,2024-12-13,2024-12-22,Started,,
PT05508,2024-01-15,2024-01-18,2024-01-26,2024-01-30,Started,,
PT05509,2023-12-27,2023-12-28,2024-01-13,2024-01-25,Discontinued,2024-05-09,Patient Decision
PT05510,2025-09-18,2025-09-19,2025-10-05,2025-10-17,Discontinued,2026-06-08,Access Issue
PT05511,2025-02-24,2025-02-25,2025-03-22,2025-03-25,Started,,
PT05512,2024-10-30,2024-11-06,2024-11-16,2024-11-20,Started,,
PT05513,2025-08-06,2025-08-11,2025-09-01,2025-09-11,Discontinued,2026-04-11,Patient Decision
PT05514,2024-05-10,2024-05-11,2024-06-04,,Not Started,,
PT05515,2023-08-11,2023-08-16,2023-09-06,2023-09-13,Started,,
PT05516,2024-11-18,2024-11-24,2024-12-09,,Not Started,,
PT05517,2025-02-23,2025-03-01,2025-03-18,,Not Started,,
PT05518,2025-03-21,2025-03-26,2025-04-22,,Not Started,,
PT05519,2024-05-15,2024-05-22,2024-06-14,2024-06-16,Started,,
PT05520,2024-07-25,2024-07-26,2024-08-12,2024-08-24,Started,,
PT05521,2023-07-09,2023-07-13,2023-07-20,2023-07-23,Started,,
PT05522,2025-07-12,2025-07-18,2025-07-27,2025-08-01,Started,,
PT05523,2024-08-03,2024-08-09,2024-08-29,2024-09-11,Started,,
PT05524,2025-02-10,2025-02-16,2025-03-04,2025-03-11,Started,,
PT05525,2024-07-02,2024-07-09,2024-07-17,2024-07-21,Started,,
PT05526,2025-02-21,2025-02-27,2025-03-18,2025-03-29,Started,,
PT05527,2024-10-31,2024-11-03,2024-11-22,2024-11-27,Started,,
PT05528,2025-01-25,2025-01-30,2025-02-17,2025-02-25,Started,,
PT05529,2023-01-08,2023-01-11,2023-02-06,2023-02-13,Started,,
PT05530,2025-04-22,2025-04-27,2025-05-09,2025-05-20,Started,,
PT05531,2023-11-06,2023-11-08,2023-11-22,2023-12-05,Started,,
PT05532,2024-10-02,2024-10-03,2024-10-27,2024-11-04,Started,,
PT05533,2025-01-06,2025-01-07,2025-02-09,2025-02-11,Started,,
PT05534,2025-12-03,2025-12-10,2025-12-25,,Not Started,,
PT05535,2024-03-29,2024-03-30,2024-04-16,2024-04-27,Started,,
PT05536,2023-05-12,2023-05-14,2023-05-26,2023-06-06,Started,,
PT05537,2023-04-30,2023-05-02,2023-05-22,2023-06-04,Started,,
PT05538,2025-05-02,2025-05-03,2025-05-26,2025-06-05,Started,,
PT05539,2024-02-19,2024-02-23,2024-03-10,2024-03-15,Started,,
PT05540,2024-02-25,2024-02-29,2024-03-25,2024-04-05,Started,,
PT05541,2023-01-24,2023-01-31,2023-02-11,2023-02-17,Started,,
PT05542,2024-02-26,2024-02-29,2024-03-28,2024-04-06,Started,,
PT05543,2023-06-24,2023-06-25,2023-07-16,2023-07-25,Started,,
PT05544,2025-05-27,2025-05-29,2025-06-23,2025-07-07,Started,,
PT05545,2023-09-02,2023-09-03,2023-09-25,2023-10-04,Started,,
PT05546,2024-11-15,2024-11-19,2024-12-03,2024-12-12,Discontinued,2025-04-01,Cost / Affordability
PT05547,2024-04-23,2024-04-29,2024-05-23,2024-06-02,Started,,
PT05548,2025-02-25,2025-02-27,2025-03-22,2025-03-30,Started,,
PT05549,2024-10-12,2024-10-15,2024-11-06,,Not Started,,
PT05550,2023-07-15,2023-07-19,2023-07-31,2023-08-05,Started,,
PT05551,2023-03-22,2023-03-26,2023-04-08,2023-04-20,Started,,
PT05552,2023-08-02,2023-08-08,2023-08-25,2023-09-01,Started,,
PT05553,2024-02-27,2024-02-28,2024-03-09,2024-03-15,Started,,
PT05554,2023-02-24,2023-03-03,2023-03-23,2023-03-27,Started,,
PT05555,2025-03-13,2025-03-14,2025-03-30,2025-04-04,Started,,
PT05556,2023-10-20,2023-10-23,2023-11-13,2023-11-26,Started,,
PT05557,2023-12-17,2023-12-22,2024-01-09,2024-01-16,Started,,
PT05558,2025-04-13,2025-04-17,2025-04-30,,Not Started,,
PT05559,2023-05-23,2023-05-28,2023-06-05,2023-06-12,Started,,
PT05560,2023-12-30,2024-01-06,2024-01-26,2024-02-05,Started,,
PT05561,2025-05-19,2025-05-25,2025-06-24,2025-06-27,Started,,
PT05562,2024-02-15,2024-02-18,2024-03-01,2024-03-09,Started,,
PT05563,2025-02-28,2025-03-04,2025-03-16,2025-03-26,Started,,
PT05564,2025-05-26,2025-06-02,2025-06-12,2025-06-22,Started,,
PT05565,2024-01-07,2024-01-11,2024-01-28,2024-02-03,Started,,
PT05566,2023-06-30,2023-07-04,2023-07-14,2023-07-20,Started,,
PT05567,2024-03-23,2024-03-30,2024-04-14,2024-04-23,Discontinued,2024-11-08,Access Issue
PT05568,2025-12-13,2025-12-15,2026-01-01,2026-01-06,Started,,
PT05569,2025-09-08,2025-09-13,2025-09-22,2025-10-01,Started,,
PT05570,2024-07-14,2024-07-16,2024-07-28,2024-08-08,Started,,
PT05571,2023-05-19,2023-05-20,2023-05-28,2023-06-07,Started,,
PT05572,2024-11-09,2024-11-13,2024-11-29,2024-12-12,Started,,
PT05573,2023-12-29,2023-12-31,2024-01-31,,Not Started,,
PT05574,2023-04-02,2023-04-08,2023-05-06,2023-05-11,Started,,
PT05575,2023-05-24,2023-05-27,2023-06-12,2023-06-16,Started,,
PT05576,2024-12-24,2024-12-26,2025-01-08,,Not Started,,
PT05577,2025-09-23,2025-09-25,2025-10-06,2025-10-17,Started,,
PT05578,2024-12-23,2024-12-28,2025-01-20,2025-02-03,Started,,
PT05579,2024-11-09,2024-11-14,2024-11-20,2024-11-26,Started,,
PT05580,2024-04-09,2024-04-12,2024-04-21,2024-04-23,Started,,
PT05581,2023-11-04,2023-11-09,2023-11-25,,Not Started,,
PT05582,2024-11-24,2024-11-26,2024-12-01,2024-12-07,Started,,
PT05583,2024-10-30,2024-10-31,2024-11-11,2024-11-19,Started,,
PT05584,2025-12-21,2025-12-25,2026-01-03,2026-01-16,Started,,
PT05585,2024-10-22,2024-10-25,2024-11-22,2024-11-29,Started,,
PT05586,2025-12-04,2025-12-06,2025-12-22,2025-12-26,Discontinued,2026-04-27,Treatment Ineffectiveness
PT05587,2025-09-13,2025-09-15,2025-10-06,2025-10-18,Started,,
PT05588,2025-01-03,2025-01-04,2025-01-17,2025-01-25,Started,,
PT05589,2024-10-19,2024-10-25,2024-11-12,2024-11-19,Started,,
PT05590,2023-02-27,2023-02-28,2023-03-22,2023-04-03,Started,,
PT05591,2024-11-22,2024-11-24,2024-12-04,2024-12-18,Started,,
PT05592,2024-12-05,2024-12-11,2024-12-19,,Not Started,,
PT05593,2023-12-06,2023-12-11,2023-12-26,2024-01-08,Started,,
PT05594,2023-07-20,2023-07-23,2023-08-25,2023-09-08,Started,,
PT05595,2025-11-17,2025-11-18,2025-11-26,2025-11-30,Started,,
PT05596,2023-12-18,2023-12-20,2024-01-07,2024-01-16,Started,,
PT05597,2024-01-19,2024-01-22,2024-02-17,2024-03-01,Started,,
PT05598,2025-08-26,2025-08-31,2025-09-05,2025-09-07,Started,,
PT05599,2023-08-19,2023-08-22,2023-09-16,2023-09-27,Started,,
PT05600,2025-03-18,2025-03-20,2025-04-07,2025-04-10,Started,,
PT05601,2024-01-11,2024-01-16,2024-02-08,2024-02-12,Started,,
PT05602,2023-06-02,2023-06-05,2023-06-20,2023-06-27,Started,,
PT05603,2025-12-29,2026-01-05,2026-01-22,2026-01-28,Started,,
PT05604,2024-12-31,2025-01-06,2025-01-25,2025-02-01,Started,,
PT05605,2025-04-17,2025-04-20,2025-05-02,,Not Started,,
PT05606,2025-10-18,2025-10-21,2025-10-24,2025-10-29,Started,,
PT05607,2024-10-25,2024-10-28,2024-11-19,2024-12-02,Started,,
PT05608,2023-03-09,2023-03-12,2023-04-04,,Not Started,,
PT05609,2025-05-29,2025-05-31,2025-06-09,2025-06-11,Started,,
PT05610,2023-01-22,2023-01-25,2023-02-05,2023-02-09,Discontinued,2023-06-24,Adverse Event
PT05611,2025-06-23,2025-06-30,2025-07-12,2025-07-25,Started,,
PT05612,2023-04-25,2023-04-30,2023-05-11,2023-05-14,Started,,
PT05613,2024-07-27,2024-08-03,2024-09-04,2024-09-14,Started,,
PT05614,2024-02-11,2024-02-14,2024-03-03,2024-03-13,Started,,
PT05615,2023-07-06,2023-07-08,2023-07-11,2023-07-14,Started,,
PT05616,2024-05-04,2024-05-07,2024-05-25,2024-05-31,Discontinued,2024-08-26,Access Issue
PT05617,2025-10-12,2025-10-18,2025-10-27,2025-11-09,Discontinued,2026-05-23,Access Issue
PT05618,2023-03-19,2023-03-22,2023-04-13,2023-04-15,Started,,
PT05619,2023-10-19,2023-10-25,2023-11-01,2023-11-13,Discontinued,2024-04-10,Cost / Affordability
PT05620,2023-11-11,2023-11-13,2023-11-27,2023-12-01,Started,,
PT05621,2024-01-28,2024-02-01,2024-02-15,2024-02-17,Started,,
PT05622,2025-01-28,2025-02-01,2025-02-16,2025-03-02,Started,,
PT05623,2024-02-10,2024-02-16,2024-03-08,2024-03-14,Discontinued,2024-08-07,Patient Decision
PT05624,2025-02-21,2025-02-26,2025-03-16,2025-03-25,Started,,
PT05625,2025-10-08,2025-10-10,2025-11-07,,Not Started,,
PT05626,2023-09-08,2023-09-14,2023-09-30,2023-10-09,Started,,
PT05627,2023-03-22,2023-03-28,2023-04-14,2023-04-23,Started,,
PT05628,2025-09-07,2025-09-08,2025-09-25,,Not Started,,
PT05629,2025-05-07,2025-05-11,2025-05-30,2025-06-03,Started,,
PT05630,2025-06-27,2025-06-30,2025-07-30,2025-08-05,Discontinued,2025-10-12,Treatment Ineffectiveness
PT05631,2024-11-20,2024-11-23,2024-12-19,2024-12-23,Discontinued,2025-02-26,Treatment Ineffectiveness
PT05632,2025-01-02,2025-01-06,2025-01-26,2025-01-30,Started,,
PT05633,2024-09-14,2024-09-20,2024-10-11,2024-10-23,Started,,
PT05634,2024-11-24,2024-11-27,2024-12-14,2024-12-21,Started,,
PT05635,2023-03-27,2023-03-31,2023-04-05,2023-04-16,Started,,
PT05636,2024-03-22,2024-03-26,2024-04-02,2024-04-11,Started,,
PT05637,2023-02-04,2023-02-11,2023-03-08,2023-03-12,Started,,
PT05638,2025-11-12,2025-11-17,2025-11-22,2025-11-26,Discontinued,2026-03-18,Adverse Event
PT05639,2024-02-02,2024-02-05,2024-02-14,,Not Started,,
PT05640,2023-10-23,2023-10-30,2023-11-27,2023-11-29,Discontinued,2024-05-13,Cost / Affordability
PT05641,2023-01-14,2023-01-21,2023-02-08,2023-02-10,Started,,
PT05642,2025-05-04,2025-05-05,2025-05-19,2025-05-25,Started,,
PT05643,2025-04-27,2025-05-04,2025-05-18,2025-05-29,Started,,
PT05644,2023-06-26,2023-07-03,2023-07-18,2023-07-24,Started,,
PT05645,2024-10-25,2024-10-31,2024-11-21,2024-11-29,Discontinued,2025-05-07,Access Issue
PT05646,2024-11-24,2024-11-30,2024-12-19,2024-12-24,Started,,
PT05647,2023-11-30,2023-12-01,2023-12-24,2023-12-27,Started,,
PT05648,2025-07-29,2025-08-04,2025-08-22,,Not Started,,
PT05649,2024-07-29,2024-08-04,2024-08-24,2024-09-05,Started,,
PT05650,2024-07-08,2024-07-14,2024-07-21,2024-08-03,Started,,
PT05651,2024-03-09,2024-03-10,2024-03-29,2024-04-08,Discontinued,2024-07-13,Patient Decision
PT05652,2023-06-07,2023-06-08,2023-06-15,2023-06-27,Started,,
PT05653,2025-12-04,2025-12-10,2025-12-21,2026-01-02,Discontinued,2026-07-31,Patient Decision
PT05654,2025-06-16,2025-06-19,2025-07-03,2025-07-17,Started,,
PT05655,2024-04-15,2024-04-19,2024-05-10,,Not Started,,
PT05656,2025-07-16,2025-07-17,2025-07-26,2025-08-04,Started,,
PT05657,2024-05-06,2024-05-07,2024-05-21,,Not Started,,
PT05658,2024-07-01,2024-07-05,2024-07-24,2024-07-28,Started,,
PT05659,2023-02-06,2023-02-08,2023-03-06,,Not Started,,
PT05660,2025-10-20,2025-10-24,2025-11-14,2025-11-16,Started,,
PT05661,2024-08-29,2024-08-31,2024-09-17,2024-09-25,Started,,
PT05662,2025-04-15,2025-04-20,2025-05-05,2025-05-14,Started,,
PT05663,2025-02-28,2025-03-02,2025-03-21,2025-03-28,Started,,
PT05664,2023-07-29,2023-08-05,2023-08-23,2023-08-25,Started,,
PT05665,2025-04-28,2025-04-29,2025-05-15,2025-05-18,Started,,
PT05666,2024-10-14,2024-10-19,2024-11-05,2024-11-16,Discontinued,2025-04-18,Access Issue
PT05667,2023-07-20,2023-07-26,2023-08-11,2023-08-23,Started,,
PT05668,2025-03-06,2025-03-13,2025-03-26,2025-04-02,Started,,
PT05669,2025-11-11,2025-11-17,2025-12-01,2025-12-05,Started,,
PT05670,2023-06-11,2023-06-17,2023-07-12,,Not Started,,
PT05671,2025-10-17,2025-10-18,2025-11-19,2025-12-03,Started,,
PT05672,2024-05-24,2024-05-28,2024-06-20,2024-07-01,Started,,
PT05673,2025-10-04,2025-10-11,2025-10-31,,Not Started,,
PT05674,2024-12-07,2024-12-08,2024-12-23,2025-01-03,Started,,
PT05675,2023-12-17,2023-12-20,2024-01-12,,Not Started,,
PT05676,2025-08-02,2025-08-06,2025-08-22,,Not Started,,
PT05677,2025-06-21,2025-06-28,2025-07-05,2025-07-11,Started,,
PT05678,2025-04-24,2025-05-01,2025-05-26,2025-05-31,Discontinued,2025-12-08,Adverse Event
PT05679,2025-11-11,2025-11-16,2025-12-08,2025-12-19,Started,,
PT05680,2023-06-09,2023-06-14,2023-06-27,,Not Started,,
PT05681,2024-04-11,2024-04-18,2024-05-16,,Not Started,,
PT05682,2025-09-18,2025-09-25,2025-10-24,2025-11-04,Started,,
PT05683,2024-11-04,2024-11-11,2024-11-28,2024-12-11,Started,,
PT05684,2024-05-29,2024-06-03,2024-06-26,2024-07-06,Started,,
PT05685,2025-02-23,2025-02-26,2025-03-13,2025-03-25,Discontinued,2025-06-07,Cost / Affordability
PT05686,2024-10-03,2024-10-10,2024-10-22,,Not Started,,
PT05687,2025-11-26,2025-11-30,2025-12-14,2025-12-24,Started,,
PT05688,2023-06-03,2023-06-05,2023-06-09,2023-06-19,Started,,
PT05689,2024-05-21,2024-05-28,2024-06-11,2024-06-20,Started,,
PT05690,2025-06-14,2025-06-18,2025-07-04,2025-07-14,Discontinued,2026-02-11,Adverse Event
PT05691,2023-01-01,2023-01-07,2023-01-15,,Not Started,,
PT05692,2023-09-11,2023-09-17,2023-10-07,2023-10-14,Discontinued,2024-06-04,Cost / Affordability
PT05693,2023-10-11,2023-10-18,2023-10-26,2023-10-28,Discontinued,2024-03-29,Adverse Event
PT05694,2023-07-03,2023-07-09,2023-07-23,2023-08-04,Started,,
PT05695,2024-02-11,2024-02-15,2024-03-04,2024-03-07,Started,,
PT05696,2023-03-18,2023-03-20,2023-03-26,2023-04-01,Started,,
PT05697,2023-10-26,2023-11-01,2023-11-12,2023-11-25,Started,,
PT05698,2023-06-13,2023-06-16,2023-06-24,2023-06-29,Started,,
PT05699,2025-08-15,2025-08-17,2025-09-14,2025-09-23,Started,,
PT05700,2025-07-13,2025-07-18,2025-08-04,,Not Started,,
PT05701,2024-06-19,2024-06-23,2024-07-17,2024-07-31,Started,,
PT05702,2025-01-24,2025-01-27,2025-02-08,2025-02-18,Started,,
PT05703,2025-03-06,2025-03-11,2025-03-31,2025-04-09,Discontinued,2025-08-27,Cost / Affordability
PT05704,2024-07-14,2024-07-20,2024-07-27,2024-08-04,Started,,
PT05705,2024-05-22,2024-05-26,2024-06-16,2024-06-22,Started,,
PT05706,2023-06-25,2023-07-02,2023-07-05,2023-07-18,Started,,
PT05707,2025-11-22,2025-11-29,2025-12-18,2025-12-20,Started,,
PT05708,2025-11-18,2025-11-24,2025-12-09,2025-12-15,Started,,
PT05709,2024-07-05,2024-07-08,2024-07-27,,Not Started,,
PT05710,2023-03-17,2023-03-20,2023-03-27,2023-03-30,Started,,
PT05711,2023-11-05,2023-11-11,2023-12-10,2023-12-18,Started,,
PT05712,2024-10-28,2024-11-04,2024-11-29,2024-12-02,Started,,
PT05713,2025-03-04,2025-03-09,2025-04-01,2025-04-10,Started,,
PT05714,2025-01-05,2025-01-06,2025-02-02,2025-02-08,Started,,
PT05715,2025-11-20,2025-11-22,2025-12-15,2025-12-24,Discontinued,2026-03-11,Cost / Affordability
PT05716,2024-03-29,2024-04-03,2024-04-13,2024-04-19,Started,,
PT05717,2025-03-19,2025-03-24,2025-04-10,2025-04-24,Discontinued,2025-10-13,Patient Decision
PT05718,2023-03-13,2023-03-17,2023-03-22,2023-03-29,Started,,
PT05719,2024-02-20,2024-02-26,2024-03-11,2024-03-25,Discontinued,2024-06-16,Treatment Ineffectiveness
PT05720,2024-03-23,2024-03-29,2024-04-12,2024-04-18,Started,,
PT05721,2024-06-18,2024-06-25,2024-07-06,2024-07-08,Started,,
PT05722,2023-02-21,2023-02-25,2023-03-18,,Not Started,,
PT05723,2025-05-04,2025-05-11,2025-06-01,2025-06-06,Started,,
PT05724,2024-06-24,2024-06-30,2024-07-17,2024-07-31,Started,,
PT05725,2025-05-11,2025-05-18,2025-06-17,2025-06-26,Started,,
PT05726,2024-04-15,2024-04-18,2024-05-08,2024-05-19,Started,,
PT05727,2025-05-11,2025-05-18,2025-05-30,2025-06-13,Started,,
PT05728,2023-07-01,2023-07-05,2023-07-28,2023-08-10,Discontinued,2023-12-13,Access Issue
PT05729,2024-08-07,2024-08-14,2024-09-16,2024-09-27,Started,,
PT05730,2024-03-04,2024-03-09,2024-04-01,2024-04-06,Started,,
PT05731,2024-02-01,2024-02-03,2024-02-24,2024-03-03,Started,,
PT05732,2024-10-05,2024-10-10,2024-10-19,,Not Started,,
PT05733,2023-10-30,2023-11-06,2023-11-12,2023-11-18,Started,,
PT05734,2023-02-05,2023-02-07,2023-03-03,2023-03-09,Started,,
PT05735,2023-07-22,2023-07-24,2023-08-18,2023-08-31,Started,,
PT05736,2023-12-13,2023-12-15,2024-01-08,2024-01-18,Started,,
PT05737,2025-09-15,2025-09-18,2025-09-27,2025-09-30,Started,,
PT05738,2024-08-27,2024-09-03,2024-09-26,2024-09-29,Started,,
PT05739,2023-02-17,2023-02-20,2023-03-10,2023-03-20,Started,,
PT05740,2024-05-15,2024-05-17,2024-06-01,,Not Started,,
PT05741,2025-02-19,2025-02-20,2025-03-08,2025-03-16,Discontinued,2025-09-24,Access Issue
PT05742,2024-05-15,2024-05-19,2024-06-03,2024-06-14,Started,,
PT05743,2024-11-25,2024-11-26,2024-12-16,2024-12-25,Started,,
PT05744,2025-05-06,2025-05-10,2025-05-22,2025-05-29,Started,,
PT05745,2023-01-21,2023-01-26,2023-02-13,2023-02-18,Started,,
PT05746,2024-05-28,2024-06-03,2024-07-03,2024-07-08,Started,,
PT05747,2025-10-19,2025-10-21,2025-11-12,,Not Started,,
PT05748,2025-08-23,2025-08-26,2025-09-13,2025-09-24,Started,,
PT05749,2025-09-12,2025-09-18,2025-10-21,2025-10-26,Discontinued,2026-03-10,Treatment Ineffectiveness
PT05750,2023-06-17,2023-06-19,2023-06-29,2023-07-03,Started,,
PT05751,2024-12-22,2024-12-27,2025-01-13,2025-01-21,Started,,
PT05752,2023-10-04,2023-10-05,2023-10-18,2023-11-01,Started,,
PT05753,2023-02-07,2023-02-12,2023-03-04,2023-03-15,Started,,
PT05754,2024-04-20,2024-04-26,2024-05-10,2024-05-24,Discontinued,2024-12-12,Cost / Affordability
PT05755,2023-05-20,2023-05-23,2023-06-07,2023-06-09,Started,,
PT05756,2025-10-18,2025-10-22,2025-11-17,2025-11-30,Started,,
PT05757,2024-08-07,2024-08-13,2024-09-01,2024-09-14,Started,,
PT05758,2025-12-06,2025-12-11,2025-12-28,2026-01-08,Started,,
PT05759,2024-07-31,2024-08-03,2024-08-14,2024-08-17,Started,,
PT05760,2024-01-31,2024-02-04,2024-02-14,2024-02-22,Started,,
PT05761,2024-06-24,2024-06-26,2024-07-19,2024-07-26,Started,,
PT05762,2025-03-14,2025-03-19,2025-04-07,,Not Started,,
PT05763,2025-12-16,2025-12-20,2026-01-15,2026-01-17,Discontinued,2026-05-15,Patient Decision
PT05764,2025-02-23,2025-03-01,2025-03-09,,Not Started,,
PT05765,2024-06-01,2024-06-05,2024-06-14,2024-06-22,Started,,
PT05766,2024-04-10,2024-04-12,2024-04-28,,Not Started,,
PT05767,2024-07-16,2024-07-21,2024-08-03,,Not Started,,
PT05768,2025-04-27,2025-04-29,2025-05-25,2025-06-08,Started,,
PT05769,2024-07-10,2024-07-12,2024-08-03,2024-08-11,Started,,
PT05770,2025-05-01,2025-05-03,2025-05-22,2025-05-31,Started,,
PT05771,2023-08-15,2023-08-16,2023-08-26,2023-09-03,Started,,
PT05772,2024-09-12,2024-09-14,2024-10-09,2024-10-19,Discontinued,2024-12-19,Treatment Ineffectiveness
PT05773,2023-09-19,2023-09-21,2023-10-06,2023-10-18,Started,,
PT05774,2023-08-05,2023-08-06,2023-08-25,2023-08-28,Started,,
PT05775,2024-07-15,2024-07-20,2024-08-11,,Not Started,,
PT05776,2023-01-13,2023-01-16,2023-02-07,2023-02-12,Started,,
PT05777,2024-10-02,2024-10-03,2024-10-15,2024-10-23,Started,,
PT05778,2024-10-02,2024-10-09,2024-10-25,2024-10-28,Discontinued,2025-05-28,Cost / Affordability
PT05779,2025-03-14,2025-03-17,2025-04-05,2025-04-12,Started,,
PT05780,2023-08-05,2023-08-10,2023-08-25,2023-09-05,Started,,
PT05781,2025-02-20,2025-02-25,2025-03-24,2025-04-04,Started,,
PT05782,2024-04-04,2024-04-08,2024-04-27,2024-05-10,Started,,
PT05783,2023-10-18,2023-10-20,2023-11-10,,Not Started,,
PT05784,2023-11-20,2023-11-27,2023-12-05,2023-12-07,Started,,
PT05785,2024-04-08,2024-04-15,2024-05-05,,Not Started,,
PT05786,2023-03-16,2023-03-17,2023-04-15,2023-04-20,Started,,
PT05787,2023-03-30,2023-04-05,2023-04-19,2023-04-26,Started,,
PT05788,2024-01-27,2024-01-28,2024-02-18,2024-02-26,Started,,
PT05789,2025-02-07,2025-02-09,2025-02-16,2025-02-25,Started,,
PT05790,2024-04-20,2024-04-25,2024-05-01,2024-05-06,Started,,
PT05791,2023-09-10,2023-09-14,2023-10-01,2023-10-06,Discontinued,2024-04-10,Access Issue
PT05792,2024-09-07,2024-09-10,2024-09-17,2024-09-23,Started,,
PT05793,2025-03-09,2025-03-10,2025-03-30,2025-04-01,Started,,
PT05794,2023-08-12,2023-08-17,2023-09-13,2023-09-20,Discontinued,2023-11-12,Patient Decision
PT05795,2025-09-05,2025-09-09,2025-09-19,2025-09-25,Started,,
PT05796,2023-10-07,2023-10-13,2023-11-09,2023-11-18,Started,,
PT05797,2024-03-12,2024-03-16,2024-04-03,2024-04-10,Started,,
PT05798,2025-07-28,2025-08-02,2025-08-18,2025-09-01,Started,,
PT05799,2025-03-12,2025-03-13,2025-03-27,2025-04-10,Discontinued,2025-06-07,Access Issue
PT05800,2025-02-26,2025-02-27,2025-03-24,,Not Started,,
PT05801,2024-09-18,2024-09-22,2024-10-21,2024-10-29,Started,,
PT05802,2023-01-11,2023-01-13,2023-01-31,,Not Started,,
PT05803,2025-12-13,2025-12-20,2026-01-01,2026-01-04,Started,,
PT05804,2023-12-10,2023-12-14,2023-12-27,2023-12-30,Started,,
PT05805,2023-02-28,2023-03-06,2023-03-10,2023-03-16,Discontinued,2023-06-27,Treatment Ineffectiveness
PT05806,2025-05-10,2025-05-16,2025-06-04,2025-06-17,Started,,
PT05807,2024-01-09,2024-01-11,2024-01-30,2024-02-07,Started,,
PT05808,2023-06-17,2023-06-18,2023-06-23,2023-06-27,Discontinued,2023-10-08,Patient Decision
PT05809,2023-11-29,2023-11-30,2023-12-31,,Not Started,,
PT05810,2024-07-08,2024-07-11,2024-08-04,2024-08-13,Started,,
PT05811,2023-09-03,2023-09-04,2023-09-13,2023-09-22,Started,,
PT05812,2023-04-09,2023-04-16,2023-05-03,2023-05-11,Discontinued,2023-09-10,Patient Decision
PT05813,2023-12-27,2024-01-03,2024-01-14,2024-01-26,Started,,
PT05814,2024-09-27,2024-09-30,2024-10-11,2024-10-17,Started,,
PT05815,2025-01-06,2025-01-10,2025-02-02,2025-02-06,Started,,
PT05816,2023-08-19,2023-08-23,2023-09-08,2023-09-21,Started,,
PT05817,2023-03-22,2023-03-24,2023-04-12,2023-04-24,Started,,
PT05818,2025-06-18,2025-06-19,2025-07-04,2025-07-14,Started,,
PT05819,2025-03-09,2025-03-11,2025-03-22,,Not Started,,
PT05820,2024-01-30,2024-02-06,2024-02-26,2024-03-05,Started,,
PT05821,2025-06-27,2025-07-01,2025-08-05,2025-08-15,Started,,
PT05822,2024-09-24,2024-09-26,2024-10-18,,Not Started,,
PT05823,2025-09-08,2025-09-15,2025-10-09,,Not Started,,
PT05824,2024-12-27,2024-12-29,2025-01-25,2025-01-27,Started,,
PT05825,2025-07-15,2025-07-20,2025-07-23,2025-07-25,Discontinued,2025-09-22,Access Issue
PT05826,2025-04-27,2025-04-30,2025-05-24,2025-05-31,Discontinued,2025-09-27,Treatment Ineffectiveness
PT05827,2023-06-13,2023-06-16,2023-06-27,2023-07-09,Started,,
PT05828,2023-01-21,2023-01-28,2023-02-20,2023-02-26,Discontinued,2023-07-26,Treatment Ineffectiveness
PT05829,2024-03-02,2024-03-07,2024-03-26,2024-04-09,Started,,
PT05830,2023-06-05,2023-06-12,2023-06-25,2023-06-29,Started,,
PT05831,2023-05-18,2023-05-25,2023-06-08,2023-06-12,Started,,
PT05832,2025-10-03,2025-10-06,2025-10-10,,Not Started,,
PT05833,2023-12-19,2023-12-20,2024-01-04,2024-01-18,Started,,
PT05834,2024-05-04,2024-05-05,2024-05-18,2024-05-27,Started,,
PT05835,2024-02-29,2024-03-05,2024-03-16,2024-03-25,Started,,
PT05836,2025-01-15,2025-01-18,2025-02-09,2025-02-15,Started,,
PT05837,2024-11-11,2024-11-14,2024-12-02,,Not Started,,
PT05838,2024-01-17,2024-01-24,2024-02-02,2024-02-14,Discontinued,2024-09-26,Adverse Event
PT05839,2024-08-26,2024-08-30,2024-09-11,2024-09-20,Started,,
PT05840,2024-08-11,2024-08-18,2024-09-12,2024-09-23,Started,,
PT05841,2024-05-03,2024-05-06,2024-05-29,2024-06-06,Discontinued,2024-07-26,Cost / Affordability
PT05842,2025-01-22,2025-01-23,2025-02-06,2025-02-12,Started,,
PT05843,2024-05-08,2024-05-09,2024-05-30,2024-06-12,Started,,
PT05844,2023-06-14,2023-06-15,2023-06-29,2023-07-02,Started,,
PT05845,2023-12-01,2023-12-07,2023-12-18,2023-12-29,Started,,
PT05846,2024-01-23,2024-01-24,2024-01-27,2024-02-09,Started,,
PT05847,2023-07-29,2023-08-01,2023-08-11,2023-08-25,Started,,
PT05848,2024-02-11,2024-02-16,2024-02-24,2024-03-08,Started,,
PT05849,2025-08-05,2025-08-09,2025-08-24,2025-09-01,Started,,
PT05850,2024-04-19,2024-04-24,2024-05-12,2024-05-24,Discontinued,2024-12-29,Cost / Affordability
PT05851,2025-10-10,2025-10-12,2025-10-28,2025-10-30,Started,,
PT05852,2025-06-08,2025-06-11,2025-06-29,2025-07-10,Discontinued,2025-11-17,Cost / Affordability
PT05853,2025-06-06,2025-06-12,2025-06-22,2025-06-30,Discontinued,2025-12-08,Adverse Event
PT05854,2023-07-04,2023-07-06,2023-07-23,2023-07-27,Discontinued,2023-10-03,Adverse Event
PT05855,2023-07-18,2023-07-19,2023-08-08,2023-08-10,Started,,
PT05856,2024-07-29,2024-07-30,2024-08-19,2024-09-01,Started,,
PT05857,2024-06-08,2024-06-09,2024-06-18,2024-06-25,Started,,
PT05858,2025-06-11,2025-06-13,2025-06-25,2025-06-30,Started,,
PT05859,2024-04-10,2024-04-14,2024-04-29,2024-05-04,Started,,
PT05860,2025-12-19,2025-12-21,2026-01-13,,Not Started,,
PT05861,2023-09-05,2023-09-07,2023-09-24,2023-10-08,Started,,
PT05862,2025-02-19,2025-02-22,2025-03-09,2025-03-22,Started,,
PT05863,2023-11-06,2023-11-09,2023-11-21,2023-12-02,Started,,
PT05864,2025-03-28,2025-04-03,2025-04-27,2025-05-08,Discontinued,2025-07-21,Adverse Event
PT05865,2024-03-09,2024-03-15,2024-04-02,2024-04-05,Started,,
PT05866,2025-03-02,2025-03-07,2025-03-24,,Not Started,,
PT05867,2023-01-19,2023-01-26,2023-02-13,2023-02-18,Started,,
PT05868,2024-01-22,2024-01-24,2024-02-15,,Not Started,,
PT05869,2024-08-07,2024-08-11,2024-08-26,2024-09-08,Started,,
PT05870,2024-08-16,2024-08-21,2024-08-28,2024-09-09,Started,,
PT05871,2024-02-27,2024-03-03,2024-03-17,2024-03-31,Started,,
PT05872,2025-10-13,2025-10-14,2025-11-02,2025-11-12,Started,,
PT05873,2023-09-11,2023-09-18,2023-09-30,2023-10-04,Started,,
PT05874,2025-09-09,2025-09-11,2025-10-02,2025-10-08,Started,,
PT05875,2024-09-02,2024-09-08,2024-09-14,2024-09-20,Started,,
PT05876,2025-08-16,2025-08-19,2025-09-11,,Not Started,,
PT05877,2025-12-05,2025-12-11,2025-12-25,,Not Started,,
PT05878,2023-09-17,2023-09-19,2023-10-08,2023-10-21,Discontinued,2024-05-21,Treatment Ineffectiveness
PT05879,2023-11-24,2023-11-26,2023-12-18,,Not Started,,
PT05880,2025-03-12,2025-03-16,2025-03-29,2025-04-05,Started,,
PT05881,2025-01-12,2025-01-13,2025-01-31,2025-02-07,Started,,
PT05882,2024-11-16,2024-11-17,2024-11-29,2024-12-08,Started,,
PT05883,2023-03-30,2023-04-01,2023-04-15,2023-04-24,Started,,
PT05884,2024-12-09,2024-12-12,2024-12-21,2024-12-31,Discontinued,2025-02-18,Cost / Affordability
PT05885,2023-04-14,2023-04-20,2023-05-05,2023-05-17,Started,,
PT05886,2024-07-22,2024-07-27,2024-08-10,,Not Started,,
PT05887,2023-02-04,2023-02-10,2023-03-01,2023-03-03,Started,,
PT05888,2024-06-27,2024-06-29,2024-07-09,2024-07-18,Started,,
PT05889,2025-10-16,2025-10-22,2025-10-28,2025-11-06,Started,,
PT05890,2025-09-17,2025-09-23,2025-10-18,2025-10-30,Started,,
PT05891,2024-02-09,2024-02-15,2024-03-08,2024-03-16,Started,,
PT05892,2025-06-18,2025-06-21,2025-06-30,2025-07-02,Started,,
PT05893,2024-02-17,2024-02-19,2024-03-08,2024-03-10,Started,,
PT05894,2023-05-12,2023-05-16,2023-06-10,,Not Started,,
PT05895,2023-12-05,2023-12-12,2023-12-30,,Not Started,,
PT05896,2024-07-16,2024-07-21,2024-08-12,2024-08-14,Started,,
PT05897,2025-05-21,2025-05-22,2025-05-31,2025-06-02,Started,,
PT05898,2025-08-27,2025-08-30,2025-09-21,2025-10-01,Started,,
PT05899,2025-09-11,2025-09-14,2025-10-06,2025-10-11,Started,,
PT05900,2024-06-28,2024-07-05,2024-07-19,2024-08-02,Discontinued,2025-02-27,Patient Decision
PT05901,2024-01-17,2024-01-18,2024-02-03,2024-02-11,Started,,
PT05902,2023-01-21,2023-01-23,2023-02-22,,Not Started,,
PT05903,2025-01-15,2025-01-17,2025-01-27,,Not Started,,
PT05904,2023-02-14,2023-02-18,2023-03-05,2023-03-08,Started,,
PT05905,2024-09-29,2024-10-06,2024-10-25,2024-10-30,Started,,
PT05906,2024-09-03,2024-09-08,2024-09-19,2024-09-28,Discontinued,2025-01-15,Treatment Ineffectiveness
PT05907,2025-01-10,2025-01-15,2025-02-12,2025-02-23,Started,,
PT05908,2023-11-14,2023-11-18,2023-11-23,2023-11-28,Started,,
PT05909,2024-11-25,2024-11-27,2024-12-10,,Not Started,,
PT05910,2025-07-23,2025-07-24,2025-08-11,2025-08-19,Started,,
PT05911,2025-06-27,2025-07-01,2025-07-29,2025-08-07,Started,,
PT05912,2023-08-31,2023-09-04,2023-09-24,2023-10-06,Started,,
PT05913,2024-09-16,2024-09-20,2024-10-05,2024-10-08,Started,,
PT05914,2023-03-20,2023-03-22,2023-04-08,2023-04-11,Started,,
PT05915,2023-08-07,2023-08-13,2023-08-24,2023-08-26,Discontinued,2024-03-01,Treatment Ineffectiveness
PT05916,2025-04-07,2025-04-14,2025-04-29,2025-05-11,Started,,
PT05917,2023-09-29,2023-10-03,2023-10-20,2023-10-28,Discontinued,2024-03-16,Treatment Ineffectiveness
PT05918,2023-06-09,2023-06-16,2023-07-22,2023-07-26,Started,,
PT05919,2023-09-05,2023-09-10,2023-09-22,2023-10-05,Started,,
PT05920,2023-08-20,2023-08-26,2023-09-09,2023-09-11,Started,,
PT05921,2024-09-10,2024-09-13,2024-10-11,2024-10-15,Started,,
PT05922,2023-12-24,2023-12-28,2024-01-13,2024-01-20,Started,,
PT05923,2025-06-01,2025-06-06,2025-06-14,2025-06-18,Started,,
PT05924,2025-01-04,2025-01-09,2025-01-26,2025-02-07,Started,,
PT05925,2023-08-06,2023-08-10,2023-08-21,,Not Started,,
PT05926,2025-12-02,2025-12-09,2025-12-27,2026-01-02,Started,,
PT05927,2025-02-05,2025-02-11,2025-03-10,2025-03-22,Started,,
PT05928,2025-09-17,2025-09-20,2025-10-08,2025-10-22,Started,,
PT05929,2025-09-01,2025-09-02,2025-09-21,2025-10-03,Started,,
PT05930,2024-01-04,2024-01-05,2024-01-17,2024-01-25,Started,,
PT05931,2024-04-21,2024-04-28,2024-05-20,2024-05-27,Started,,
PT05932,2025-12-03,2025-12-09,2025-12-21,2026-01-01,Started,,
PT05933,2024-12-25,2024-12-28,2025-01-13,2025-01-23,Started,,
PT05934,2025-10-09,2025-10-11,2025-10-31,2025-11-13,Started,,
PT05935,2023-12-13,2023-12-20,2024-01-09,2024-01-16,Started,,
PT05936,2025-01-19,2025-01-21,2025-02-14,2025-02-23,Started,,
PT05937,2025-01-13,2025-01-17,2025-01-29,2025-01-31,Started,,
PT05938,2023-08-03,2023-08-06,2023-08-19,2023-08-31,Started,,
PT05939,2025-10-20,2025-10-22,2025-10-31,2025-11-07,Discontinued,2026-02-01,Cost / Affordability
PT05940,2024-04-22,2024-04-29,2024-05-14,2024-05-25,Started,,
PT05941,2024-08-25,2024-08-28,2024-09-12,2024-09-14,Started,,
PT05942,2025-07-07,2025-07-12,2025-08-06,2025-08-17,Started,,
PT05943,2025-12-28,2025-12-29,2026-01-21,2026-01-29,Started,,
PT05944,2024-06-27,2024-07-04,2024-07-14,2024-07-26,Started,,
PT05945,2024-03-24,2024-03-29,2024-04-25,2024-05-07,Started,,
PT05946,2024-03-29,2024-04-05,2024-04-27,2024-05-06,Started,,
PT05947,2025-11-07,2025-11-10,2025-11-25,2025-12-05,Started,,
PT05948,2024-11-25,2024-11-29,2024-12-25,2024-12-31,Started,,
PT05949,2024-04-08,2024-04-09,2024-05-03,,Not Started,,
PT05950,2025-07-07,2025-07-13,2025-08-03,2025-08-11,Started,,
PT05951,2025-11-28,2025-12-02,2025-12-19,2025-12-29,Started,,
PT05952,2023-06-11,2023-06-18,2023-07-04,2023-07-07,Started,,
PT05953,2025-02-26,2025-03-05,2025-03-17,,Not Started,,
PT05954,2023-11-22,2023-11-23,2023-12-14,,Not Started,,
PT05955,2023-03-26,2023-03-29,2023-04-07,2023-04-16,Started,,
PT05956,2024-08-14,2024-08-19,2024-08-29,2024-09-10,Started,,
PT05957,2023-03-20,2023-03-24,2023-04-12,2023-04-21,Started,,
PT05958,2024-11-12,2024-11-14,2024-11-22,2024-12-02,Started,,
PT05959,2023-03-03,2023-03-05,2023-03-21,2023-03-31,Discontinued,2023-09-18,Access Issue
PT05960,2025-11-30,2025-12-03,2025-12-16,2025-12-20,Started,,
PT05961,2023-05-31,2023-06-02,2023-06-19,2023-06-24,Started,,
PT05962,2024-08-10,2024-08-13,2024-08-19,2024-08-22,Started,,
PT05963,2024-05-30,2024-05-31,2024-06-11,2024-06-22,Started,,
PT05964,2025-07-20,2025-07-25,2025-08-06,2025-08-15,Started,,
PT05965,2024-10-05,2024-10-10,2024-10-25,2024-11-02,Started,,
PT05966,2023-06-28,2023-06-29,2023-07-15,2023-07-23,Discontinued,2024-02-14,Access Issue
PT05967,2023-03-16,2023-03-17,2023-03-20,2023-03-24,Started,,
PT05968,2023-11-28,2023-12-04,2023-12-20,2023-12-29,Started,,
PT05969,2023-05-28,2023-06-01,2023-06-18,,Not Started,,
PT05970,2023-06-19,2023-06-24,2023-07-18,2023-07-25,Started,,
PT05971,2023-05-24,2023-05-29,2023-06-11,2023-06-24,Started,,
PT05972,2024-04-10,2024-04-15,2024-04-23,2024-05-05,Discontinued,2024-12-16,Adverse Event
PT05973,2023-03-04,2023-03-06,2023-03-20,,Not Started,,
PT05974,2025-04-23,2025-04-25,2025-05-08,2025-05-12,Started,,
PT05975,2024-02-13,2024-02-17,2024-03-07,2024-03-21,Started,,
PT05976,2023-12-27,2023-12-30,2024-01-23,2024-01-29,Discontinued,2024-05-07,Patient Decision
PT05977,2025-02-27,2025-03-04,2025-03-19,2025-03-22,Started,,
PT05978,2023-12-02,2023-12-05,2023-12-25,2024-01-05,Started,,
PT05979,2024-02-23,2024-02-29,2024-03-13,2024-03-24,Started,,
PT05980,2024-07-28,2024-08-04,2024-08-29,2024-09-11,Discontinued,2024-11-18,Adverse Event
PT05981,2023-08-31,2023-09-01,2023-09-13,2023-09-19,Started,,
PT05982,2024-10-03,2024-10-05,2024-11-02,2024-11-09,Started,,
PT05983,2025-02-08,2025-02-12,2025-03-06,2025-03-12,Started,,
PT05984,2025-12-13,2025-12-19,2026-01-04,2026-01-06,Started,,
PT05985,2024-02-12,2024-02-17,2024-03-05,2024-03-11,Started,,
PT05986,2023-09-07,2023-09-11,2023-09-26,2023-10-04,Started,,
PT05987,2025-05-12,2025-05-19,2025-05-30,2025-06-07,Started,,
PT05988,2023-04-29,2023-05-04,2023-05-18,2023-05-24,Started,,
PT05989,2025-03-23,2025-03-28,2025-04-13,,Not Started,,
PT05990,2023-06-24,2023-06-30,2023-07-07,2023-07-18,Started,,
PT05991,2024-07-02,2024-07-03,2024-07-26,2024-08-02,Started,,
PT05992,2024-05-31,2024-06-07,2024-06-30,2024-07-14,Started,,
PT05993,2025-06-12,2025-06-16,2025-07-12,,Not Started,,
PT05994,2025-02-27,2025-02-28,2025-03-19,2025-03-23,Started,,
PT05995,2023-06-24,2023-06-30,2023-07-27,,Not Started,,
PT05996,2024-08-30,2024-09-01,2024-09-27,2024-10-09,Discontinued,2025-01-04,Treatment Ineffectiveness
PT05997,2023-05-15,2023-05-16,2023-05-28,,Not Started,,
PT05998,2024-08-15,2024-08-20,2024-09-04,2024-09-15,Started,,
PT05999,2024-08-31,2024-09-07,2024-09-19,2024-09-27,Started,,
PT06000,2025-04-05,2025-04-11,2025-04-18,2025-04-22,Started,,
PT06001,2023-07-08,2023-07-10,2023-07-24,2023-08-01,Discontinued,2023-10-14,Access Issue
PT06002,2024-12-14,2024-12-19,2025-01-03,2025-01-09,Started,,
PT06003,2024-10-20,2024-10-25,2024-11-09,2024-11-23,Started,,
PT06004,2023-11-15,2023-11-21,2023-12-08,2023-12-20,Started,,
PT06005,2025-03-11,2025-03-17,2025-03-26,2025-04-03,Started,,
PT06006,2023-01-20,2023-01-21,2023-02-03,2023-02-17,Started,,
PT06007,2023-06-14,2023-06-19,2023-07-05,2023-07-19,Started,,
PT06008,2025-01-28,2025-01-30,2025-02-17,2025-03-03,Started,,
PT06009,2025-11-21,2025-11-27,2025-12-16,,Not Started,,
PT06010,2023-09-27,2023-09-28,2023-10-15,2023-10-26,Started,,
PT06011,2024-07-28,2024-08-02,2024-08-15,2024-08-23,Started,,
PT06012,2024-01-16,2024-01-23,2024-02-12,2024-02-16,Started,,
PT06013,2024-09-30,2024-10-01,2024-10-15,2024-10-18,Started,,
PT06014,2023-10-10,2023-10-17,2023-11-09,2023-11-22,Started,,
PT06015,2025-01-01,2025-01-05,2025-01-24,2025-01-27,Started,,
PT06016,2025-06-08,2025-06-13,2025-06-29,2025-07-02,Started,,
PT06017,2023-05-31,2023-06-06,2023-06-30,2023-07-06,Started,,
PT06018,2024-08-30,2024-09-06,2024-09-29,,Not Started,,
PT06019,2024-10-07,2024-10-09,2024-10-27,2024-10-29,Discontinued,2025-03-16,Patient Decision
PT06020,2023-11-25,2023-11-28,2023-12-16,2023-12-29,Started,,
PT06021,2025-08-15,2025-08-20,2025-09-06,2025-09-17,Started,,
PT06022,2024-07-17,2024-07-20,2024-08-08,2024-08-16,Started,,
PT06023,2025-01-21,2025-01-24,2025-02-26,2025-03-06,Started,,
PT06024,2024-12-24,2024-12-29,2025-01-18,2025-02-01,Started,,
PT06025,2025-11-08,2025-11-11,2025-11-26,2025-12-09,Started,,
PT06026,2023-07-18,2023-07-25,2023-08-06,2023-08-17,Started,,
PT06027,2023-01-23,2023-01-24,2023-02-03,2023-02-14,Started,,
PT06028,2024-04-17,2024-04-18,2024-05-12,,Not Started,,
PT06029,2023-01-06,2023-01-11,2023-01-30,2023-02-06,Started,,
PT06030,2024-10-21,2024-10-26,2024-11-01,2024-11-09,Started,,
PT06031,2023-01-26,2023-01-30,2023-02-11,2023-02-20,Started,,
PT06032,2025-04-19,2025-04-26,2025-05-21,2025-05-29,Discontinued,2025-09-13,Patient Decision
PT06033,2025-04-18,2025-04-19,2025-05-13,2025-05-21,Started,,
PT06034,2023-09-22,2023-09-26,2023-10-08,2023-10-19,Started,,
PT06035,2024-02-07,2024-02-12,2024-03-11,2024-03-21,Started,,
PT06036,2025-05-11,2025-05-16,2025-06-06,2025-06-11,Started,,
PT06037,2024-01-05,2024-01-09,2024-01-21,2024-01-31,Started,,
PT06038,2025-09-09,2025-09-15,2025-10-01,2025-10-05,Started,,
PT06039,2023-09-29,2023-10-03,2023-10-07,2023-10-21,Started,,
PT06040,2023-07-30,2023-08-02,2023-08-23,2023-08-31,Started,,
PT06041,2025-07-23,2025-07-26,2025-08-07,2025-08-16,Started,,
PT06042,2024-01-01,2024-01-07,2024-02-02,2024-02-05,Started,,
PT06043,2025-09-22,2025-09-29,2025-10-13,2025-10-26,Started,,
PT06044,2024-09-11,2024-09-18,2024-09-28,2024-10-06,Started,,
PT06045,2024-03-01,2024-03-06,2024-03-22,2024-04-05,Discontinued,2024-07-05,Access Issue
PT06046,2025-05-19,2025-05-21,2025-06-04,,Not Started,,
PT06047,2023-08-19,2023-08-23,2023-09-04,2023-09-16,Started,,
PT06048,2024-07-30,2024-07-31,2024-08-13,2024-08-22,Started,,
PT06049,2025-10-26,2025-10-31,2025-11-15,2025-11-29,Started,,
PT06050,2023-05-01,2023-05-03,2023-05-10,2023-05-24,Started,,
PT06051,2023-02-07,2023-02-11,2023-02-26,2023-03-07,Started,,
PT06052,2025-06-13,2025-06-16,2025-07-03,2025-07-14,Discontinued,2025-09-23,Treatment Ineffectiveness
PT06053,2023-02-16,2023-02-23,2023-03-10,2023-03-23,Started,,
PT06054,2023-01-30,2023-02-03,2023-02-24,2023-03-06,Started,,
PT06055,2025-08-07,2025-08-09,2025-08-29,2025-09-10,Started,,
PT06056,2023-09-13,2023-09-16,2023-09-25,2023-10-02,Started,,
PT06057,2025-04-14,2025-04-18,2025-05-05,2025-05-09,Started,,
PT06058,2023-12-25,2023-12-29,2024-01-06,2024-01-08,Started,,
PT06059,2025-03-27,2025-03-31,2025-04-24,2025-04-29,Started,,
PT06060,2025-02-19,2025-02-23,2025-03-02,2025-03-12,Discontinued,2025-09-11,Cost / Affordability
PT06061,2023-07-08,2023-07-10,2023-07-20,2023-08-01,Started,,
PT06062,2025-08-31,2025-09-05,2025-09-19,2025-09-22,Started,,
PT06063,2025-07-03,2025-07-06,2025-07-29,2025-08-02,Started,,
PT06064,2023-10-09,2023-10-13,2023-10-22,2023-10-24,Started,,
PT06065,2023-11-30,2023-12-07,2023-12-28,2024-01-05,Started,,
PT06066,2024-03-30,2024-04-06,2024-04-30,,Not Started,,
PT06067,2025-03-06,2025-03-09,2025-03-20,2025-03-28,Started,,
PT06068,2024-07-13,2024-07-14,2024-07-28,2024-08-11,Started,,
PT06069,2024-11-07,2024-11-14,2024-12-05,2024-12-07,Started,,
PT06070,2025-10-15,2025-10-22,2025-11-11,2025-11-25,Started,,
PT06071,2024-04-02,2024-04-05,2024-04-24,2024-05-05,Started,,
PT06072,2025-12-25,2025-12-26,2026-01-14,2026-01-18,Discontinued,2026-09-08,Patient Decision
PT06073,2023-04-21,2023-04-24,2023-05-16,2023-05-22,Started,,
PT06074,2023-02-20,2023-02-26,2023-03-06,2023-03-18,Started,,
PT06075,2025-10-06,2025-10-10,2025-10-22,2025-11-05,Started,,
PT06076,2024-03-16,2024-03-22,2024-04-09,,Not Started,,
PT06077,2024-05-28,2024-06-04,2024-06-26,2024-07-02,Started,,
PT06078,2025-08-07,2025-08-14,2025-08-30,2025-09-09,Started,,
PT06079,2023-01-19,2023-01-20,2023-02-03,2023-02-11,Started,,
PT06080,2024-01-14,2024-01-19,2024-02-01,2024-02-14,Started,,
PT06081,2025-05-14,2025-05-19,2025-06-02,2025-06-10,Started,,
PT06082,2025-01-22,2025-01-29,2025-02-26,2025-03-05,Started,,
PT06083,2023-06-18,2023-06-25,2023-06-29,2023-07-11,Started,,
PT06084,2024-09-07,2024-09-08,2024-09-22,2024-09-30,Started,,
PT06085,2023-07-19,2023-07-24,2023-08-19,2023-09-01,Started,,
PT06086,2023-03-02,2023-03-09,2023-04-03,2023-04-06,Started,,
PT06087,2023-01-21,2023-01-25,2023-02-17,2023-02-22,Started,,
PT06088,2025-02-11,2025-02-17,2025-03-15,2025-03-21,Started,,
PT06089,2024-11-26,2024-12-03,2024-12-18,2024-12-21,Started,,
PT06090,2023-12-18,2023-12-23,2024-01-04,2024-01-06,Started,,
PT06091,2023-09-07,2023-09-09,2023-09-27,,Not Started,,
PT06092,2025-10-20,2025-10-24,2025-10-27,2025-11-10,Started,,
PT06093,2023-10-08,2023-10-12,2023-11-08,2023-11-10,Started,,
PT06094,2024-06-02,2024-06-04,2024-06-25,2024-07-02,Started,,
PT06095,2025-09-05,2025-09-11,2025-09-26,2025-10-07,Started,,
PT06096,2024-09-14,2024-09-18,2024-10-17,2024-10-30,Started,,
PT06097,2025-10-12,2025-10-19,2025-11-12,2025-11-23,Started,,
PT06098,2023-10-06,2023-10-08,2023-10-24,2023-11-04,Started,,
PT06099,2023-01-22,2023-01-24,2023-02-11,2023-02-17,Started,,
PT06100,2024-06-14,2024-06-20,2024-07-09,2024-07-17,Started,,
PT06101,2025-11-19,2025-11-22,2025-12-13,,Not Started,,
PT06102,2024-11-03,2024-11-08,2024-11-17,2024-11-29,Started,,
PT06103,2025-08-23,2025-08-30,2025-09-16,2025-09-20,Started,,
PT06104,2025-09-28,2025-09-30,2025-10-15,2025-10-23,Started,,
PT06105,2023-01-28,2023-01-30,2023-02-21,2023-03-03,Started,,
PT06106,2025-11-21,2025-11-28,2025-12-15,,Not Started,,
PT06107,2024-03-25,2024-03-28,2024-04-18,2024-04-29,Started,,
PT06108,2025-11-17,2025-11-22,2025-12-02,2025-12-04,Started,,
PT06109,2023-04-17,2023-04-18,2023-05-03,2023-05-10,Started,,
PT06110,2023-08-05,2023-08-08,2023-08-31,2023-09-08,Started,,
PT06111,2024-04-03,2024-04-09,2024-04-24,2024-04-29,Started,,
PT06112,2023-10-02,2023-10-04,2023-10-25,2023-11-07,Discontinued,2024-03-01,Adverse Event
PT06113,2024-12-10,2024-12-11,2025-01-06,2025-01-14,Started,,
PT06114,2023-09-04,2023-09-06,2023-09-22,2023-09-24,Started,,
PT06115,2025-09-30,2025-10-03,2025-10-23,2025-11-04,Discontinued,2026-04-26,Adverse Event
PT06116,2023-07-21,2023-07-28,2023-08-21,2023-08-28,Discontinued,2024-04-03,Access Issue
PT06117,2023-02-15,2023-02-17,2023-03-01,2023-03-14,Started,,
PT06118,2024-11-29,2024-11-30,2024-12-10,2024-12-18,Started,,
PT06119,2025-09-11,2025-09-15,2025-09-30,,Not Started,,
PT06120,2023-02-24,2023-03-01,2023-03-17,2023-03-27,Started,,
PT06121,2025-12-16,2025-12-21,2026-01-12,2026-01-21,Discontinued,2026-04-26,Patient Decision
PT06122,2025-08-02,2025-08-03,2025-08-20,2025-09-01,Started,,
PT06123,2024-09-17,2024-09-19,2024-09-29,2024-10-10,Started,,
PT06124,2024-12-04,2024-12-10,2024-12-24,2024-12-28,Started,,
PT06125,2023-12-07,2023-12-10,2023-12-28,2024-01-03,Started,,
PT06126,2024-05-19,2024-05-21,2024-06-05,2024-06-09,Discontinued,2025-01-04,Access Issue
PT06127,2024-01-04,2024-01-10,2024-01-24,2024-02-03,Started,,
PT06128,2024-05-11,2024-05-12,2024-05-16,2024-05-30,Started,,
PT06129,2023-09-28,2023-09-30,2023-10-17,2023-10-29,Started,,
PT06130,2025-12-02,2025-12-06,2025-12-20,,Not Started,,
PT06131,2025-04-20,2025-04-25,2025-04-30,,Not Started,,
PT06132,2023-05-09,2023-05-16,2023-06-08,2023-06-19,Started,,
PT06133,2025-02-21,2025-02-27,2025-04-03,2025-04-12,Discontinued,2025-09-16,Patient Decision
PT06134,2025-02-07,2025-02-13,2025-02-28,2025-03-10,Started,,
PT06135,2023-02-08,2023-02-09,2023-02-26,,Not Started,,
PT06136,2024-02-05,2024-02-06,2024-02-23,2024-03-04,Started,,
PT06137,2025-06-21,2025-06-24,2025-07-09,2025-07-22,Started,,
PT06138,2025-06-05,2025-06-12,2025-06-20,2025-07-04,Started,,
PT06139,2023-08-28,2023-08-31,2023-09-15,,Not Started,,
PT06140,2023-06-12,2023-06-14,2023-06-27,2023-07-10,Started,,
PT06141,2025-03-02,2025-03-07,2025-03-29,2025-04-07,Started,,
PT06142,2025-10-09,2025-10-15,2025-10-30,2025-11-12,Started,,
PT06143,2024-10-15,2024-10-17,2024-11-14,2024-11-26,Started,,
PT06144,2023-12-07,2023-12-10,2024-01-02,,Not Started,,
PT06145,2024-08-21,2024-08-25,2024-09-16,,Not Started,,
PT06146,2025-04-06,2025-04-07,2025-04-26,2025-05-03,Started,,
PT06147,2025-07-25,2025-07-26,2025-08-09,2025-08-18,Started,,
PT06148,2023-09-16,2023-09-19,2023-10-01,2023-10-12,Started,,
PT06149,2023-08-14,2023-08-20,2023-09-03,2023-09-11,Started,,
PT06150,2025-07-07,2025-07-11,2025-07-31,,Not Started,,
PT06151,2023-08-30,2023-09-03,2023-09-11,2023-09-14,Started,,
PT06152,2023-08-17,2023-08-19,2023-09-03,2023-09-05,Discontinued,2024-02-03,Access Issue
PT06153,2024-06-11,2024-06-18,2024-07-01,2024-07-05,Started,,
PT06154,2025-04-20,2025-04-25,2025-05-08,2025-05-20,Started,,
PT06155,2024-02-15,2024-02-16,2024-02-28,,Not Started,,
PT06156,2023-12-07,2023-12-14,2023-12-31,2024-01-03,Discontinued,2024-08-12,Cost / Affordability
PT06157,2024-11-06,2024-11-07,2024-11-18,2024-11-24,Started,,
PT06158,2025-02-02,2025-02-03,2025-02-20,2025-03-01,Started,,
PT06159,2025-11-30,2025-12-01,2025-12-13,2025-12-21,Discontinued,2026-03-30,Treatment Ineffectiveness
PT06160,2024-01-05,2024-01-10,2024-01-24,,Not Started,,
PT06161,2025-08-17,2025-08-20,2025-09-13,2025-09-17,Started,,
PT06162,2025-04-11,2025-04-12,2025-05-03,2025-05-17,Started,,
PT06163,2025-10-02,2025-10-04,2025-10-16,2025-10-21,Started,,
PT06164,2025-05-24,2025-05-28,2025-06-19,2025-07-01,Started,,
PT06165,2025-01-31,2025-02-02,2025-02-18,2025-03-02,Started,,
PT06166,2023-04-10,2023-04-17,2023-05-01,,Not Started,,
PT06167,2024-12-21,2024-12-25,2025-01-13,2025-01-23,Started,,
PT06168,2023-08-30,2023-09-03,2023-09-22,2023-09-28,Started,,
PT06169,2024-05-09,2024-05-15,2024-05-26,2024-05-30,Started,,
PT06170,2024-07-14,2024-07-18,2024-08-04,2024-08-10,Started,,
PT06171,2023-06-11,2023-06-16,2023-07-09,2023-07-18,Started,,
PT06172,2023-02-15,2023-02-20,2023-02-26,,Not Started,,
PT06173,2024-08-04,2024-08-10,2024-08-26,2024-08-29,Started,,
PT06174,2024-05-25,2024-05-26,2024-06-09,2024-06-22,Started,,
PT06175,2023-05-06,2023-05-13,2023-05-26,,Not Started,,
PT06176,2024-03-13,2024-03-17,2024-03-30,2024-04-09,Started,,
PT06177,2023-03-02,2023-03-06,2023-03-23,2023-03-31,Discontinued,2023-08-16,Cost / Affordability
PT06178,2023-12-05,2023-12-08,2024-01-02,2024-01-06,Discontinued,2024-05-27,Patient Decision
PT06179,2023-05-06,2023-05-12,2023-05-21,2023-06-03,Started,,
PT06180,2023-06-18,2023-06-22,2023-07-09,2023-07-21,Started,,
PT06181,2024-06-17,2024-06-20,2024-06-29,,Not Started,,
PT06182,2023-10-10,2023-10-13,2023-10-16,2023-10-25,Started,,
PT06183,2023-05-16,2023-05-22,2023-06-12,2023-06-26,Started,,
PT06184,2023-04-13,2023-04-16,2023-04-24,2023-05-02,Started,,
PT06185,2023-03-30,2023-03-31,2023-04-27,2023-05-10,Started,,
PT06186,2025-10-07,2025-10-13,2025-11-03,,Not Started,,
PT06187,2024-02-12,2024-02-15,2024-02-19,2024-02-27,Started,,
PT06188,2023-07-11,2023-07-13,2023-08-01,2023-08-11,Started,,
PT06189,2024-08-12,2024-08-16,2024-09-07,2024-09-18,Started,,
PT06190,2024-01-12,2024-01-16,2024-01-24,2024-02-07,Discontinued,2024-05-31,Patient Decision
PT06191,2024-10-05,2024-10-06,2024-10-25,,Not Started,,
PT06192,2023-03-02,2023-03-08,2023-04-02,2023-04-13,Started,,
PT06193,2024-11-28,2024-12-05,2024-12-19,2024-12-26,Started,,
PT06194,2024-06-06,2024-06-12,2024-06-17,,Not Started,,
PT06195,2024-03-18,2024-03-24,2024-04-17,2024-05-01,Started,,
PT06196,2024-12-29,2024-12-30,2025-01-11,,Not Started,,
PT06197,2024-04-05,2024-04-12,2024-05-05,2024-05-18,Started,,
PT06198,2023-05-17,2023-05-20,2023-06-13,2023-06-22,Started,,
PT06199,2025-11-17,2025-11-23,2025-12-15,2025-12-28,Started,,
PT06200,2025-05-28,2025-05-31,2025-06-25,,Not Started,,
PT06201,2025-01-22,2025-01-27,2025-02-05,2025-02-07,Started,,
PT06202,2025-02-19,2025-02-21,2025-03-12,,Not Started,,
PT06203,2025-04-12,2025-04-14,2025-04-22,2025-05-06,Started,,
PT06204,2024-09-12,2024-09-17,2024-10-09,,Not Started,,
PT06205,2023-07-21,2023-07-25,2023-08-25,2023-09-08,Discontinued,2024-02-19,Patient Decision
PT06206,2023-09-19,2023-09-26,2023-10-08,2023-10-20,Started,,
PT06207,2023-05-31,2023-06-01,2023-06-20,,Not Started,,
PT06208,2024-02-07,2024-02-08,2024-02-17,2024-03-02,Started,,
PT06209,2023-03-23,2023-03-30,2023-04-09,2023-04-13,Started,,
PT06210,2024-10-02,2024-10-03,2024-10-29,2024-11-01,Started,,
PT06211,2023-04-03,2023-04-10,2023-04-15,2023-04-19,Started,,
PT06212,2023-11-19,2023-11-26,2023-12-14,2023-12-17,Started,,
PT06213,2023-09-20,2023-09-21,2023-10-14,,Not Started,,
PT06214,2024-07-21,2024-07-26,2024-08-11,2024-08-15,Started,,
PT06215,2023-10-11,2023-10-13,2023-10-31,2023-11-14,Discontinued,2024-01-07,Adverse Event
PT06216,2023-01-12,2023-01-18,2023-02-07,2023-02-20,Started,,
PT06217,2025-05-21,2025-05-23,2025-05-31,2025-06-11,Started,,
PT06218,2024-09-06,2024-09-13,2024-10-04,2024-10-07,Started,,
PT06219,2023-08-17,2023-08-24,2023-09-06,2023-09-18,Started,,
PT06220,2025-03-13,2025-03-17,2025-04-01,2025-04-12,Started,,
PT06221,2023-02-22,2023-03-01,2023-03-14,2023-03-20,Started,,
PT06222,2023-05-15,2023-05-16,2023-05-28,2023-06-02,Started,,
PT06223,2024-05-24,2024-05-31,2024-06-28,2024-07-04,Started,,
PT06224,2025-03-09,2025-03-14,2025-04-04,2025-04-12,Started,,
PT06225,2025-04-20,2025-04-24,2025-05-09,2025-05-11,Started,,
PT06226,2023-08-11,2023-08-18,2023-08-30,2023-09-12,Started,,
PT06227,2024-01-25,2024-01-27,2024-02-16,2024-02-23,Started,,
PT06228,2023-11-26,2023-11-28,2023-12-07,2023-12-20,Started,,
PT06229,2023-03-30,2023-04-04,2023-04-10,2023-04-23,Started,,
PT06230,2024-11-25,2024-11-27,2024-12-20,2025-01-03,Started,,
PT06231,2025-02-27,2025-03-04,2025-03-29,2025-04-09,Started,,
PT06232,2024-07-16,2024-07-22,2024-08-04,2024-08-12,Started,,
PT06233,2023-06-02,2023-06-09,2023-06-28,2023-07-07,Discontinued,2023-11-06,Adverse Event
PT06234,2025-04-02,2025-04-04,2025-04-20,2025-05-04,Started,,
PT06235,2023-07-29,2023-08-05,2023-08-21,2023-08-29,Discontinued,2024-01-08,Adverse Event
PT06236,2024-06-15,2024-06-16,2024-07-03,2024-07-12,Started,,
PT06237,2024-01-02,2024-01-07,2024-02-07,2024-02-14,Started,,
PT06238,2025-03-23,2025-03-26,2025-04-21,2025-05-05,Started,,
PT06239,2024-08-03,2024-08-10,2024-08-17,2024-08-26,Started,,
PT06240,2023-06-15,2023-06-21,2023-07-08,,Not Started,,
PT06241,2025-09-16,2025-09-20,2025-10-01,2025-10-09,Discontinued,2026-04-15,Treatment Ineffectiveness
PT06242,2023-03-08,2023-03-12,2023-03-27,2023-03-29,Started,,
PT06243,2023-11-18,2023-11-21,2023-12-01,2023-12-03,Started,,
PT06244,2025-02-19,2025-02-22,2025-03-13,2025-03-22,Started,,
PT06245,2024-04-17,2024-04-18,2024-04-30,2024-05-14,Started,,
PT06246,2023-09-25,2023-09-29,2023-10-11,2023-10-23,Started,,
PT06247,2025-04-01,2025-04-06,2025-04-26,2025-05-10,Started,,
PT06248,2024-08-03,2024-08-09,2024-08-18,2024-08-30,Started,,
PT06249,2025-04-02,2025-04-06,2025-04-15,2025-04-21,Discontinued,2025-11-30,Treatment Ineffectiveness
PT06250,2025-09-20,2025-09-25,2025-10-12,2025-10-26,Started,,
PT06251,2023-03-07,2023-03-11,2023-04-07,,Not Started,,
PT06252,2025-03-12,2025-03-14,2025-04-10,2025-04-19,Started,,
PT06253,2025-03-23,2025-03-30,2025-04-12,,Not Started,,
PT06254,2023-04-07,2023-04-09,2023-04-27,,Not Started,,
PT06255,2024-09-25,2024-09-26,2024-10-02,,Not Started,,
PT06256,2023-01-23,2023-01-25,2023-02-10,2023-02-13,Started,,
PT06257,2024-03-08,2024-03-14,2024-03-24,2024-03-31,Started,,
PT06258,2023-08-02,2023-08-08,2023-08-28,2023-09-10,Started,,
PT06259,2023-12-10,2023-12-16,2023-12-31,,Not Started,,
PT06260,2024-07-29,2024-08-02,2024-08-11,2024-08-13,Started,,
PT06261,2023-03-07,2023-03-12,2023-03-31,2023-04-14,Started,,
PT06262,2023-07-11,2023-07-18,2023-08-01,2023-08-10,Started,,
PT06263,2024-03-08,2024-03-11,2024-04-02,2024-04-10,Started,,
PT06264,2025-09-21,2025-09-26,2025-10-15,2025-10-21,Started,,
PT06265,2025-02-27,2025-03-05,2025-03-29,2025-04-04,Started,,
PT06266,2023-07-01,2023-07-08,2023-07-22,2023-07-24,Started,,
PT06267,2024-01-18,2024-01-20,2024-02-21,2024-02-28,Started,,
PT06268,2023-03-13,2023-03-19,2023-04-01,2023-04-08,Started,,
PT06269,2023-07-30,2023-08-05,2023-08-22,2023-08-31,Started,,
PT06270,2023-05-12,2023-05-15,2023-06-07,2023-06-16,Discontinued,2023-10-01,Adverse Event
PT06271,2024-07-31,2024-08-06,2024-08-27,2024-09-06,Started,,
PT06272,2023-01-23,2023-01-25,2023-02-15,2023-02-22,Started,,
PT06273,2024-06-29,2024-07-02,2024-07-15,2024-07-27,Started,,
PT06274,2024-01-04,2024-01-06,2024-01-30,2024-02-02,Started,,
PT06275,2025-04-24,2025-04-30,2025-05-19,2025-05-30,Started,,
PT06276,2025-01-20,2025-01-23,2025-02-12,2025-02-21,Started,,
PT06277,2025-07-31,2025-08-07,2025-08-15,2025-08-25,Started,,
PT06278,2024-10-17,2024-10-21,2024-11-13,2024-11-19,Started,,
PT06279,2024-09-12,2024-09-16,2024-09-24,2024-09-28,Started,,
PT06280,2024-07-23,2024-07-25,2024-08-24,2024-09-01,Started,,
PT06281,2025-10-24,2025-10-30,2025-11-10,2025-11-23,Started,,
PT06282,2025-07-01,2025-07-03,2025-07-25,2025-08-02,Started,,
PT06283,2025-10-10,2025-10-13,2025-11-06,2025-11-16,Started,,
PT06284,2025-08-19,2025-08-26,2025-09-08,2025-09-21,Started,,
PT06285,2023-09-22,2023-09-27,2023-10-08,2023-10-20,Started,,
PT06286,2024-08-17,2024-08-23,2024-09-05,2024-09-15,Started,,
PT06287,2024-08-22,2024-08-23,2024-08-29,2024-09-11,Started,,
PT06288,2023-02-26,2023-03-04,2023-04-02,2023-04-12,Discontinued,2023-08-18,Patient Decision
PT06289,2023-11-06,2023-11-10,2023-11-24,2023-12-06,Started,,
PT06290,2024-06-27,2024-07-04,2024-07-26,2024-08-03,Started,,
PT06291,2024-06-13,2024-06-16,2024-07-04,2024-07-06,Started,,
PT06292,2023-08-29,2023-09-03,2023-09-11,2023-09-21,Started,,
PT06293,2024-01-07,2024-01-12,2024-01-28,2024-01-30,Discontinued,2024-06-06,Adverse Event
PT06294,2024-12-27,2025-01-03,2025-01-26,2025-02-05,Started,,
PT06295,2025-01-22,2025-01-24,2025-02-01,2025-02-11,Started,,
PT06296,2023-02-07,2023-02-11,2023-02-15,2023-02-24,Started,,
PT06297,2023-07-08,2023-07-09,2023-07-21,2023-08-02,Started,,
PT06298,2025-05-09,2025-05-13,2025-06-04,2025-06-11,Started,,
PT06299,2023-09-23,2023-09-28,2023-10-20,2023-10-24,Started,,
PT06300,2025-05-02,2025-05-06,2025-05-16,2025-05-26,Discontinued,2025-08-08,Access Issue
PT06301,2023-05-23,2023-05-25,2023-06-04,2023-06-12,Started,,
PT06302,2023-11-05,2023-11-07,2023-12-10,,Not Started,,
PT06303,2023-08-28,2023-08-30,2023-09-14,2023-09-27,Discontinued,2023-12-08,Access Issue
PT06304,2024-05-28,2024-06-01,2024-06-17,2024-06-25,Started,,
PT06305,2023-04-16,2023-04-18,2023-04-29,2023-05-04,Started,,
PT06306,2023-09-06,2023-09-13,2023-09-25,,Not Started,,
PT06307,2024-06-19,2024-06-26,2024-07-10,2024-07-20,Started,,
PT06308,2025-12-07,2025-12-10,2026-01-01,2026-01-06,Started,,
PT06309,2024-11-04,2024-11-10,2024-11-29,2024-12-05,Started,,
PT06310,2024-01-27,2024-01-29,2024-02-18,2024-02-27,Discontinued,2024-07-27,Access Issue
PT06311,2025-03-19,2025-03-26,2025-04-19,,Not Started,,
PT06312,2024-01-13,2024-01-18,2024-02-04,2024-02-06,Started,,
PT06313,2025-01-04,2025-01-06,2025-01-19,2025-01-21,Started,,
PT06314,2024-02-28,2024-03-04,2024-03-16,2024-03-26,Started,,
PT06315,2025-11-20,2025-11-21,2025-12-26,2025-12-30,Started,,
PT06316,2025-05-26,2025-06-02,2025-06-22,2025-07-05,Started,,
PT06317,2023-02-14,2023-02-19,2023-03-06,2023-03-09,Started,,
PT06318,2024-02-22,2024-02-26,2024-03-02,2024-03-14,Started,,
PT06319,2024-08-21,2024-08-23,2024-09-05,2024-09-18,Started,,
PT06320,2023-01-09,2023-01-12,2023-01-23,2023-02-02,Started,,
PT06321,2024-01-23,2024-01-24,2024-02-13,2024-02-22,Started,,
PT06322,2023-01-28,2023-02-03,2023-02-11,2023-02-25,Started,,
PT06323,2023-11-25,2023-11-29,2023-12-12,2023-12-25,Started,,
PT06324,2024-08-12,2024-08-15,2024-08-26,2024-08-28,Started,,
PT06325,2024-11-30,2024-12-07,2025-01-08,2025-01-18,Started,,
PT06326,2023-03-08,2023-03-14,2023-03-19,,Not Started,,
PT06327,2023-09-29,2023-10-06,2023-10-30,2023-11-12,Discontinued,2024-05-12,Cost / Affordability
PT06328,2023-10-18,2023-10-21,2023-11-10,,Not Started,,
PT06329,2023-07-11,2023-07-17,2023-07-27,2023-08-02,Discontinued,2023-11-14,Patient Decision
PT06330,2023-07-07,2023-07-12,2023-07-28,2023-08-10,Discontinued,2023-09-26,Access Issue
PT06331,2023-01-24,2023-01-31,2023-02-13,2023-02-17,Started,,
PT06332,2024-06-06,2024-06-10,2024-06-26,,Not Started,,
PT06333,2023-04-09,2023-04-10,2023-04-28,2023-05-06,Started,,
PT06334,2023-05-02,2023-05-09,2023-05-26,2023-05-29,Discontinued,2023-12-25,Treatment Ineffectiveness
PT06335,2024-02-09,2024-02-16,2024-02-27,2024-03-04,Started,,
PT06336,2023-08-26,2023-08-31,2023-09-13,2023-09-26,Started,,
PT06337,2024-08-23,2024-08-25,2024-09-04,,Not Started,,
PT06338,2024-01-13,2024-01-17,2024-02-06,2024-02-08,Started,,
PT06339,2023-12-10,2023-12-16,2024-01-14,2024-01-21,Discontinued,2024-06-06,Cost / Affordability
PT06340,2024-10-22,2024-10-24,2024-10-27,2024-11-10,Started,,
PT06341,2025-04-24,2025-04-30,2025-05-20,,Not Started,,
PT06342,2024-09-05,2024-09-11,2024-09-22,2024-09-27,Started,,
PT06343,2023-06-20,2023-06-26,2023-07-09,2023-07-23,Started,,
PT06344,2023-05-30,2023-06-02,2023-06-10,2023-06-16,Started,,
PT06345,2024-05-18,2024-05-21,2024-06-14,2024-06-21,Started,,
PT06346,2024-01-16,2024-01-23,2024-02-12,2024-02-23,Started,,
PT06347,2025-12-27,2026-01-02,2026-01-25,2026-02-05,Discontinued,2026-04-15,Cost / Affordability
PT06348,2025-01-11,2025-01-12,2025-01-25,2025-01-30,Started,,
PT06349,2025-01-05,2025-01-08,2025-01-17,2025-01-30,Discontinued,2025-07-09,Patient Decision
PT06350,2025-03-30,2025-03-31,2025-04-29,2025-05-10,Started,,
PT06351,2023-02-04,2023-02-05,2023-02-21,2023-02-26,Discontinued,2023-09-05,Patient Decision
PT06352,2025-09-27,2025-09-28,2025-10-01,2025-10-14,Started,,
PT06353,2023-08-03,2023-08-04,2023-08-25,2023-08-30,Started,,
PT06354,2025-08-01,2025-08-02,2025-08-10,2025-08-14,Started,,
PT06355,2023-02-01,2023-02-02,2023-02-25,2023-03-05,Started,,
PT06356,2025-10-02,2025-10-06,2025-10-25,,Not Started,,
PT06357,2025-08-10,2025-08-16,2025-08-27,2025-09-04,Started,,
PT06358,2023-04-03,2023-04-06,2023-04-20,2023-05-03,Started,,
PT06359,2024-02-13,2024-02-20,2024-03-09,2024-03-15,Started,,
PT06360,2024-02-15,2024-02-22,2024-03-03,2024-03-08,Started,,
PT06361,2025-06-26,2025-07-02,2025-07-25,2025-08-08,Started,,
PT06362,2024-08-08,2024-08-15,2024-09-12,,Not Started,,
PT06363,2025-04-13,2025-04-20,2025-05-19,2025-05-27,Discontinued,2025-08-13,Adverse Event
PT06364,2025-10-22,2025-10-27,2025-11-13,2025-11-16,Started,,
PT06365,2025-12-06,2025-12-09,2026-01-09,,Not Started,,
PT06366,2025-12-29,2026-01-04,2026-01-22,2026-01-24,Started,,
PT06367,2023-12-24,2023-12-28,2024-01-26,2024-01-29,Started,,
PT06368,2023-02-09,2023-02-13,2023-02-25,2023-03-01,Started,,
PT06369,2025-04-10,2025-04-14,2025-04-29,2025-05-13,Started,,
PT06370,2023-07-26,2023-07-29,2023-08-13,2023-08-17,Started,,
PT06371,2023-12-25,2023-12-29,2024-01-04,2024-01-16,Started,,
PT06372,2025-03-17,2025-03-20,2025-04-08,2025-04-10,Started,,
PT06373,2024-01-23,2024-01-27,2024-02-16,2024-02-27,Started,,
PT06374,2023-09-17,2023-09-24,2023-10-13,,Not Started,,
PT06375,2025-01-26,2025-01-31,2025-02-10,2025-02-23,Started,,
PT06376,2023-06-12,2023-06-17,2023-07-03,2023-07-12,Discontinued,2023-10-17,Access Issue
PT06377,2024-09-02,2024-09-07,2024-09-22,2024-10-05,Started,,
PT06378,2024-10-08,2024-10-10,2024-10-30,2024-11-12,Started,,
PT06379,2024-03-23,2024-03-25,2024-03-30,2024-04-02,Discontinued,2024-10-20,Access Issue
PT06380,2025-04-10,2025-04-12,2025-05-05,2025-05-13,Started,,
PT06381,2023-01-28,2023-02-03,2023-02-27,2023-03-02,Discontinued,2023-05-08,Cost / Affordability
PT06382,2025-11-09,2025-11-13,2025-11-30,,Not Started,,
PT06383,2024-05-28,2024-06-01,2024-06-05,2024-06-18,Discontinued,2025-01-15,Adverse Event
PT06384,2025-06-24,2025-06-26,2025-07-20,,Not Started,,
PT06385,2025-11-12,2025-11-16,2025-12-08,2025-12-13,Discontinued,2026-03-15,Adverse Event
PT06386,2025-03-05,2025-03-11,2025-04-05,2025-04-12,Started,,
PT06387,2024-10-19,2024-10-20,2024-11-04,,Not Started,,
PT06388,2023-06-16,2023-06-22,2023-07-08,,Not Started,,
PT06389,2025-06-09,2025-06-10,2025-06-17,2025-06-26,Discontinued,2025-09-01,Patient Decision
PT06390,2023-03-08,2023-03-13,2023-04-04,2023-04-08,Discontinued,2023-07-16,Adverse Event
PT06391,2025-06-25,2025-07-01,2025-07-13,2025-07-25,Started,,
PT06392,2024-08-20,2024-08-25,2024-09-10,2024-09-24,Started,,
PT06393,2025-11-20,2025-11-21,2025-12-04,2025-12-16,Started,,
PT06394,2025-05-21,2025-05-27,2025-06-10,,Not Started,,
PT06395,2023-02-13,2023-02-17,2023-03-18,,Not Started,,
PT06396,2025-05-16,2025-05-19,2025-06-04,,Not Started,,
PT06397,2025-08-18,2025-08-20,2025-08-27,2025-08-31,Started,,
PT06398,2025-08-09,2025-08-13,2025-09-05,2025-09-17,Discontinued,2026-01-06,Access Issue
PT06399,2025-11-09,2025-11-12,2025-12-02,2025-12-14,Started,,
PT06400,2024-02-07,2024-02-12,2024-02-28,2024-03-09,Started,,
PT06401,2024-09-03,2024-09-08,2024-09-22,2024-09-30,Started,,
PT06402,2023-06-06,2023-06-10,2023-06-17,2023-06-30,Started,,
PT06403,2024-11-06,2024-11-08,2024-12-02,,Not Started,,
PT06404,2023-07-30,2023-08-03,2023-08-26,2023-09-07,Started,,
PT06405,2023-08-22,2023-08-25,2023-09-15,2023-09-27,Started,,
PT06406,2023-05-12,2023-05-17,2023-06-07,2023-06-19,Started,,
PT06407,2023-01-14,2023-01-21,2023-02-04,,Not Started,,
PT06408,2024-09-20,2024-09-21,2024-09-30,2024-10-07,Started,,
PT06409,2023-03-09,2023-03-12,2023-03-18,2023-03-27,Started,,
PT06410,2023-10-31,2023-11-03,2023-11-12,2023-11-22,Started,,
PT06411,2025-05-26,2025-05-31,2025-06-23,2025-06-25,Started,,
PT06412,2024-01-06,2024-01-08,2024-01-30,2024-02-06,Started,,
PT06413,2024-05-20,2024-05-27,2024-06-09,2024-06-19,Started,,
PT06414,2025-10-19,2025-10-20,2025-11-06,2025-11-10,Started,,
PT06415,2023-03-10,2023-03-11,2023-03-25,,Not Started,,
PT06416,2024-11-15,2024-11-20,2024-12-11,2024-12-13,Discontinued,2025-05-15,Treatment Ineffectiveness
PT06417,2025-01-01,2025-01-08,2025-02-13,2025-02-17,Started,,
PT06418,2025-12-17,2025-12-19,2026-01-09,2026-01-18,Started,,
PT06419,2024-11-12,2024-11-13,2024-11-27,2024-12-10,Started,,
PT06420,2024-05-29,2024-06-03,2024-06-14,,Not Started,,
PT06421,2025-09-04,2025-09-10,2025-10-07,2025-10-16,Started,,
PT06422,2024-09-04,2024-09-09,2024-09-20,,Not Started,,
PT06423,2025-04-09,2025-04-15,2025-05-08,2025-05-17,Started,,
PT06424,2024-10-17,2024-10-20,2024-11-04,2024-11-08,Started,,
PT06425,2024-01-09,2024-01-13,2024-02-03,,Not Started,,
PT06426,2025-06-19,2025-06-23,2025-07-15,2025-07-23,Started,,
PT06427,2024-10-19,2024-10-21,2024-11-02,2024-11-15,Started,,
PT06428,2024-06-19,2024-06-21,2024-07-07,2024-07-10,Started,,
PT06429,2024-04-26,2024-04-29,2024-05-29,2024-06-04,Started,,
PT06430,2023-08-30,2023-09-02,2023-09-18,2023-09-27,Started,,
PT06431,2024-02-02,2024-02-07,2024-02-22,,Not Started,,
PT06432,2025-12-30,2026-01-01,2026-01-20,2026-01-27,Started,,
PT06433,2023-12-23,2023-12-26,2024-01-17,,Not Started,,
PT06434,2025-01-05,2025-01-08,2025-01-26,2025-02-01,Started,,
PT06435,2023-09-13,2023-09-16,2023-09-28,2023-10-12,Started,,
PT06436,2023-11-26,2023-12-03,2023-12-06,2023-12-09,Started,,
PT06437,2025-03-11,2025-03-16,2025-03-26,2025-03-28,Discontinued,2025-08-24,Patient Decision
PT06438,2023-12-02,2023-12-06,2023-12-26,2023-12-29,Discontinued,2024-04-16,Adverse Event
PT06439,2024-07-08,2024-07-13,2024-08-04,2024-08-16,Started,,
PT06440,2023-07-08,2023-07-10,2023-08-01,2023-08-13,Discontinued,2024-01-19,Access Issue
PT06441,2024-03-08,2024-03-10,2024-03-19,2024-03-30,Started,,
PT06442,2024-11-12,2024-11-18,2024-12-01,2024-12-03,Discontinued,2025-02-02,Adverse Event
PT06443,2023-01-26,2023-01-28,2023-02-25,2023-03-07,Started,,
PT06444,2025-10-21,2025-10-23,2025-11-03,,Not Started,,
PT06445,2023-04-18,2023-04-23,2023-05-05,2023-05-13,Discontinued,2023-11-14,Adverse Event
PT06446,2023-07-22,2023-07-27,2023-08-13,2023-08-15,Started,,
PT06447,2023-02-22,2023-03-01,2023-03-15,2023-03-22,Discontinued,2023-07-31,Access Issue
PT06448,2025-04-14,2025-04-19,2025-04-26,2025-05-05,Started,,
PT06449,2024-11-04,2024-11-09,2024-11-25,2024-12-08,Started,,
PT06450,2023-11-27,2023-12-02,2023-12-11,,Not Started,,
PT06451,2024-05-20,2024-05-26,2024-06-14,2024-06-18,Started,,
PT06452,2023-09-29,2023-10-04,2023-10-23,2023-11-04,Discontinued,2024-05-10,Cost / Affordability
PT06453,2023-04-26,2023-05-02,2023-05-24,2023-05-28,Started,,
PT06454,2024-07-07,2024-07-14,2024-08-06,2024-08-17,Started,,
PT06455,2025-08-27,2025-08-29,2025-09-23,2025-10-05,Started,,
PT06456,2023-02-17,2023-02-24,2023-03-04,2023-03-11,Discontinued,2023-08-19,Patient Decision
PT06457,2025-06-16,2025-06-21,2025-07-10,2025-07-24,Started,,
PT06458,2024-08-25,2024-08-26,2024-09-16,2024-09-22,Started,,
PT06459,2024-09-09,2024-09-11,2024-09-30,2024-10-13,Started,,
PT06460,2024-04-01,2024-04-03,2024-04-17,2024-04-28,Started,,
PT06461,2025-06-02,2025-06-07,2025-06-23,2025-06-28,Started,,
PT06462,2024-09-26,2024-09-29,2024-10-31,2024-11-04,Started,,
PT06463,2023-11-16,2023-11-20,2023-11-27,2023-12-04,Started,,
PT06464,2024-07-09,2024-07-15,2024-07-19,2024-07-29,Started,,
PT06465,2025-09-23,2025-09-29,2025-10-04,2025-10-08,Discontinued,2026-04-26,Cost / Affordability
PT06466,2024-03-28,2024-03-30,2024-04-18,2024-04-26,Started,,
PT06467,2024-12-07,2024-12-13,2024-12-28,2025-01-04,Started,,
PT06468,2025-01-19,2025-01-26,2025-02-14,2025-02-16,Started,,
PT06469,2023-12-05,2023-12-08,2023-12-29,2024-01-11,Started,,
PT06470,2023-06-12,2023-06-13,2023-07-02,,Not Started,,
PT06471,2024-12-30,2025-01-02,2025-01-21,,Not Started,,
PT06472,2024-10-07,2024-10-08,2024-11-08,2024-11-14,Started,,
PT06473,2023-07-02,2023-07-09,2023-07-30,2023-08-07,Started,,
PT06474,2024-05-02,2024-05-06,2024-05-28,2024-06-03,Started,,
PT06475,2025-10-29,2025-10-31,2025-11-14,,Not Started,,
PT06476,2023-02-12,2023-02-16,2023-02-28,2023-03-09,Discontinued,2023-09-21,Cost / Affordability
PT06477,2025-10-10,2025-10-13,2025-11-03,2025-11-10,Started,,
PT06478,2025-11-14,2025-11-20,2025-12-18,,Not Started,,
PT06479,2025-01-07,2025-01-12,2025-01-19,2025-01-21,Started,,
PT06480,2024-12-11,2024-12-14,2025-01-02,2025-01-08,Started,,
PT06481,2023-10-13,2023-10-17,2023-11-09,2023-11-12,Started,,
PT06482,2024-12-03,2024-12-06,2024-12-31,2025-01-10,Started,,
PT06483,2023-10-18,2023-10-24,2023-11-06,2023-11-08,Discontinued,2024-02-21,Adverse Event
PT06484,2023-07-22,2023-07-26,2023-08-17,2023-08-30,Started,,
PT06485,2023-06-29,2023-07-04,2023-07-17,2023-07-21,Discontinued,2023-10-16,Treatment Ineffectiveness
PT06486,2024-08-31,2024-09-05,2024-10-06,2024-10-20,Started,,
PT06487,2025-04-04,2025-04-11,2025-04-26,2025-05-09,Discontinued,2025-10-14,Adverse Event
PT06488,2023-02-15,2023-02-16,2023-03-17,2023-03-19,Started,,
PT06489,2023-03-30,2023-04-06,2023-05-02,,Not Started,,
PT06490,2025-09-08,2025-09-10,2025-09-22,2025-10-06,Started,,
PT06491,2023-03-16,2023-03-21,2023-04-05,2023-04-16,Started,,
PT06492,2023-05-11,2023-05-13,2023-06-09,2023-06-21,Started,,
PT06493,2024-03-19,2024-03-23,2024-04-20,2024-04-27,Started,,
PT06494,2025-04-21,2025-04-26,2025-05-10,2025-05-23,Discontinued,2025-11-27,Cost / Affordability
PT06495,2023-06-16,2023-06-21,2023-07-01,2023-07-08,Started,,
PT06496,2023-01-17,2023-01-23,2023-02-17,2023-02-19,Started,,
PT06497,2023-06-25,2023-07-02,2023-07-29,2023-08-04,Started,,
PT06498,2023-09-26,2023-09-27,2023-10-26,,Not Started,,
PT06499,2025-03-08,2025-03-11,2025-03-16,2025-03-29,Started,,
PT06500,2025-04-18,2025-04-25,2025-05-16,2025-05-19,Started,,
PT06501,2024-02-21,2024-02-27,2024-03-06,,Not Started,,
PT06502,2024-09-16,2024-09-22,2024-10-05,2024-10-17,Started,,
PT06503,2024-04-07,2024-04-10,2024-04-25,2024-04-28,Started,,
PT06504,2023-09-12,2023-09-17,2023-09-28,2023-10-02,Started,,
PT06505,2024-01-23,2024-01-26,2024-02-17,2024-02-26,Started,,
PT06506,2023-07-11,2023-07-15,2023-08-06,2023-08-10,Started,,
PT06507,2025-08-14,2025-08-17,2025-08-27,2025-09-05,Started,,
PT06508,2024-11-24,2024-11-28,2024-12-18,2024-12-23,Started,,
PT06509,2025-03-26,2025-03-27,2025-04-14,2025-04-28,Started,,
PT06510,2025-12-25,2025-12-30,2026-01-26,2026-02-07,Started,,
PT06511,2024-06-14,2024-06-17,2024-06-29,2024-07-08,Discontinued,2024-09-09,Cost / Affordability
PT06512,2025-03-15,2025-03-16,2025-04-07,2025-04-09,Started,,
PT06513,2023-03-20,2023-03-23,2023-04-10,2023-04-13,Started,,
PT06514,2024-04-14,2024-04-15,2024-05-01,2024-05-07,Started,,
PT06515,2024-07-27,2024-07-29,2024-08-21,2024-08-27,Started,,
PT06516,2023-09-04,2023-09-10,2023-09-30,2023-10-10,Started,,
PT06517,2025-10-07,2025-10-08,2025-10-20,2025-10-25,Started,,
PT06518,2023-07-27,2023-08-01,2023-08-31,2023-09-05,Started,,
PT06519,2025-07-07,2025-07-08,2025-07-17,2025-07-30,Started,,
PT06520,2025-01-23,2025-01-24,2025-02-01,2025-02-11,Started,,
PT06521,2023-01-21,2023-01-28,2023-02-11,2023-02-13,Started,,
PT06522,2024-03-12,2024-03-19,2024-04-12,2024-04-24,Started,,
PT06523,2023-06-11,2023-06-15,2023-07-12,2023-07-25,Started,,
PT06524,2023-03-10,2023-03-17,2023-04-13,,Not Started,,
PT06525,2024-07-07,2024-07-10,2024-07-17,2024-07-31,Started,,
PT06526,2025-09-06,2025-09-13,2025-10-07,2025-10-17,Started,,
PT06527,2025-04-13,2025-04-18,2025-05-09,,Not Started,,
PT06528,2023-12-19,2023-12-20,2024-01-11,2024-01-23,Started,,
PT06529,2024-01-29,2024-02-04,2024-02-17,2024-02-26,Discontinued,2024-09-21,Adverse Event
PT06530,2023-09-04,2023-09-07,2023-09-30,2023-10-11,Started,,
PT06531,2023-07-13,2023-07-16,2023-08-06,2023-08-18,Started,,
PT06532,2023-10-23,2023-10-29,2023-11-28,2023-12-02,Started,,
PT06533,2023-04-29,2023-05-04,2023-05-30,2023-06-02,Started,,
PT06534,2024-08-11,2024-08-18,2024-08-29,2024-09-02,Discontinued,2025-03-12,Treatment Ineffectiveness
PT06535,2025-01-29,2025-01-30,2025-02-14,2025-02-28,Started,,
PT06536,2023-03-10,2023-03-17,2023-03-30,2023-04-12,Started,,
PT06537,2025-12-21,2025-12-25,2026-01-12,2026-01-17,Started,,
PT06538,2025-11-25,2025-11-30,2025-12-20,2025-12-25,Discontinued,2026-03-17,Cost / Affordability
PT06539,2023-01-10,2023-01-15,2023-02-06,2023-02-19,Started,,
PT06540,2024-09-09,2024-09-13,2024-10-09,,Not Started,,
PT06541,2024-06-18,2024-06-20,2024-06-29,2024-07-13,Started,,
PT06542,2024-04-08,2024-04-11,2024-04-26,2024-05-06,Discontinued,2024-08-23,Cost / Affordability
PT06543,2025-01-10,2025-01-12,2025-02-05,2025-02-19,Started,,
PT06544,2025-05-20,2025-05-23,2025-06-03,2025-06-10,Started,,
PT06545,2024-05-12,2024-05-13,2024-05-27,2024-06-02,Started,,
PT06546,2023-06-28,2023-07-01,2023-07-13,2023-07-16,Started,,
PT06547,2023-07-23,2023-07-29,2023-08-14,2023-08-16,Started,,
PT06548,2025-07-11,2025-07-12,2025-07-27,2025-08-10,Started,,
PT06549,2024-08-01,2024-08-07,2024-08-25,2024-08-27,Started,,
PT06550,2024-06-22,2024-06-26,2024-07-08,2024-07-19,Started,,
PT06551,2024-09-11,2024-09-16,2024-10-06,2024-10-16,Started,,
PT06552,2023-08-31,2023-09-07,2023-09-24,2023-10-07,Started,,
PT06553,2023-08-01,2023-08-05,2023-08-15,2023-08-23,Discontinued,2024-01-20,Adverse Event
PT06554,2024-02-02,2024-02-03,2024-02-23,2024-03-08,Started,,
PT06555,2024-11-12,2024-11-18,2024-11-29,2024-12-12,Started,,
PT06556,2023-01-11,2023-01-15,2023-02-03,2023-02-16,Started,,
PT06557,2025-08-05,2025-08-11,2025-08-19,2025-08-21,Started,,
PT06558,2025-07-24,2025-07-26,2025-08-08,2025-08-19,Started,,
PT06559,2023-11-26,2023-11-29,2023-12-13,2023-12-20,Started,,
PT06560,2024-06-01,2024-06-03,2024-06-23,,Not Started,,
PT06561,2024-04-10,2024-04-16,2024-05-11,2024-05-14,Started,,
PT06562,2025-07-01,2025-07-08,2025-07-31,2025-08-14,Started,,
PT06563,2023-10-17,2023-10-20,2023-11-09,2023-11-19,Started,,
PT06564,2023-04-29,2023-05-02,2023-05-20,2023-05-23,Started,,
PT06565,2023-06-07,2023-06-09,2023-07-10,,Not Started,,
PT06566,2023-10-09,2023-10-12,2023-10-31,2023-11-03,Discontinued,2024-02-12,Patient Decision
PT06567,2025-09-23,2025-09-24,2025-10-06,,Not Started,,
PT06568,2024-05-21,2024-05-24,2024-05-31,2024-06-14,Started,,
PT06569,2024-10-02,2024-10-03,2024-10-10,,Not Started,,
PT06570,2023-04-19,2023-04-25,2023-05-01,2023-05-07,Started,,
PT06571,2025-06-06,2025-06-10,2025-07-08,2025-07-15,Started,,
PT06572,2025-11-14,2025-11-21,2025-12-18,2025-12-29,Discontinued,2026-08-07,Access Issue
PT06573,2024-03-15,2024-03-18,2024-04-10,,Not Started,,
PT06574,2023-04-15,2023-04-16,2023-04-30,2023-05-02,Started,,
PT06575,2023-10-27,2023-11-01,2023-11-18,2023-11-27,Discontinued,2024-03-16,Patient Decision
PT06576,2024-07-08,2024-07-12,2024-07-28,2024-07-30,Started,,
PT06577,2025-11-10,2025-11-12,2025-11-25,2025-12-08,Started,,
PT06578,2025-04-14,2025-04-17,2025-05-08,2025-05-11,Started,,
PT06579,2025-08-21,2025-08-22,2025-09-18,2025-09-25,Started,,
PT06580,2025-09-21,2025-09-25,2025-10-12,2025-10-26,Started,,
PT06581,2024-08-16,2024-08-19,2024-08-22,2024-09-02,Started,,
PT06582,2024-12-09,2024-12-15,2025-01-04,2025-01-18,Started,,
PT06583,2023-04-08,2023-04-15,2023-05-06,2023-05-13,Discontinued,2023-08-27,Cost / Affordability
PT06584,2024-08-05,2024-08-12,2024-09-06,2024-09-11,Started,,
PT06585,2025-04-03,2025-04-06,2025-04-13,2025-04-25,Started,,
PT06586,2024-12-31,2025-01-01,2025-01-28,2025-01-31,Started,,
PT06587,2023-11-03,2023-11-10,2023-11-26,2023-12-09,Discontinued,2024-05-08,Adverse Event
PT06588,2025-05-08,2025-05-11,2025-05-25,2025-05-31,Started,,
PT06589,2023-01-13,2023-01-17,2023-02-06,2023-02-15,Started,,
PT06590,2023-05-28,2023-05-31,2023-06-16,2023-06-21,Started,,
PT06591,2023-11-21,2023-11-27,2023-11-30,2023-12-14,Started,,
PT06592,2025-08-15,2025-08-20,2025-09-05,,Not Started,,
PT06593,2025-10-25,2025-10-30,2025-11-13,2025-11-15,Started,,
PT06594,2025-10-28,2025-11-01,2025-11-07,2025-11-18,Started,,
PT06595,2025-05-14,2025-05-18,2025-06-16,2025-06-26,Started,,
PT06596,2023-09-17,2023-09-18,2023-10-06,2023-10-17,Started,,
PT06597,2025-03-13,2025-03-18,2025-04-07,2025-04-13,Started,,
PT06598,2025-01-28,2025-02-02,2025-02-21,2025-03-01,Started,,
PT06599,2025-12-26,2026-01-01,2026-01-11,,Not Started,,
PT06600,2025-03-09,2025-03-13,2025-03-26,2025-04-03,Started,,
PT06601,2025-10-23,2025-10-25,2025-11-17,2025-11-21,Started,,
PT06602,2023-11-08,2023-11-11,2023-12-03,2023-12-17,Started,,
PT06603,2024-11-01,2024-11-05,2024-11-24,2024-12-04,Started,,
PT06604,2025-08-27,2025-08-28,2025-09-03,2025-09-12,Started,,
PT06605,2023-01-05,2023-01-08,2023-01-18,2023-01-30,Started,,
PT06606,2025-09-04,2025-09-09,2025-09-29,2025-10-05,Started,,
PT06607,2025-02-21,2025-02-28,2025-03-15,2025-03-17,Started,,
PT06608,2024-04-15,2024-04-18,2024-05-10,2024-05-12,Started,,
PT06609,2025-11-04,2025-11-10,2025-11-29,,Not Started,,
PT06610,2025-09-08,2025-09-09,2025-09-14,2025-09-16,Started,,
PT06611,2023-02-01,2023-02-07,2023-03-05,,Not Started,,
PT06612,2023-10-19,2023-10-26,2023-11-01,2023-11-06,Started,,
PT06613,2025-08-26,2025-08-29,2025-09-17,2025-09-20,Started,,
PT06614,2023-05-10,2023-05-13,2023-05-25,2023-06-05,Started,,
PT06615,2023-01-24,2023-01-30,2023-02-23,2023-02-27,Started,,
PT06616,2024-08-24,2024-08-27,2024-09-23,2024-10-01,Started,,
PT06617,2024-03-28,2024-04-04,2024-04-18,2024-04-29,Discontinued,2024-09-29,Treatment Ineffectiveness
PT06618,2024-06-09,2024-06-10,2024-06-22,2024-06-29,Started,,
PT06619,2023-12-13,2023-12-20,2024-01-06,2024-01-17,Started,,
PT06620,2024-06-15,2024-06-19,2024-07-03,2024-07-09,Started,,
PT06621,2024-12-05,2024-12-10,2024-12-26,2024-12-31,Started,,
PT06622,2025-10-03,2025-10-09,2025-11-01,2025-11-14,Discontinued,2026-04-07,Access Issue
PT06623,2024-04-05,2024-04-09,2024-04-29,2024-05-04,Started,,
PT06624,2024-06-12,2024-06-16,2024-07-21,2024-07-24,Started,,
PT06625,2023-12-19,2023-12-20,2024-01-05,2024-01-19,Discontinued,2024-09-08,Patient Decision
PT06626,2024-06-08,2024-06-15,2024-06-25,2024-06-28,Started,,
PT06627,2025-06-04,2025-06-07,2025-06-11,,Not Started,,
PT06628,2023-11-28,2023-12-05,2023-12-19,2023-12-24,Started,,
PT06629,2023-02-23,2023-02-24,2023-03-07,2023-03-15,Started,,
PT06630,2024-03-29,2024-04-04,2024-04-30,2024-05-06,Started,,
PT06631,2024-12-24,2024-12-30,2025-01-16,2025-01-28,Started,,
PT06632,2023-03-31,2023-04-04,2023-04-29,2023-05-10,Started,,
PT06633,2025-10-11,2025-10-13,2025-10-20,2025-11-01,Started,,
PT06634,2024-05-22,2024-05-25,2024-06-12,,Not Started,,
PT06635,2024-06-02,2024-06-08,2024-07-03,2024-07-14,Started,,
PT06636,2023-02-07,2023-02-10,2023-03-11,2023-03-22,Started,,
PT06637,2024-01-19,2024-01-22,2024-02-11,2024-02-24,Started,,
PT06638,2023-03-02,2023-03-06,2023-03-20,2023-03-31,Started,,
PT06639,2024-10-18,2024-10-20,2024-11-04,2024-11-06,Started,,
PT06640,2023-11-25,2023-11-28,2023-12-20,,Not Started,,
PT06641,2024-10-02,2024-10-03,2024-10-26,2024-11-09,Started,,
PT06642,2023-01-17,2023-01-20,2023-02-03,2023-02-17,Started,,
PT06643,2023-12-25,2023-12-31,2024-01-07,2024-01-12,Discontinued,2024-07-20,Cost / Affordability
PT06644,2023-03-10,2023-03-12,2023-03-28,2023-04-06,Discontinued,2023-11-18,Patient Decision
PT06645,2023-03-24,2023-03-29,2023-04-16,2023-04-28,Started,,
PT06646,2025-02-18,2025-02-20,2025-03-03,2025-03-15,Started,,
PT06647,2024-03-06,2024-03-11,2024-03-18,,Not Started,,
PT06648,2023-11-19,2023-11-26,2023-12-22,2024-01-01,Started,,
PT06649,2024-05-10,2024-05-17,2024-06-02,2024-06-07,Started,,
PT06650,2025-05-14,2025-05-18,2025-06-14,2025-06-24,Started,,
PT06651,2025-06-16,2025-06-20,2025-07-03,2025-07-13,Started,,
PT06652,2025-12-24,2025-12-31,2026-02-03,2026-02-06,Started,,
PT06653,2025-11-28,2025-12-05,2025-12-28,2026-01-07,Started,,
PT06654,2025-03-10,2025-03-13,2025-04-05,,Not Started,,
PT06655,2025-10-08,2025-10-13,2025-11-01,2025-11-04,Started,,
PT06656,2024-05-24,2024-05-29,2024-06-19,2024-06-25,Started,,
PT06657,2024-02-28,2024-03-04,2024-03-19,2024-03-23,Started,,
PT06658,2023-08-26,2023-08-31,2023-09-09,2023-09-19,Started,,
PT06659,2023-01-08,2023-01-11,2023-01-30,2023-02-05,Started,,
PT06660,2024-04-21,2024-04-25,2024-05-24,2024-05-27,Started,,
PT06661,2024-10-18,2024-10-21,2024-11-05,,Not Started,,
PT06662,2023-05-07,2023-05-12,2023-05-30,2023-06-09,Started,,
PT06663,2025-09-29,2025-10-02,2025-10-20,2025-10-30,Started,,
PT06664,2025-02-28,2025-03-04,2025-03-12,2025-03-26,Started,,
PT06665,2024-05-13,2024-05-15,2024-05-27,2024-06-03,Discontinued,2024-09-09,Patient Decision
PT06666,2024-02-02,2024-02-06,2024-02-21,2024-03-04,Discontinued,2024-04-27,Treatment Ineffectiveness
PT06667,2024-01-16,2024-01-23,2024-02-12,2024-02-20,Started,,
PT06668,2024-07-23,2024-07-30,2024-08-06,2024-08-19,Started,,
PT06669,2025-01-01,2025-01-03,2025-01-28,2025-02-09,Started,,
PT06670,2024-10-19,2024-10-20,2024-10-24,2024-11-05,Started,,
PT06671,2023-05-04,2023-05-06,2023-05-21,2023-05-28,Started,,
PT06672,2023-03-24,2023-03-29,2023-04-19,,Not Started,,
PT06673,2025-11-08,2025-11-10,2025-11-29,2025-12-09,Started,,
PT06674,2023-04-08,2023-04-15,2023-05-02,2023-05-11,Started,,
PT06675,2025-05-31,2025-06-06,2025-06-15,2025-06-27,Started,,
PT06676,2025-02-15,2025-02-17,2025-03-01,,Not Started,,
PT06677,2025-08-23,2025-08-24,2025-09-08,2025-09-14,Started,,
PT06678,2025-09-15,2025-09-17,2025-09-20,,Not Started,,
PT06679,2024-06-01,2024-06-08,2024-07-01,2024-07-12,Discontinued,2024-09-07,Adverse Event
PT06680,2025-12-22,2025-12-23,2026-01-02,,Not Started,,
PT06681,2025-07-20,2025-07-25,2025-08-07,2025-08-18,Started,,
PT06682,2023-03-15,2023-03-22,2023-04-13,2023-04-23,Started,,
PT06683,2023-04-02,2023-04-08,2023-04-26,2023-05-05,Started,,
PT06684,2025-12-01,2025-12-05,2026-01-02,2026-01-06,Started,,
PT06685,2025-10-05,2025-10-09,2025-10-21,2025-10-28,Started,,
PT06686,2023-06-18,2023-06-25,2023-06-30,2023-07-02,Started,,
PT06687,2023-08-09,2023-08-13,2023-08-20,2023-08-25,Started,,
PT06688,2024-05-28,2024-05-29,2024-06-09,2024-06-22,Discontinued,2024-08-30,Treatment Ineffectiveness
PT06689,2023-07-07,2023-07-14,2023-08-05,2023-08-15,Started,,
PT06690,2023-12-03,2023-12-09,2024-01-02,2024-01-15,Started,,
PT06691,2025-10-22,2025-10-27,2025-11-11,2025-11-15,Started,,
PT06692,2023-11-29,2023-12-05,2023-12-14,2023-12-18,Discontinued,2024-04-14,Cost / Affordability
PT06693,2024-04-24,2024-04-25,2024-05-17,2024-05-30,Discontinued,2024-09-07,Adverse Event
PT06694,2024-06-13,2024-06-20,2024-07-09,2024-07-13,Started,,
PT06695,2023-12-21,2023-12-25,2024-01-10,2024-01-20,Started,,
PT06696,2025-10-14,2025-10-17,2025-10-30,2025-11-04,Discontinued,2026-01-01,Cost / Affordability
PT06697,2023-05-01,2023-05-03,2023-05-22,2023-06-04,Started,,
PT06698,2023-04-22,2023-04-26,2023-05-24,2023-05-31,Started,,
PT06699,2025-02-10,2025-02-14,2025-03-10,2025-03-16,Started,,
PT06700,2023-02-16,2023-02-21,2023-03-02,2023-03-13,Started,,
PT06701,2025-10-05,2025-10-08,2025-10-24,2025-10-31,Started,,
PT06702,2024-01-09,2024-01-11,2024-01-30,2024-02-07,Started,,
PT06703,2024-05-09,2024-05-15,2024-06-01,2024-06-06,Started,,
PT06704,2023-02-02,2023-02-03,2023-02-15,2023-02-27,Started,,
PT06705,2025-09-08,2025-09-13,2025-09-25,2025-10-05,Discontinued,2026-02-05,Adverse Event
PT06706,2025-12-04,2025-12-09,2025-12-29,2026-01-12,Discontinued,2026-04-21,Adverse Event
PT06707,2025-01-17,2025-01-21,2025-02-12,2025-02-25,Started,,
PT06708,2023-01-06,2023-01-13,2023-01-29,2023-02-02,Discontinued,2023-06-16,Adverse Event
PT06709,2025-02-23,2025-03-01,2025-03-30,2025-04-01,Started,,
PT06710,2024-07-08,2024-07-11,2024-07-25,2024-07-27,Started,,
PT06711,2024-10-23,2024-10-25,2024-11-13,2024-11-18,Started,,
PT06712,2023-04-19,2023-04-21,2023-05-15,2023-05-29,Started,,
PT06713,2024-02-13,2024-02-19,2024-02-28,2024-03-12,Started,,
PT06714,2023-05-29,2023-06-02,2023-06-25,2023-07-06,Started,,
PT06715,2025-04-28,2025-05-04,2025-05-15,2025-05-19,Started,,
PT06716,2023-10-08,2023-10-12,2023-11-07,2023-11-10,Started,,
PT06717,2024-02-11,2024-02-13,2024-02-29,2024-03-14,Started,,
PT06718,2025-11-19,2025-11-24,2025-12-06,2025-12-13,Started,,
PT06719,2025-04-18,2025-04-25,2025-05-17,2025-05-20,Started,,
PT06720,2025-01-14,2025-01-16,2025-02-04,2025-02-07,Discontinued,2025-05-23,Access Issue
PT06721,2024-10-19,2024-10-26,2024-10-29,2024-11-10,Started,,
PT06722,2025-01-11,2025-01-18,2025-02-07,,Not Started,,
PT06723,2024-08-16,2024-08-18,2024-09-05,2024-09-11,Started,,
PT06724,2023-12-23,2023-12-27,2024-01-12,2024-01-18,Started,,
PT06725,2023-11-30,2023-12-07,2023-12-16,2023-12-21,Started,,
PT06726,2024-01-22,2024-01-28,2024-02-26,2024-03-09,Started,,
PT06727,2023-08-10,2023-08-16,2023-08-26,,Not Started,,
PT06728,2023-05-10,2023-05-12,2023-05-27,2023-06-08,Started,,
PT06729,2024-12-28,2025-01-04,2025-01-27,,Not Started,,
PT06730,2023-09-08,2023-09-10,2023-09-26,2023-10-02,Started,,
PT06731,2023-05-12,2023-05-15,2023-06-03,2023-06-07,Started,,
PT06732,2023-06-04,2023-06-08,2023-06-29,2023-07-13,Discontinued,2024-03-05,Treatment Ineffectiveness
PT06733,2025-05-20,2025-05-23,2025-06-19,,Not Started,,
PT06734,2025-09-20,2025-09-24,2025-10-07,2025-10-15,Discontinued,2026-03-10,Patient Decision
PT06735,2025-04-19,2025-04-20,2025-04-23,2025-05-01,Discontinued,2025-09-05,Patient Decision
PT06736,2023-07-13,2023-07-18,2023-07-29,2023-08-10,Started,,
PT06737,2023-09-23,2023-09-28,2023-10-15,2023-10-25,Started,,
PT06738,2023-11-18,2023-11-22,2023-12-11,2023-12-21,Started,,
PT06739,2024-12-25,2024-12-31,2025-01-29,2025-01-31,Started,,
PT06740,2025-02-04,2025-02-10,2025-02-18,2025-02-20,Started,,
PT06741,2023-03-29,2023-04-05,2023-04-22,2023-04-27,Started,,
PT06742,2025-06-19,2025-06-24,2025-07-18,,Not Started,,
PT06743,2024-06-19,2024-06-21,2024-07-09,,Not Started,,
PT06744,2025-08-31,2025-09-06,2025-09-24,2025-10-06,Started,,
PT06745,2024-02-13,2024-02-19,2024-03-07,2024-03-18,Started,,
PT06746,2024-06-30,2024-07-01,2024-07-15,2024-07-26,Started,,
PT06747,2025-12-06,2025-12-12,2025-12-26,2026-01-02,Started,,
PT06748,2024-03-12,2024-03-19,2024-03-29,2024-04-04,Started,,
PT06749,2024-09-21,2024-09-28,2024-10-27,2024-11-09,Started,,
PT06750,2023-02-27,2023-03-03,2023-03-19,2023-03-28,Started,,
PT06751,2024-10-07,2024-10-13,2024-11-05,2024-11-12,Started,,
PT06752,2024-04-17,2024-04-19,2024-04-28,2024-05-05,Started,,
PT06753,2024-01-16,2024-01-21,2024-01-29,2024-02-09,Started,,
PT06754,2024-04-14,2024-04-17,2024-05-11,2024-05-24,Started,,
PT06755,2024-06-04,2024-06-11,2024-06-24,2024-07-06,Started,,
PT06756,2024-11-01,2024-11-04,2024-11-23,2024-11-29,Discontinued,2025-04-02,Access Issue
PT06757,2025-12-18,2025-12-20,2026-01-13,,Not Started,,
PT06758,2025-02-14,2025-02-18,2025-03-14,,Not Started,,
PT06759,2024-12-29,2025-01-01,2025-01-18,2025-01-30,Discontinued,2025-09-09,Cost / Affordability
PT06760,2024-10-17,2024-10-20,2024-11-05,2024-11-11,Started,,
PT06761,2025-08-15,2025-08-18,2025-09-06,2025-09-12,Started,,
PT06762,2024-11-10,2024-11-11,2024-11-24,2024-12-05,Started,,
PT06763,2024-05-27,2024-05-30,2024-06-25,2024-07-02,Started,,
PT06764,2025-11-19,2025-11-25,2025-12-06,2025-12-10,Started,,
PT06765,2024-11-20,2024-11-22,2024-12-04,2024-12-11,Started,,
PT06766,2025-04-02,2025-04-08,2025-04-17,2025-04-27,Started,,
PT06767,2024-10-14,2024-10-21,2024-11-03,2024-11-16,Discontinued,2025-06-16,Adverse Event
PT06768,2023-04-13,2023-04-18,2023-05-12,2023-05-14,Started,,
PT06769,2023-06-11,2023-06-17,2023-07-04,,Not Started,,
PT06770,2024-11-05,2024-11-10,2024-11-20,2024-11-27,Started,,
PT06771,2025-07-01,2025-07-08,2025-07-21,2025-07-29,Started,,
PT06772,2024-06-17,2024-06-19,2024-07-12,2024-07-16,Started,,
PT06773,2023-12-06,2023-12-09,2024-01-02,,Not Started,,
PT06774,2025-08-30,2025-09-06,2025-09-27,2025-10-02,Started,,
PT06775,2025-12-27,2025-12-30,2026-01-10,2026-01-18,Started,,
PT06776,2024-11-15,2024-11-18,2024-11-24,2024-12-04,Discontinued,2025-02-20,Patient Decision
PT06777,2024-07-11,2024-07-12,2024-07-29,2024-08-03,Started,,
PT06778,2025-03-21,2025-03-27,2025-04-12,,Not Started,,
PT06779,2024-08-23,2024-08-24,2024-09-16,2024-09-25,Discontinued,2025-03-13,Patient Decision
PT06780,2025-05-20,2025-05-26,2025-06-17,2025-06-23,Started,,
PT06781,2024-09-17,2024-09-18,2024-09-30,2024-10-04,Started,,
PT06782,2025-08-11,2025-08-17,2025-09-07,2025-09-17,Started,,
PT06783,2023-06-15,2023-06-18,2023-07-06,2023-07-11,Started,,
PT06784,2024-05-30,2024-06-03,2024-06-29,,Not Started,,
PT06785,2024-05-02,2024-05-06,2024-05-23,2024-05-28,Started,,
PT06786,2024-12-07,2024-12-14,2024-12-31,2025-01-12,Started,,
PT06787,2023-04-24,2023-04-29,2023-05-21,,Not Started,,
PT06788,2025-08-16,2025-08-22,2025-09-13,2025-09-16,Discontinued,2026-01-11,Patient Decision
PT06789,2025-12-27,2026-01-02,2026-01-08,2026-01-21,Started,,
PT06790,2025-03-15,2025-03-22,2025-04-10,2025-04-20,Started,,
PT06791,2024-10-08,2024-10-14,2024-10-30,2024-11-09,Started,,
PT06792,2024-10-17,2024-10-18,2024-11-07,,Not Started,,
PT06793,2025-02-28,2025-03-03,2025-03-27,2025-04-02,Started,,
PT06794,2025-09-15,2025-09-17,2025-09-30,2025-10-10,Started,,
PT06795,2025-12-10,2025-12-17,2026-01-03,,Not Started,,
PT06796,2025-03-16,2025-03-22,2025-04-08,2025-04-17,Started,,
PT06797,2025-10-13,2025-10-14,2025-10-26,2025-11-04,Started,,
PT06798,2023-02-06,2023-02-13,2023-02-28,2023-03-08,Started,,
PT06799,2024-11-16,2024-11-22,2024-12-06,2024-12-18,Started,,
PT06800,2024-05-19,2024-05-20,2024-06-03,2024-06-16,Started,,
PT06801,2023-07-31,2023-08-03,2023-08-22,2023-08-29,Started,,
PT06802,2024-06-20,2024-06-22,2024-07-06,2024-07-08,Started,,
PT06803,2023-12-01,2023-12-06,2023-12-27,2024-01-03,Discontinued,2024-08-04,Adverse Event
PT06804,2024-12-08,2024-12-14,2024-12-30,2025-01-04,Started,,
PT06805,2025-03-22,2025-03-29,2025-04-22,2025-05-03,Discontinued,2025-07-18,Cost / Affordability
PT06806,2023-03-19,2023-03-24,2023-04-07,2023-04-16,Started,,
PT06807,2024-07-05,2024-07-08,2024-07-26,2024-08-05,Started,,
PT06808,2025-01-18,2025-01-21,2025-01-26,2025-01-28,Discontinued,2025-07-27,Access Issue
PT06809,2024-10-22,2024-10-27,2024-11-18,2024-11-29,Started,,
PT06810,2025-07-22,2025-07-23,2025-08-05,2025-08-08,Started,,
PT06811,2024-09-03,2024-09-10,2024-09-17,2024-09-25,Started,,
PT06812,2024-11-28,2024-11-29,2024-12-19,2024-12-24,Discontinued,2025-03-10,Patient Decision
PT06813,2023-09-17,2023-09-22,2023-09-29,2023-10-08,Started,,
PT06814,2024-02-16,2024-02-23,2024-03-21,2024-04-02,Started,,
PT06815,2023-06-19,2023-06-24,2023-07-08,2023-07-16,Started,,
PT06816,2023-10-17,2023-10-18,2023-10-30,2023-11-12,Discontinued,2024-03-22,Patient Decision
PT06817,2024-08-02,2024-08-06,2024-08-26,2024-09-05,Started,,
PT06818,2023-07-12,2023-07-16,2023-08-11,2023-08-15,Started,,
PT06819,2024-01-06,2024-01-09,2024-01-25,2024-02-07,Started,,
PT06820,2024-03-11,2024-03-12,2024-03-21,2024-04-04,Started,,
PT06821,2025-03-31,2025-04-05,2025-05-05,,Not Started,,
PT06822,2024-02-08,2024-02-12,2024-02-27,2024-03-09,Started,,
PT06823,2023-01-22,2023-01-29,2023-02-22,2023-02-24,Started,,
PT06824,2024-08-13,2024-08-15,2024-08-27,2024-09-03,Started,,
PT06825,2024-11-12,2024-11-14,2024-11-24,2024-11-30,Discontinued,2025-07-23,Adverse Event
PT06826,2025-09-19,2025-09-21,2025-10-13,,Not Started,,
PT06827,2025-07-06,2025-07-09,2025-07-17,2025-07-26,Started,,
PT06828,2025-05-24,2025-05-27,2025-06-25,2025-07-04,Started,,
PT06829,2023-04-23,2023-04-30,2023-05-15,2023-05-29,Started,,
PT06830,2023-01-05,2023-01-11,2023-01-22,2023-01-26,Started,,
PT06831,2025-03-06,2025-03-11,2025-04-04,2025-04-06,Started,,
PT06832,2024-06-04,2024-06-05,2024-07-03,,Not Started,,
PT06833,2024-06-16,2024-06-18,2024-07-19,,Not Started,,
PT06834,2024-07-10,2024-07-13,2024-07-22,2024-07-31,Started,,
PT06835,2024-09-16,2024-09-20,2024-09-29,2024-10-10,Started,,
PT06836,2024-08-27,2024-09-02,2024-09-12,2024-09-19,Started,,
PT06837,2025-10-28,2025-11-03,2025-11-14,2025-11-18,Discontinued,2026-02-19,Treatment Ineffectiveness
PT06838,2023-08-25,2023-09-01,2023-09-16,2023-09-21,Started,,
PT06839,2023-11-13,2023-11-14,2023-12-01,2023-12-07,Started,,
PT06840,2023-02-07,2023-02-08,2023-03-11,2023-03-22,Discontinued,2023-05-09,Treatment Ineffectiveness
PT06841,2024-05-27,2024-05-31,2024-06-09,2024-06-17,Started,,
PT06842,2025-09-23,2025-09-24,2025-10-14,2025-10-18,Started,,
PT06843,2024-09-23,2024-09-29,2024-10-11,2024-10-19,Started,,
PT06844,2024-06-20,2024-06-27,2024-07-23,2024-07-31,Discontinued,2024-12-02,Patient Decision
PT06845,2023-12-20,2023-12-27,2024-01-27,2024-01-29,Started,,
PT06846,2025-01-07,2025-01-08,2025-01-20,2025-01-30,Started,,
PT06847,2023-03-12,2023-03-19,2023-04-09,2023-04-20,Started,,
PT06848,2023-10-06,2023-10-11,2023-10-21,2023-11-02,Started,,
PT06849,2025-12-05,2025-12-06,2025-12-19,2025-12-21,Discontinued,2026-03-24,Adverse Event
PT06850,2025-05-13,2025-05-15,2025-05-26,2025-06-02,Started,,
PT06851,2024-11-26,2024-12-02,2025-01-02,2025-01-08,Started,,
PT06852,2023-12-12,2023-12-15,2023-12-25,2024-01-03,Started,,
PT06853,2023-07-19,2023-07-25,2023-08-16,2023-08-24,Started,,
PT06854,2024-05-13,2024-05-19,2024-06-03,2024-06-14,Started,,
PT06855,2025-05-25,2025-05-26,2025-06-17,2025-06-24,Started,,
PT06856,2025-03-29,2025-03-31,2025-04-12,,Not Started,,
PT06857,2023-11-06,2023-11-12,2023-11-29,2023-12-04,Started,,
PT06858,2024-06-10,2024-06-14,2024-07-10,2024-07-18,Started,,
PT06859,2024-11-06,2024-11-12,2024-11-28,2024-12-05,Started,,
PT06860,2023-03-25,2023-03-26,2023-04-07,2023-04-15,Started,,
PT06861,2024-02-11,2024-02-15,2024-03-07,2024-03-12,Started,,
PT06862,2023-07-03,2023-07-05,2023-07-29,2023-08-10,Started,,
PT06863,2023-07-02,2023-07-07,2023-07-30,,Not Started,,
PT06864,2025-02-27,2025-02-28,2025-03-10,2025-03-22,Started,,
PT06865,2023-09-04,2023-09-10,2023-10-01,2023-10-13,Started,,
PT06866,2024-07-29,2024-07-30,2024-08-25,2024-08-30,Started,,
PT06867,2025-10-05,2025-10-11,2025-10-20,2025-10-27,Discontinued,2026-05-10,Cost / Affordability
PT06868,2025-03-27,2025-04-03,2025-04-25,2025-05-05,Started,,
PT06869,2025-02-07,2025-02-10,2025-02-21,2025-02-27,Started,,
PT06870,2025-11-12,2025-11-18,2025-12-09,2025-12-13,Started,,
PT06871,2024-10-02,2024-10-09,2024-10-30,2024-11-10,Started,,
PT06872,2025-11-27,2025-11-29,2025-12-14,2025-12-22,Started,,
PT06873,2024-10-06,2024-10-11,2024-11-03,2024-11-09,Started,,
PT06874,2024-09-11,2024-09-16,2024-10-03,2024-10-16,Started,,
PT06875,2025-05-08,2025-05-13,2025-05-24,2025-05-30,Discontinued,2025-11-07,Treatment Ineffectiveness
PT06876,2025-06-22,2025-06-27,2025-07-10,2025-07-19,Started,,
PT06877,2023-10-31,2023-11-07,2023-11-28,,Not Started,,
PT06878,2024-09-19,2024-09-23,2024-10-11,2024-10-15,Started,,
PT06879,2024-05-15,2024-05-19,2024-06-17,2024-06-28,Started,,
PT06880,2023-10-09,2023-10-13,2023-10-24,,Not Started,,
PT06881,2025-03-07,2025-03-12,2025-03-31,2025-04-02,Discontinued,2025-07-08,Treatment Ineffectiveness
PT06882,2025-09-26,2025-10-02,2025-10-24,2025-11-07,Started,,
PT06883,2024-01-14,2024-01-21,2024-02-15,2024-02-25,Started,,
PT06884,2025-10-27,2025-10-29,2025-11-12,2025-11-20,Started,,
PT06885,2023-08-17,2023-08-18,2023-08-29,2023-09-04,Started,,
PT06886,2024-03-20,2024-03-24,2024-04-04,2024-04-17,Started,,
PT06887,2024-09-06,2024-09-08,2024-09-25,2024-10-02,Started,,
PT06888,2023-04-11,2023-04-12,2023-04-16,2023-04-18,Started,,
PT06889,2023-12-14,2023-12-16,2023-12-26,,Not Started,,
PT06890,2025-01-17,2025-01-20,2025-02-09,2025-02-12,Started,,
PT06891,2024-12-17,2024-12-21,2024-12-25,2025-01-01,Started,,
PT06892,2023-02-28,2023-03-06,2023-03-20,2023-03-24,Started,,
PT06893,2024-06-12,2024-06-17,2024-07-04,,Not Started,,
PT06894,2024-06-05,2024-06-11,2024-06-23,2024-06-27,Started,,
PT06895,2024-10-02,2024-10-08,2024-10-30,2024-11-08,Started,,
PT06896,2025-10-08,2025-10-10,2025-10-17,,Not Started,,
PT06897,2024-07-20,2024-07-22,2024-08-06,2024-08-19,Started,,
PT06898,2023-02-18,2023-02-19,2023-03-13,2023-03-27,Started,,
PT06899,2025-01-10,2025-01-14,2025-02-08,2025-02-19,Started,,
PT06900,2025-09-10,2025-09-15,2025-10-05,2025-10-14,Started,,
PT06901,2023-10-06,2023-10-12,2023-10-27,2023-11-09,Started,,
PT06902,2024-03-15,2024-03-16,2024-03-23,2024-04-01,Started,,
PT06903,2023-05-02,2023-05-07,2023-05-30,2023-06-03,Started,,
PT06904,2023-05-15,2023-05-16,2023-06-02,2023-06-10,Started,,
PT06905,2024-12-21,2024-12-27,2025-01-11,2025-01-16,Started,,
PT06906,2023-03-07,2023-03-10,2023-03-28,2023-04-10,Started,,
PT06907,2023-11-15,2023-11-22,2023-12-11,2023-12-16,Started,,
PT06908,2025-12-14,2025-12-18,2026-01-09,2026-01-17,Started,,
PT06909,2023-09-14,2023-09-17,2023-10-05,2023-10-16,Started,,
PT06910,2025-06-20,2025-06-21,2025-07-03,2025-07-08,Started,,
PT06911,2023-10-16,2023-10-22,2023-10-31,2023-11-04,Started,,
PT06912,2025-03-25,2025-04-01,2025-04-16,2025-04-28,Started,,
PT06913,2024-10-02,2024-10-03,2024-10-27,,Not Started,,
PT06914,2024-09-18,2024-09-25,2024-10-12,2024-10-23,Started,,
PT06915,2025-08-03,2025-08-09,2025-08-27,,Not Started,,
PT06916,2025-05-27,2025-05-28,2025-06-14,,Not Started,,
PT06917,2023-07-27,2023-07-29,2023-08-13,2023-08-25,Started,,
PT06918,2024-07-08,2024-07-09,2024-07-18,2024-07-21,Started,,
PT06919,2025-08-30,2025-09-02,2025-09-29,,Not Started,,
PT06920,2025-07-04,2025-07-08,2025-08-01,2025-08-10,Started,,
PT06921,2025-01-19,2025-01-22,2025-02-07,2025-02-16,Started,,
PT06922,2025-04-25,2025-05-02,2025-05-22,2025-06-02,Started,,
PT06923,2024-03-14,2024-03-20,2024-03-30,2024-04-11,Discontinued,2024-06-08,Access Issue
PT06924,2023-07-14,2023-07-20,2023-08-02,,Not Started,,
PT06925,2024-01-11,2024-01-12,2024-02-01,2024-02-03,Started,,
PT06926,2023-07-15,2023-07-16,2023-07-20,2023-07-30,Started,,
PT06927,2024-06-16,2024-06-17,2024-06-27,2024-07-06,Started,,
PT06928,2024-08-07,2024-08-12,2024-08-24,2024-09-05,Started,,
PT06929,2025-01-22,2025-01-23,2025-02-13,,Not Started,,
PT06930,2024-03-17,2024-03-24,2024-04-02,,Not Started,,
PT06931,2023-07-02,2023-07-08,2023-08-01,2023-08-04,Started,,
PT06932,2025-07-29,2025-08-02,2025-08-21,2025-08-30,Started,,
PT06933,2023-08-22,2023-08-24,2023-09-09,2023-09-21,Started,,
PT06934,2025-06-10,2025-06-17,2025-06-30,2025-07-06,Started,,
PT06935,2023-08-02,2023-08-09,2023-08-24,2023-08-27,Started,,
PT06936,2025-10-13,2025-10-19,2025-11-10,2025-11-24,Started,,
PT06937,2023-10-20,2023-10-23,2023-11-16,2023-11-19,Started,,
PT06938,2024-07-21,2024-07-27,2024-08-16,2024-08-25,Started,,
PT06939,2024-06-07,2024-06-11,2024-06-19,2024-06-23,Started,,
PT06940,2024-07-31,2024-08-05,2024-08-22,2024-08-28,Started,,
PT06941,2024-10-10,2024-10-15,2024-10-18,2024-10-20,Started,,
PT06942,2023-01-06,2023-01-08,2023-01-13,2023-01-18,Started,,
PT06943,2024-06-08,2024-06-11,2024-07-14,2024-07-20,Started,,
PT06944,2025-02-09,2025-02-15,2025-02-26,2025-03-11,Started,,
PT06945,2025-12-21,2025-12-25,2026-01-19,2026-02-02,Started,,
PT06946,2023-09-16,2023-09-23,2023-10-10,2023-10-24,Started,,
PT06947,2025-01-08,2025-01-09,2025-02-04,2025-02-16,Discontinued,2025-07-19,Treatment Ineffectiveness
PT06948,2023-01-19,2023-01-25,2023-02-14,2023-02-19,Started,,
PT06949,2025-11-24,2025-11-28,2025-12-08,2025-12-22,Started,,
PT06950,2025-06-18,2025-06-19,2025-07-12,2025-07-23,Started,,
PT06951,2025-09-29,2025-10-02,2025-10-06,2025-10-18,Started,,
PT06952,2025-04-23,2025-04-27,2025-05-15,2025-05-18,Started,,
PT06953,2024-08-28,2024-08-29,2024-09-08,,Not Started,,
PT06954,2024-01-28,2024-01-29,2024-02-13,2024-02-21,Started,,
PT06955,2023-03-05,2023-03-06,2023-03-22,2023-03-28,Discontinued,2023-09-28,Cost / Affordability
PT06956,2025-08-04,2025-08-09,2025-09-07,2025-09-15,Started,,
PT06957,2025-04-20,2025-04-26,2025-05-15,2025-05-24,Started,,
PT06958,2025-10-31,2025-11-07,2025-11-16,2025-11-21,Started,,
PT06959,2023-05-20,2023-05-24,2023-06-14,2023-06-16,Started,,
PT06960,2024-09-05,2024-09-12,2024-09-26,2024-10-07,Started,,
PT06961,2023-10-26,2023-10-28,2023-11-10,2023-11-12,Started,,
PT06962,2023-08-28,2023-09-04,2023-09-26,2023-10-10,Discontinued,2023-12-24,Cost / Affordability
PT06963,2024-01-05,2024-01-09,2024-02-03,2024-02-05,Started,,
PT06964,2024-08-20,2024-08-27,2024-09-20,2024-09-25,Started,,
PT06965,2024-02-24,2024-03-02,2024-03-13,2024-03-23,Started,,
PT06966,2025-09-09,2025-09-15,2025-10-10,2025-10-16,Started,,
PT06967,2025-07-18,2025-07-22,2025-08-13,2025-08-18,Started,,
PT06968,2025-07-19,2025-07-25,2025-08-12,2025-08-18,Discontinued,2026-03-01,Treatment Ineffectiveness
PT06969,2023-02-17,2023-02-18,2023-03-12,2023-03-16,Started,,
PT06970,2024-06-13,2024-06-18,2024-07-13,2024-07-16,Started,,
PT06971,2023-12-22,2023-12-24,2024-01-04,2024-01-15,Started,,
PT06972,2023-07-06,2023-07-13,2023-07-27,,Not Started,,
PT06973,2023-09-21,2023-09-28,2023-10-28,2023-11-06,Started,,
PT06974,2025-05-21,2025-05-27,2025-06-05,2025-06-19,Discontinued,2026-01-18,Adverse Event
PT06975,2024-08-01,2024-08-02,2024-08-25,2024-09-01,Started,,
PT06976,2023-01-16,2023-01-18,2023-01-28,2023-02-11,Started,,
PT06977,2024-04-14,2024-04-17,2024-05-02,2024-05-05,Started,,
PT06978,2024-07-06,2024-07-10,2024-07-27,2024-08-08,Started,,
PT06979,2024-06-15,2024-06-21,2024-07-04,2024-07-14,Started,,
PT06980,2025-05-23,2025-05-24,2025-06-04,2025-06-15,Started,,
PT06981,2024-12-18,2024-12-22,2025-01-14,2025-01-24,Started,,
PT06982,2024-08-10,2024-08-12,2024-08-24,2024-09-07,Started,,
PT06983,2025-12-14,2025-12-18,2026-01-10,2026-01-14,Started,,
PT06984,2024-12-12,2024-12-14,2024-12-24,2024-12-31,Started,,
PT06985,2024-06-01,2024-06-03,2024-07-04,2024-07-17,Started,,
PT06986,2024-03-08,2024-03-09,2024-03-28,2024-04-09,Started,,
PT06987,2023-12-22,2023-12-23,2024-01-02,2024-01-14,Started,,
PT06988,2024-03-30,2024-04-06,2024-05-07,,Not Started,,
PT06989,2023-06-25,2023-07-02,2023-07-19,2023-07-29,Started,,
PT06990,2025-11-27,2025-12-04,2025-12-26,,Not Started,,
PT06991,2024-08-24,2024-08-29,2024-09-18,,Not Started,,
PT06992,2023-03-04,2023-03-05,2023-03-25,2023-04-03,Started,,
PT06993,2025-05-23,2025-05-25,2025-06-08,2025-06-12,Started,,
PT06994,2025-12-21,2025-12-27,2026-01-05,2026-01-12,Started,,
PT06995,2024-09-01,2024-09-03,2024-09-29,2024-10-13,Started,,
PT06996,2025-01-05,2025-01-06,2025-01-25,2025-02-06,Started,,
PT06997,2023-07-27,2023-07-30,2023-08-05,,Not Started,,
PT06998,2025-07-22,2025-07-24,2025-08-02,2025-08-05,Started,,
PT06999,2023-02-23,2023-02-24,2023-03-09,,Not Started,,
PT07000,2023-12-05,2023-12-06,2023-12-27,2024-01-01,Discontinued,2024-08-23,Cost / Affordability
PT07001,2024-01-13,2024-01-18,2024-02-05,2024-02-15,Discontinued,2024-04-12,Adverse Event
PT07002,2024-05-16,2024-05-18,2024-06-11,2024-06-22,Started,,
PT07003,2024-11-05,2024-11-12,2024-11-19,2024-11-24,Started,,
PT07004,2023-09-03,2023-09-09,2023-09-29,2023-10-09,Started,,
PT07005,2025-04-27,2025-05-02,2025-05-13,2025-05-19,Started,,
PT07006,2023-10-07,2023-10-11,2023-10-23,2023-10-30,Started,,
PT07007,2024-04-24,2024-04-26,2024-05-20,2024-05-30,Started,,
PT07008,2024-02-16,2024-02-22,2024-03-08,2024-03-21,Started,,
PT07009,2024-03-25,2024-03-28,2024-04-20,2024-04-29,Started,,
PT07010,2025-08-26,2025-09-02,2025-09-24,2025-09-28,Started,,
PT07011,2025-12-02,2025-12-08,2025-12-24,2026-01-04,Started,,
PT07012,2024-01-09,2024-01-13,2024-01-22,2024-01-25,Started,,
PT07013,2025-01-24,2025-01-27,2025-02-22,2025-03-07,Started,,
PT07014,2024-11-25,2024-11-27,2024-12-05,2024-12-18,Discontinued,2025-05-30,Access Issue
PT07015,2025-08-29,2025-09-03,2025-09-24,2025-10-07,Started,,
PT07016,2024-02-13,2024-02-20,2024-03-03,2024-03-06,Started,,
PT07017,2025-04-26,2025-04-29,2025-05-08,2025-05-11,Started,,
PT07018,2025-08-25,2025-08-27,2025-09-15,2025-09-17,Started,,
PT07019,2025-03-06,2025-03-12,2025-04-02,2025-04-13,Started,,
PT07020,2025-03-27,2025-04-01,2025-04-22,2025-05-05,Started,,
PT07021,2025-11-01,2025-11-08,2025-12-03,2025-12-12,Started,,
PT07022,2023-06-14,2023-06-17,2023-07-01,2023-07-12,Started,,
PT07023,2024-10-18,2024-10-24,2024-11-11,2024-11-15,Discontinued,2025-04-18,Patient Decision
PT07024,2025-09-29,2025-10-02,2025-10-20,,Not Started,,
PT07025,2024-08-03,2024-08-06,2024-09-06,,Not Started,,
PT07026,2024-08-10,2024-08-11,2024-08-23,2024-08-30,Started,,
PT07027,2023-02-24,2023-03-01,2023-03-19,2023-03-31,Started,,
PT07028,2024-07-15,2024-07-22,2024-08-02,,Not Started,,
PT07029,2023-10-31,2023-11-05,2023-11-29,2023-12-04,Started,,
PT07030,2024-01-03,2024-01-10,2024-01-27,2024-02-06,Started,,
PT07031,2024-09-15,2024-09-19,2024-09-28,2024-10-10,Started,,
PT07032,2024-12-19,2024-12-20,2025-01-14,2025-01-21,Started,,
PT07033,2024-05-25,2024-05-28,2024-06-14,2024-06-18,Started,,
PT07034,2025-07-21,2025-07-26,2025-08-03,2025-08-10,Discontinued,2025-09-28,Treatment Ineffectiveness
PT07035,2023-12-05,2023-12-08,2023-12-31,,Not Started,,
PT07036,2023-07-06,2023-07-11,2023-08-02,2023-08-16,Started,,
PT07037,2025-10-02,2025-10-06,2025-10-21,,Not Started,,
PT07038,2025-02-04,2025-02-08,2025-03-04,2025-03-17,Started,,
PT07039,2024-08-19,2024-08-26,2024-09-02,,Not Started,,
PT07040,2023-02-07,2023-02-14,2023-03-07,2023-03-09,Started,,
PT07041,2023-08-03,2023-08-04,2023-08-12,2023-08-23,Started,,
PT07042,2023-06-01,2023-06-05,2023-06-21,,Not Started,,
PT07043,2024-08-14,2024-08-17,2024-09-09,2024-09-22,Started,,
PT07044,2025-07-06,2025-07-07,2025-07-30,2025-08-12,Discontinued,2026-03-29,Treatment Ineffectiveness
PT07045,2023-06-11,2023-06-18,2023-06-28,2023-07-10,Started,,
PT07046,2024-11-11,2024-11-15,2024-11-25,2024-12-03,Started,,
PT07047,2025-11-25,2025-12-02,2025-12-10,2025-12-18,Started,,
PT07048,2024-04-26,2024-04-30,2024-05-21,2024-05-29,Discontinued,2025-01-01,Treatment Ineffectiveness
PT07049,2025-06-18,2025-06-20,2025-06-30,2025-07-11,Started,,
PT07050,2025-11-14,2025-11-19,2025-12-04,2025-12-13,Started,,
PT07051,2023-03-29,2023-04-05,2023-04-18,2023-04-26,Started,,
PT07052,2023-12-12,2023-12-15,2024-01-12,2024-01-25,Started,,
PT07053,2025-01-27,2025-02-03,2025-02-21,,Not Started,,
PT07054,2024-02-21,2024-02-28,2024-03-20,2024-03-28,Discontinued,2024-06-10,Access Issue
PT07055,2024-05-18,2024-05-24,2024-05-31,,Not Started,,
PT07056,2023-06-09,2023-06-11,2023-06-28,2023-07-03,Started,,
PT07057,2023-09-28,2023-10-02,2023-11-03,2023-11-16,Discontinued,2024-02-17,Adverse Event
PT07058,2025-02-21,2025-02-22,2025-03-23,2025-04-02,Started,,
PT07059,2024-11-08,2024-11-10,2024-11-25,,Not Started,,
PT07060,2025-08-29,2025-09-05,2025-09-26,2025-10-05,Started,,
PT07061,2025-02-10,2025-02-17,2025-03-17,2025-03-28,Discontinued,2025-11-18,Patient Decision
PT07062,2023-05-24,2023-05-27,2023-06-10,,Not Started,,
PT07063,2024-11-24,2024-11-29,2024-12-21,2024-12-30,Started,,
PT07064,2024-09-04,2024-09-11,2024-10-07,2024-10-11,Started,,
PT07065,2024-05-21,2024-05-26,2024-06-05,2024-06-18,Started,,
PT07066,2024-04-08,2024-04-10,2024-05-04,2024-05-17,Started,,
PT07067,2024-04-10,2024-04-12,2024-04-25,2024-05-03,Discontinued,2024-08-11,Treatment Ineffectiveness
PT07068,2024-01-07,2024-01-10,2024-01-31,2024-02-06,Started,,
PT07069,2025-08-26,2025-09-02,2025-09-20,,Not Started,,
PT07070,2023-09-22,2023-09-28,2023-10-14,2023-10-25,Started,,
PT07071,2024-03-08,2024-03-13,2024-04-11,2024-04-17,Started,,
PT07072,2024-07-21,2024-07-28,2024-08-13,2024-08-27,Discontinued,2025-03-21,Cost / Affordability
PT07073,2025-06-14,2025-06-18,2025-07-11,,Not Started,,
PT07074,2023-07-09,2023-07-12,2023-07-30,2023-08-07,Started,,
PT07075,2024-08-15,2024-08-20,2024-08-31,,Not Started,,
PT07076,2025-08-13,2025-08-15,2025-08-23,2025-09-02,Started,,
PT07077,2025-03-08,2025-03-10,2025-03-25,,Not Started,,
PT07078,2025-03-14,2025-03-15,2025-03-31,2025-04-14,Started,,
PT07079,2024-09-10,2024-09-12,2024-10-01,2024-10-07,Started,,
PT07080,2023-08-16,2023-08-22,2023-09-04,2023-09-13,Started,,
PT07081,2025-10-17,2025-10-24,2025-11-04,2025-11-12,Started,,
PT07082,2023-11-29,2023-12-02,2023-12-19,2023-12-25,Started,,
PT07083,2024-08-06,2024-08-12,2024-08-23,2024-09-02,Started,,
PT07084,2024-11-17,2024-11-22,2024-12-08,2024-12-18,Started,,
PT07085,2023-09-27,2023-10-03,2023-10-16,2023-10-28,Started,,
PT07086,2025-11-23,2025-11-29,2025-12-10,,Not Started,,
PT07087,2023-07-08,2023-07-11,2023-08-11,2023-08-23,Started,,
PT07088,2023-04-04,2023-04-09,2023-04-26,2023-05-07,Started,,
PT07089,2023-02-17,2023-02-19,2023-03-18,2023-03-23,Discontinued,2023-09-04,Patient Decision
PT07090,2025-08-18,2025-08-24,2025-09-13,2025-09-18,Started,,
PT07091,2025-04-26,2025-05-03,2025-05-25,2025-06-02,Started,,
PT07092,2023-06-05,2023-06-09,2023-07-02,2023-07-15,Started,,
PT07093,2023-07-01,2023-07-07,2023-07-19,2023-07-24,Started,,
PT07094,2025-06-05,2025-06-06,2025-06-25,2025-07-01,Started,,
PT07095,2023-02-22,2023-02-23,2023-03-29,2023-04-10,Started,,
PT07096,2024-11-21,2024-11-23,2024-12-07,2024-12-16,Started,,
PT07097,2023-08-14,2023-08-18,2023-08-29,2023-09-11,Discontinued,2024-04-18,Access Issue
PT07098,2023-10-26,2023-11-01,2023-11-27,2023-12-10,Discontinued,2024-04-17,Access Issue
PT07099,2024-01-18,2024-01-24,2024-02-10,2024-02-13,Started,,
PT07100,2025-10-16,2025-10-20,2025-10-28,2025-10-31,Started,,
PT07101,2025-09-09,2025-09-13,2025-10-03,2025-10-08,Started,,
PT07102,2023-07-14,2023-07-18,2023-08-10,2023-08-16,Started,,
PT07103,2024-03-16,2024-03-18,2024-03-30,2024-04-11,Started,,
PT07104,2023-01-19,2023-01-26,2023-02-01,2023-02-08,Started,,
PT07105,2023-10-30,2023-10-31,2023-11-05,2023-11-17,Started,,
PT07106,2023-03-19,2023-03-23,2023-04-11,2023-04-24,Discontinued,2023-08-31,Treatment Ineffectiveness
PT07107,2025-11-05,2025-11-12,2025-11-20,2025-12-03,Started,,
PT07108,2024-07-02,2024-07-06,2024-07-27,2024-08-09,Started,,
PT07109,2023-12-19,2023-12-23,2024-01-11,,Not Started,,
PT07110,2024-07-21,2024-07-28,2024-08-13,2024-08-20,Started,,
PT07111,2023-05-11,2023-05-12,2023-05-16,2023-05-23,Started,,
PT07112,2024-07-11,2024-07-13,2024-08-01,2024-08-05,Started,,
PT07113,2023-01-16,2023-01-19,2023-02-18,,Not Started,,
PT07114,2023-08-29,2023-09-03,2023-09-20,,Not Started,,
PT07115,2024-06-10,2024-06-12,2024-06-25,2024-06-30,Started,,
PT07116,2023-10-20,2023-10-25,2023-11-21,2023-11-25,Discontinued,2024-02-12,Adverse Event
PT07117,2025-10-28,2025-10-30,2025-11-16,2025-11-30,Started,,
PT07118,2023-08-25,2023-08-31,2023-09-12,2023-09-16,Started,,
PT07119,2023-01-16,2023-01-19,2023-02-11,2023-02-20,Started,,
PT07120,2023-06-27,2023-07-03,2023-07-23,,Not Started,,
PT07121,2023-02-23,2023-02-27,2023-03-24,,Not Started,,
PT07122,2024-12-14,2024-12-16,2025-01-04,2025-01-18,Discontinued,2025-04-05,Adverse Event
PT07123,2023-08-16,2023-08-18,2023-09-08,2023-09-13,Started,,
PT07124,2024-04-01,2024-04-02,2024-04-23,2024-05-03,Started,,
PT07125,2024-09-18,2024-09-25,2024-10-09,2024-10-15,Started,,
PT07126,2024-06-17,2024-06-18,2024-07-02,2024-07-07,Started,,
PT07127,2024-08-24,2024-08-27,2024-09-17,2024-09-20,Discontinued,2025-05-03,Treatment Ineffectiveness
PT07128,2025-07-13,2025-07-14,2025-07-29,2025-07-31,Started,,
PT07129,2023-01-28,2023-02-02,2023-02-14,2023-02-26,Started,,
PT07130,2023-07-21,2023-07-25,2023-08-12,2023-08-25,Discontinued,2024-02-12,Cost / Affordability
PT07131,2024-01-07,2024-01-08,2024-01-29,2024-02-02,Started,,
PT07132,2024-02-07,2024-02-14,2024-02-29,2024-03-02,Started,,
PT07133,2023-04-23,2023-04-27,2023-05-10,2023-05-19,Started,,
PT07134,2024-12-17,2024-12-19,2024-12-24,,Not Started,,
PT07135,2025-02-09,2025-02-14,2025-03-08,,Not Started,,
PT07136,2024-09-13,2024-09-20,2024-10-14,2024-10-17,Started,,
PT07137,2024-09-08,2024-09-09,2024-09-20,2024-09-24,Started,,
PT07138,2025-05-13,2025-05-14,2025-06-15,,Not Started,,
PT07139,2023-12-31,2024-01-05,2024-01-31,2024-02-06,Started,,
PT07140,2024-03-23,2024-03-28,2024-04-21,2024-04-23,Started,,
PT07141,2023-10-18,2023-10-19,2023-11-06,2023-11-09,Started,,
PT07142,2025-08-24,2025-08-28,2025-09-12,2025-09-14,Discontinued,2026-04-25,Cost / Affordability
PT07143,2023-01-29,2023-01-31,2023-02-13,2023-02-16,Started,,
PT07144,2024-05-04,2024-05-09,2024-05-24,2024-05-28,Started,,
PT07145,2023-12-31,2024-01-07,2024-01-17,2024-01-24,Started,,
PT07146,2024-02-28,2024-03-05,2024-03-24,2024-03-31,Started,,
PT07147,2023-08-02,2023-08-09,2023-08-19,2023-08-27,Discontinued,2023-12-19,Adverse Event
PT07148,2025-01-21,2025-01-25,2025-02-19,2025-03-04,Started,,
PT07149,2024-04-07,2024-04-11,2024-05-02,2024-05-10,Started,,
PT07150,2025-04-09,2025-04-16,2025-05-07,2025-05-13,Started,,
PT07151,2023-07-02,2023-07-03,2023-08-04,2023-08-14,Started,,
PT07152,2025-07-03,2025-07-10,2025-07-25,2025-08-04,Started,,
PT07153,2023-02-15,2023-02-21,2023-03-16,,Not Started,,
PT07154,2025-09-17,2025-09-24,2025-10-14,2025-10-17,Discontinued,2026-03-31,Treatment Ineffectiveness
PT07155,2024-03-06,2024-03-12,2024-04-04,2024-04-11,Started,,
PT07156,2024-12-26,2024-12-30,2025-01-27,2025-02-04,Started,,
PT07157,2025-10-08,2025-10-12,2025-11-01,2025-11-12,Started,,
PT07158,2023-04-08,2023-04-12,2023-04-27,2023-05-05,Started,,
PT07159,2024-11-11,2024-11-17,2024-11-30,,Not Started,,
PT07160,2025-09-08,2025-09-09,2025-09-23,2025-10-05,Discontinued,2026-03-16,Patient Decision
PT07161,2025-06-20,2025-06-23,2025-07-17,2025-07-19,Discontinued,2025-09-17,Treatment Ineffectiveness
PT07162,2025-08-12,2025-08-18,2025-09-06,2025-09-13,Discontinued,2026-02-17,Patient Decision
PT07163,2024-05-05,2024-05-06,2024-05-20,2024-05-27,Started,,
PT07164,2025-10-20,2025-10-21,2025-11-13,2025-11-17,Discontinued,2026-01-16,Access Issue
PT07165,2024-09-01,2024-09-06,2024-10-09,2024-10-15,Started,,
PT07166,2024-07-13,2024-07-18,2024-07-26,2024-08-06,Started,,
PT07167,2024-05-05,2024-05-07,2024-05-29,2024-06-03,Started,,
PT07168,2024-05-24,2024-05-28,2024-06-28,,Not Started,,
PT07169,2023-04-15,2023-04-20,2023-05-06,2023-05-18,Started,,
PT07170,2024-02-26,2024-03-01,2024-03-27,,Not Started,,
PT07171,2023-11-06,2023-11-08,2023-11-25,2023-11-29,Started,,
PT07172,2024-09-16,2024-09-19,2024-10-12,2024-10-19,Discontinued,2025-04-03,Cost / Affordability
PT07173,2024-07-28,2024-07-30,2024-08-12,2024-08-23,Discontinued,2025-01-03,Cost / Affordability
PT07174,2023-10-30,2023-11-01,2023-11-17,2023-11-28,Started,,
PT07175,2023-05-15,2023-05-19,2023-06-08,2023-06-11,Started,,
PT07176,2023-06-20,2023-06-27,2023-07-18,2023-07-30,Started,,
PT07177,2023-04-17,2023-04-24,2023-05-20,2023-05-25,Started,,
PT07178,2025-04-07,2025-04-11,2025-04-28,2025-05-01,Started,,
PT07179,2024-08-14,2024-08-16,2024-09-06,,Not Started,,
PT07180,2024-06-12,2024-06-13,2024-06-22,2024-06-26,Started,,
PT07181,2025-09-28,2025-10-04,2025-10-21,2025-10-23,Started,,
PT07182,2023-07-22,2023-07-28,2023-08-11,2023-08-22,Started,,
PT07183,2025-06-05,2025-06-10,2025-07-05,2025-07-14,Started,,
PT07184,2024-09-24,2024-10-01,2024-10-24,2024-10-31,Started,,
PT07185,2024-01-02,2024-01-07,2024-01-27,2024-02-07,Started,,
PT07186,2023-10-12,2023-10-13,2023-11-12,2023-11-18,Started,,
PT07187,2025-02-10,2025-02-13,2025-03-02,2025-03-11,Started,,
PT07188,2023-07-19,2023-07-25,2023-08-14,2023-08-25,Started,,
PT07189,2023-10-20,2023-10-22,2023-11-11,2023-11-24,Started,,
PT07190,2024-07-24,2024-07-27,2024-08-08,2024-08-20,Started,,
PT07191,2024-09-15,2024-09-16,2024-10-02,2024-10-10,Started,,
PT07192,2025-10-07,2025-10-12,2025-10-20,2025-10-29,Discontinued,2026-05-03,Adverse Event
PT07193,2024-08-24,2024-08-26,2024-09-13,2024-09-17,Discontinued,2024-11-13,Patient Decision
PT07194,2024-05-28,2024-06-02,2024-06-22,2024-06-26,Started,,
PT07195,2025-12-22,2025-12-28,2026-01-19,2026-02-01,Started,,
PT07196,2025-07-02,2025-07-05,2025-08-05,2025-08-13,Started,,
PT07197,2025-08-25,2025-08-28,2025-09-11,,Not Started,,
PT07198,2023-09-19,2023-09-22,2023-10-07,,Not Started,,
PT07199,2023-09-24,2023-09-28,2023-10-10,2023-10-21,Discontinued,2024-02-29,Patient Decision
PT07200,2023-04-06,2023-04-12,2023-04-25,2023-05-06,Started,,
PT07201,2023-10-29,2023-11-04,2023-11-21,2023-12-03,Started,,
PT07202,2025-06-08,2025-06-12,2025-07-04,,Not Started,,
PT07203,2023-03-25,2023-03-29,2023-04-08,2023-04-22,Started,,
PT07204,2023-08-25,2023-08-27,2023-09-16,2023-09-18,Started,,
PT07205,2025-09-18,2025-09-22,2025-10-09,2025-10-21,Started,,
PT07206,2024-03-02,2024-03-04,2024-03-17,2024-03-20,Started,,
PT07207,2023-08-16,2023-08-21,2023-09-06,2023-09-20,Started,,
PT07208,2025-08-14,2025-08-16,2025-09-15,2025-09-19,Started,,
PT07209,2024-09-18,2024-09-24,2024-10-07,2024-10-12,Started,,
PT07210,2024-08-10,2024-08-13,2024-08-25,,Not Started,,
PT07211,2024-05-27,2024-06-01,2024-06-22,2024-07-03,Started,,
PT07212,2024-04-16,2024-04-18,2024-04-25,2024-04-28,Started,,
PT07213,2024-01-20,2024-01-23,2024-02-04,2024-02-11,Started,,
PT07214,2025-04-26,2025-05-03,2025-05-18,2025-05-28,Started,,
PT07215,2024-05-11,2024-05-12,2024-06-02,2024-06-15,Started,,
PT07216,2023-12-11,2023-12-15,2024-01-02,2024-01-10,Started,,
PT07217,2023-11-06,2023-11-08,2023-11-18,,Not Started,,
PT07218,2024-01-23,2024-01-26,2024-02-12,2024-02-19,Started,,
PT07219,2024-07-15,2024-07-19,2024-08-08,2024-08-17,Discontinued,2024-11-13,Adverse Event
PT07220,2023-01-06,2023-01-09,2023-01-17,2023-01-30,Started,,
PT07221,2024-11-22,2024-11-25,2024-12-10,2024-12-16,Started,,
PT07222,2025-07-25,2025-07-27,2025-08-21,2025-08-24,Started,,
PT07223,2025-04-26,2025-05-03,2025-05-15,2025-05-28,Started,,
PT07224,2025-02-27,2025-03-02,2025-03-31,2025-04-06,Started,,
PT07225,2023-06-10,2023-06-16,2023-07-04,2023-07-18,Started,,
PT07226,2024-01-21,2024-01-22,2024-01-28,2024-01-30,Started,,
PT07227,2023-04-19,2023-04-25,2023-05-10,,Not Started,,
PT07228,2025-04-18,2025-04-21,2025-05-06,2025-05-09,Started,,
PT07229,2025-12-20,2025-12-24,2026-01-10,2026-01-17,Started,,
PT07230,2023-11-01,2023-11-04,2023-11-13,2023-11-21,Discontinued,2024-03-23,Access Issue
PT07231,2024-11-09,2024-11-11,2024-11-25,,Not Started,,
PT07232,2023-11-11,2023-11-17,2023-12-12,,Not Started,,
PT07233,2023-03-23,2023-03-30,2023-04-15,2023-04-23,Started,,
PT07234,2024-02-12,2024-02-15,2024-03-09,2024-03-15,Started,,
PT07235,2023-05-31,2023-06-04,2023-06-17,,Not Started,,
PT07236,2024-10-17,2024-10-20,2024-11-09,2024-11-21,Started,,
PT07237,2025-12-02,2025-12-04,2025-12-19,2025-12-25,Started,,
PT07238,2025-09-18,2025-09-21,2025-10-08,2025-10-12,Started,,
PT07239,2025-04-27,2025-04-28,2025-05-12,2025-05-22,Started,,
PT07240,2025-11-26,2025-11-29,2025-12-24,2026-01-04,Started,,
PT07241,2025-11-25,2025-11-30,2025-12-14,2025-12-17,Discontinued,2026-06-10,Treatment Ineffectiveness
PT07242,2024-10-30,2024-11-04,2024-12-04,2024-12-11,Started,,
PT07243,2025-12-08,2025-12-13,2026-01-04,2026-01-06,Started,,
PT07244,2025-11-09,2025-11-14,2025-12-03,2025-12-13,Discontinued,2026-04-16,Patient Decision
PT07245,2025-03-22,2025-03-23,2025-03-31,2025-04-12,Started,,
PT07246,2023-11-05,2023-11-06,2023-11-24,2023-12-08,Started,,
PT07247,2023-07-01,2023-07-02,2023-07-24,2023-08-01,Started,,
PT07248,2024-01-15,2024-01-18,2024-02-06,2024-02-19,Started,,
PT07249,2023-09-25,2023-09-27,2023-10-22,2023-10-29,Discontinued,2023-12-18,Patient Decision
PT07250,2025-02-03,2025-02-04,2025-02-23,2025-03-09,Started,,
PT07251,2025-11-17,2025-11-21,2025-11-25,2025-11-28,Started,,
PT07252,2024-10-28,2024-10-29,2024-11-09,2024-11-23,Started,,
PT07253,2025-07-01,2025-07-07,2025-07-23,2025-08-01,Started,,
PT07254,2023-09-23,2023-09-27,2023-10-18,2023-10-24,Discontinued,2024-03-09,Cost / Affordability
PT07255,2025-11-02,2025-11-06,2025-11-20,2025-11-25,Started,,
PT07256,2025-02-03,2025-02-09,2025-02-25,2025-03-05,Started,,
PT07257,2024-12-15,2024-12-16,2025-01-17,2025-01-21,Started,,
PT07258,2024-11-28,2024-12-05,2024-12-17,2024-12-20,Started,,
PT07259,2023-04-30,2023-05-02,2023-05-19,2023-05-26,Started,,
PT07260,2023-04-24,2023-04-27,2023-05-07,2023-05-20,Discontinued,2023-10-29,Access Issue
PT07261,2023-11-12,2023-11-16,2023-12-04,2023-12-10,Started,,
PT07262,2025-10-30,2025-11-04,2025-11-28,2025-12-05,Started,,
PT07263,2023-05-14,2023-05-19,2023-05-29,2023-06-11,Started,,
PT07264,2024-06-26,2024-06-27,2024-07-18,2024-07-24,Started,,
PT07265,2025-04-25,2025-04-30,2025-05-08,2025-05-16,Started,,
PT07266,2025-01-07,2025-01-11,2025-01-31,2025-02-07,Started,,
PT07267,2025-04-01,2025-04-07,2025-04-20,2025-04-24,Started,,
PT07268,2025-10-24,2025-10-26,2025-11-14,2025-11-26,Started,,
PT07269,2023-01-10,2023-01-13,2023-01-22,2023-01-24,Started,,
PT07270,2023-04-13,2023-04-17,2023-04-25,2023-05-03,Started,,
PT07271,2023-09-13,2023-09-20,2023-10-09,2023-10-16,Started,,
PT07272,2023-11-23,2023-11-24,2023-12-10,2023-12-16,Started,,
PT07273,2023-04-18,2023-04-21,2023-05-12,2023-05-14,Started,,
PT07274,2023-09-25,2023-10-01,2023-11-02,2023-11-16,Discontinued,2024-06-24,Treatment Ineffectiveness
PT07275,2024-07-20,2024-07-22,2024-08-17,2024-08-25,Started,,
PT07276,2024-01-21,2024-01-24,2024-02-09,2024-02-17,Started,,
PT07277,2023-01-09,2023-01-10,2023-01-27,2023-02-05,Started,,
PT07278,2023-06-04,2023-06-09,2023-06-25,2023-06-30,Discontinued,2024-02-06,Patient Decision
PT07279,2023-02-26,2023-03-05,2023-03-23,,Not Started,,
PT07280,2024-09-01,2024-09-03,2024-09-11,2024-09-20,Started,,
PT07281,2025-09-04,2025-09-06,2025-09-24,2025-10-03,Started,,
PT07282,2023-01-05,2023-01-11,2023-02-03,,Not Started,,
PT07283,2025-11-17,2025-11-19,2025-12-04,2025-12-06,Started,,
PT07284,2025-09-20,2025-09-23,2025-10-09,2025-10-19,Started,,
PT07285,2025-10-30,2025-11-05,2025-11-12,2025-11-16,Started,,
PT07286,2025-08-31,2025-09-03,2025-09-24,,Not Started,,
PT07287,2025-05-19,2025-05-21,2025-06-05,,Not Started,,
PT07288,2024-02-02,2024-02-09,2024-02-17,2024-02-25,Discontinued,2024-05-17,Treatment Ineffectiveness
PT07289,2023-06-23,2023-06-27,2023-07-15,2023-07-27,Started,,
PT07290,2023-01-27,2023-02-02,2023-02-06,2023-02-20,Started,,
PT07291,2025-08-02,2025-08-07,2025-08-28,2025-09-10,Started,,
PT07292,2025-02-22,2025-02-28,2025-03-06,,Not Started,,
PT07293,2024-05-15,2024-05-22,2024-06-12,2024-06-24,Started,,
PT07294,2024-05-15,2024-05-18,2024-05-24,2024-06-01,Started,,
PT07295,2024-02-03,2024-02-05,2024-02-26,2024-03-05,Started,,
PT07296,2025-01-06,2025-01-07,2025-01-26,2025-02-08,Started,,
PT07297,2025-05-21,2025-05-25,2025-06-12,2025-06-20,Started,,
PT07298,2023-02-18,2023-02-19,2023-02-27,2023-03-03,Started,,
PT07299,2024-07-02,2024-07-04,2024-07-16,2024-07-26,Started,,
PT07300,2025-10-18,2025-10-20,2025-11-12,2025-11-24,Started,,
PT07301,2023-09-02,2023-09-04,2023-09-26,2023-10-09,Started,,
PT07302,2023-01-12,2023-01-18,2023-02-07,2023-02-13,Started,,
PT07303,2023-06-22,2023-06-28,2023-07-06,2023-07-15,Started,,
PT07304,2025-01-15,2025-01-20,2025-02-07,2025-02-15,Started,,
PT07305,2023-12-04,2023-12-08,2023-12-27,2024-01-03,Started,,
PT07306,2024-04-06,2024-04-12,2024-04-15,2024-04-19,Started,,
PT07307,2023-02-20,2023-02-27,2023-03-14,2023-03-20,Started,,
PT07308,2024-05-20,2024-05-25,2024-06-08,2024-06-19,Started,,
PT07309,2024-10-17,2024-10-22,2024-11-11,2024-11-13,Started,,
PT07310,2025-09-07,2025-09-13,2025-09-16,2025-09-30,Started,,
PT07311,2025-01-02,2025-01-09,2025-01-29,2025-02-03,Started,,
PT07312,2023-08-22,2023-08-29,2023-09-07,2023-09-09,Started,,
PT07313,2024-07-23,2024-07-24,2024-08-05,2024-08-08,Started,,
PT07314,2025-07-22,2025-07-29,2025-08-26,,Not Started,,
PT07315,2024-01-10,2024-01-17,2024-01-26,2024-01-31,Started,,
PT07316,2023-03-12,2023-03-17,2023-04-02,2023-04-14,Started,,
PT07317,2025-11-04,2025-11-11,2025-12-03,,Not Started,,
PT07318,2024-12-31,2025-01-02,2025-01-11,2025-01-19,Started,,
PT07319,2023-02-19,2023-02-20,2023-02-28,,Not Started,,
PT07320,2023-06-03,2023-06-08,2023-06-21,2023-07-05,Started,,
PT07321,2023-09-29,2023-10-06,2023-10-10,,Not Started,,
PT07322,2023-03-30,2023-04-03,2023-04-20,2023-05-01,Started,,
PT07323,2024-08-29,2024-08-30,2024-09-30,2024-10-13,Started,,
PT07324,2023-07-03,2023-07-08,2023-07-25,2023-08-07,Started,,
PT07325,2025-02-28,2025-03-04,2025-03-17,2025-03-19,Started,,
PT07326,2024-04-10,2024-04-16,2024-04-30,2024-05-07,Started,,
PT07327,2023-08-21,2023-08-28,2023-09-13,,Not Started,,
PT07328,2025-06-03,2025-06-09,2025-07-01,2025-07-08,Started,,
PT07329,2025-09-02,2025-09-03,2025-09-28,2025-09-30,Started,,
PT07330,2023-03-13,2023-03-19,2023-04-15,,Not Started,,
PT07331,2024-07-01,2024-07-05,2024-07-23,2024-08-04,Started,,
PT07332,2024-11-01,2024-11-02,2024-11-09,2024-11-22,Discontinued,2025-02-18,Cost / Affordability
PT07333,2023-07-17,2023-07-22,2023-08-01,2023-08-07,Started,,
PT07334,2025-10-24,2025-10-31,2025-11-18,,Not Started,,
PT07335,2025-03-19,2025-03-20,2025-04-08,2025-04-19,Started,,
PT07336,2023-02-12,2023-02-19,2023-03-06,2023-03-20,Started,,
PT07337,2024-01-18,2024-01-20,2024-02-13,2024-02-21,Discontinued,2024-08-04,Patient Decision
PT07338,2023-03-09,2023-03-10,2023-03-21,2023-03-25,Started,,
PT07339,2024-02-27,2024-03-02,2024-03-21,2024-04-04,Started,,
PT07340,2023-04-17,2023-04-18,2023-05-03,2023-05-14,Started,,
PT07341,2025-11-11,2025-11-14,2025-12-07,2025-12-12,Started,,
PT07342,2025-03-08,2025-03-12,2025-03-26,2025-04-01,Discontinued,2025-06-26,Treatment Ineffectiveness
PT07343,2025-01-14,2025-01-18,2025-02-10,,Not Started,,
PT07344,2025-06-18,2025-06-24,2025-07-24,2025-08-02,Started,,
PT07345,2023-07-23,2023-07-25,2023-08-21,2023-08-28,Started,,
PT07346,2023-10-25,2023-10-26,2023-11-13,2023-11-21,Started,,
PT07347,2024-08-10,2024-08-17,2024-09-21,2024-09-23,Started,,
PT07348,2024-12-14,2024-12-15,2025-01-04,2025-01-14,Started,,
PT07349,2023-12-31,2024-01-07,2024-01-15,2024-01-17,Started,,
PT07350,2025-10-15,2025-10-16,2025-11-12,2025-11-16,Started,,
PT07351,2023-11-11,2023-11-13,2023-12-05,2023-12-16,Started,,
PT07352,2023-11-20,2023-11-22,2023-12-09,2023-12-12,Started,,
PT07353,2024-05-29,2024-06-01,2024-06-20,2024-06-25,Started,,
PT07354,2023-06-04,2023-06-11,2023-06-22,2023-07-01,Started,,
PT07355,2023-09-14,2023-09-20,2023-09-30,2023-10-12,Started,,
PT07356,2023-08-07,2023-08-09,2023-08-15,2023-08-19,Started,,
PT07357,2025-07-12,2025-07-18,2025-08-06,2025-08-20,Started,,
PT07358,2025-11-11,2025-11-15,2025-11-30,2025-12-08,Started,,
PT07359,2025-03-13,2025-03-16,2025-04-09,2025-04-16,Started,,
PT07360,2023-06-16,2023-06-21,2023-07-01,,Not Started,,
PT07361,2023-12-16,2023-12-17,2024-01-04,2024-01-08,Started,,
PT07362,2025-02-08,2025-02-14,2025-03-11,2025-03-20,Discontinued,2025-06-25,Adverse Event
PT07363,2025-12-26,2025-12-28,2026-01-17,2026-01-27,Started,,
PT07364,2025-11-16,2025-11-22,2025-11-25,2025-11-30,Started,,
PT07365,2024-03-19,2024-03-20,2024-04-13,2024-04-21,Discontinued,2024-09-09,Patient Decision
PT07366,2025-03-09,2025-03-11,2025-03-28,2025-03-31,Started,,
PT07367,2025-06-29,2025-07-02,2025-07-19,,Not Started,,
PT07368,2025-10-16,2025-10-21,2025-11-18,2025-11-24,Started,,
PT07369,2023-08-31,2023-09-03,2023-09-21,2023-09-27,Started,,
PT07370,2024-02-12,2024-02-18,2024-03-08,2024-03-13,Started,,
PT07371,2023-10-12,2023-10-17,2023-11-04,2023-11-12,Started,,
PT07372,2023-02-24,2023-02-27,2023-03-24,2023-04-06,Started,,
PT07373,2025-08-23,2025-08-27,2025-09-06,2025-09-12,Started,,
PT07374,2025-10-14,2025-10-18,2025-11-12,2025-11-21,Started,,
PT07375,2025-06-06,2025-06-09,2025-06-28,2025-07-12,Started,,
PT07376,2023-09-16,2023-09-22,2023-10-03,2023-10-14,Started,,
PT07377,2025-02-03,2025-02-04,2025-03-01,,Not Started,,
PT07378,2025-10-24,2025-10-25,2025-11-10,,Not Started,,
PT07379,2024-08-19,2024-08-24,2024-09-17,2024-09-23,Started,,
PT07380,2024-05-19,2024-05-26,2024-06-26,2024-07-09,Started,,
PT07381,2023-11-01,2023-11-07,2023-11-29,,Not Started,,
PT07382,2023-11-20,2023-11-24,2023-12-06,2023-12-09,Started,,
PT07383,2024-03-08,2024-03-13,2024-04-04,2024-04-09,Started,,
PT07384,2025-07-13,2025-07-14,2025-07-29,2025-08-11,Started,,
PT07385,2023-02-04,2023-02-08,2023-03-05,,Not Started,,
PT07386,2024-09-19,2024-09-23,2024-10-16,2024-10-23,Started,,
PT07387,2024-08-17,2024-08-24,2024-09-06,2024-09-19,Started,,
PT07388,2024-01-09,2024-01-13,2024-02-06,,Not Started,,
PT07389,2023-11-04,2023-11-11,2023-12-03,2023-12-13,Started,,
PT07390,2023-07-17,2023-07-20,2023-08-09,2023-08-12,Discontinued,2024-02-20,Treatment Ineffectiveness
PT07391,2025-06-24,2025-06-27,2025-07-19,2025-07-31,Started,,
PT07392,2025-04-27,2025-05-03,2025-05-17,2025-05-23,Started,,
PT07393,2024-08-07,2024-08-09,2024-08-22,2024-08-24,Started,,
PT07394,2023-02-07,2023-02-08,2023-03-13,2023-03-19,Started,,
PT07395,2025-01-24,2025-01-28,2025-02-17,2025-02-28,Started,,
PT07396,2025-04-17,2025-04-23,2025-05-13,2025-05-23,Started,,
PT07397,2025-07-02,2025-07-06,2025-08-04,2025-08-13,Started,,
PT07398,2023-11-12,2023-11-19,2023-12-16,2023-12-22,Started,,
PT07399,2025-01-13,2025-01-18,2025-01-25,2025-01-28,Started,,
PT07400,2025-12-12,2025-12-19,2025-12-22,2025-12-27,Discontinued,2026-07-18,Access Issue
PT07401,2024-05-02,2024-05-07,2024-06-04,2024-06-10,Started,,
PT07402,2025-02-04,2025-02-10,2025-03-07,2025-03-20,Started,,
PT07403,2024-09-12,2024-09-14,2024-09-22,2024-10-04,Started,,
PT07404,2024-09-29,2024-10-01,2024-10-21,2024-10-27,Discontinued,2025-01-20,Adverse Event
PT07405,2024-04-17,2024-04-18,2024-05-15,2024-05-20,Started,,
PT07406,2024-12-27,2024-12-28,2025-01-07,2025-01-15,Started,,
PT07407,2024-04-03,2024-04-08,2024-05-03,2024-05-14,Started,,
PT07408,2023-03-12,2023-03-14,2023-03-25,2023-04-03,Started,,
PT07409,2025-02-15,2025-02-20,2025-03-21,2025-03-30,Started,,
PT07410,2023-05-23,2023-05-24,2023-06-05,2023-06-10,Started,,
PT07411,2024-12-06,2024-12-12,2024-12-26,2025-01-04,Started,,
PT07412,2024-07-12,2024-07-14,2024-08-07,2024-08-19,Started,,
PT07413,2025-07-21,2025-07-24,2025-08-14,2025-08-20,Started,,
PT07414,2025-07-11,2025-07-15,2025-07-29,2025-08-03,Started,,
PT07415,2024-12-23,2024-12-30,2025-01-25,2025-02-08,Started,,
PT07416,2024-08-02,2024-08-08,2024-08-13,2024-08-16,Started,,
PT07417,2025-06-10,2025-06-17,2025-07-13,2025-07-21,Started,,
PT07418,2023-04-30,2023-05-07,2023-05-19,2023-05-29,Started,,
PT07419,2025-08-18,2025-08-24,2025-09-18,2025-09-28,Started,,
PT07420,2025-01-21,2025-01-28,2025-02-03,2025-02-15,Started,,
PT07421,2024-02-11,2024-02-13,2024-02-29,2024-03-07,Started,,
PT07422,2024-02-14,2024-02-20,2024-03-11,2024-03-20,Started,,
PT07423,2023-07-29,2023-08-04,2023-08-30,2023-09-01,Discontinued,2023-12-22,Patient Decision
PT07424,2023-05-03,2023-05-05,2023-05-20,2023-05-30,Started,,
PT07425,2023-09-02,2023-09-09,2023-09-26,2023-10-10,Started,,
PT07426,2025-04-01,2025-04-06,2025-05-06,2025-05-11,Started,,
PT07427,2025-06-12,2025-06-19,2025-07-07,2025-07-09,Started,,
PT07428,2023-09-22,2023-09-23,2023-10-08,2023-10-12,Started,,
PT07429,2023-10-17,2023-10-19,2023-10-28,,Not Started,,
PT07430,2023-07-11,2023-07-18,2023-08-07,2023-08-15,Started,,
PT07431,2023-11-28,2023-12-04,2023-12-17,2023-12-25,Started,,
PT07432,2023-01-27,2023-02-02,2023-03-10,2023-03-20,Discontinued,2023-08-10,Treatment Ineffectiveness
PT07433,2025-12-07,2025-12-09,2026-01-01,,Not Started,,
PT07434,2025-09-29,2025-10-01,2025-10-11,2025-10-23,Started,,
PT07435,2024-10-21,2024-10-27,2024-11-03,,Not Started,,
PT07436,2024-11-14,2024-11-16,2024-12-03,2024-12-11,Started,,
PT07437,2024-11-07,2024-11-11,2024-12-08,2024-12-13,Started,,
PT07438,2025-05-07,2025-05-14,2025-05-21,2025-05-30,Started,,
PT07439,2025-04-02,2025-04-05,2025-04-29,2025-05-06,Started,,
PT07440,2024-12-16,2024-12-23,2025-01-14,2025-01-21,Started,,
PT07441,2025-06-03,2025-06-05,2025-06-13,2025-06-17,Started,,
PT07442,2025-01-24,2025-01-30,2025-02-25,2025-03-07,Started,,
PT07443,2023-10-11,2023-10-17,2023-10-27,2023-11-08,Started,,
PT07444,2025-01-20,2025-01-27,2025-02-08,2025-02-10,Started,,
PT07445,2023-01-07,2023-01-09,2023-01-15,2023-01-20,Started,,
PT07446,2025-10-27,2025-11-01,2025-11-08,2025-11-16,Started,,
PT07447,2024-12-10,2024-12-16,2025-01-12,2025-01-18,Started,,
PT07448,2023-08-13,2023-08-18,2023-09-03,2023-09-07,Started,,
PT07449,2025-01-16,2025-01-23,2025-02-10,2025-02-12,Started,,
PT07450,2025-02-17,2025-02-21,2025-03-17,2025-03-31,Started,,
PT07451,2023-10-04,2023-10-09,2023-10-28,2023-11-08,Started,,
PT07452,2025-12-06,2025-12-11,2026-01-03,2026-01-15,Started,,
PT07453,2025-04-19,2025-04-22,2025-05-13,2025-05-19,Started,,
PT07454,2025-08-12,2025-08-18,2025-08-31,,Not Started,,
PT07455,2025-06-16,2025-06-22,2025-07-05,2025-07-14,Discontinued,2026-03-03,Access Issue
PT07456,2024-08-25,2024-08-26,2024-09-12,2024-09-25,Started,,
PT07457,2024-09-15,2024-09-20,2024-10-13,2024-10-17,Started,,
PT07458,2023-11-08,2023-11-12,2023-11-30,2023-12-12,Started,,
PT07459,2024-07-08,2024-07-10,2024-07-26,2024-07-30,Started,,
PT07460,2024-11-11,2024-11-18,2024-11-25,,Not Started,,
PT07461,2024-07-23,2024-07-26,2024-08-09,2024-08-22,Started,,
PT07462,2023-11-20,2023-11-25,2023-12-01,,Not Started,,
PT07463,2023-11-18,2023-11-22,2023-12-13,2023-12-16,Started,,
PT07464,2024-07-26,2024-07-30,2024-08-17,2024-08-26,Started,,
PT07465,2025-05-28,2025-05-31,2025-06-05,2025-06-19,Started,,
PT07466,2024-12-06,2024-12-13,2025-01-08,,Not Started,,
PT07467,2024-08-25,2024-08-30,2024-09-10,2024-09-21,Started,,
PT07468,2024-04-18,2024-04-19,2024-05-13,2024-05-25,Started,,
PT07469,2025-01-27,2025-01-31,2025-02-14,2025-02-23,Started,,
PT07470,2025-06-24,2025-06-28,2025-07-16,2025-07-19,Started,,
PT07471,2023-09-21,2023-09-26,2023-10-08,2023-10-14,Started,,
PT07472,2025-09-25,2025-10-02,2025-10-08,,Not Started,,
PT07473,2025-01-31,2025-02-04,2025-02-21,2025-02-25,Started,,
PT07474,2025-09-06,2025-09-10,2025-09-24,2025-09-28,Started,,
PT07475,2025-08-26,2025-08-30,2025-09-25,,Not Started,,
PT07476,2024-05-31,2024-06-03,2024-06-30,,Not Started,,
PT07477,2025-12-14,2025-12-21,2026-01-10,,Not Started,,
PT07478,2024-06-16,2024-06-22,2024-07-16,2024-07-22,Started,,
PT07479,2024-03-03,2024-03-08,2024-03-12,,Not Started,,
PT07480,2024-08-04,2024-08-10,2024-08-29,2024-09-03,Started,,
PT07481,2023-02-23,2023-03-01,2023-03-21,2023-03-28,Started,,
PT07482,2023-09-13,2023-09-16,2023-10-10,2023-10-18,Started,,
PT07483,2025-06-23,2025-06-25,2025-07-09,2025-07-14,Discontinued,2025-12-17,Cost / Affordability
PT07484,2023-11-16,2023-11-20,2023-12-05,2023-12-15,Started,,
PT07485,2025-01-19,2025-01-26,2025-02-24,,Not Started,,
PT07486,2023-04-20,2023-04-25,2023-05-14,2023-05-18,Started,,
PT07487,2024-11-09,2024-11-14,2024-12-07,,Not Started,,
PT07488,2023-11-04,2023-11-06,2023-11-09,2023-11-11,Started,,
PT07489,2025-06-24,2025-06-28,2025-07-16,2025-07-23,Started,,
PT07490,2024-05-31,2024-06-03,2024-06-30,2024-07-12,Started,,
PT07491,2023-11-11,2023-11-12,2023-12-07,2023-12-09,Discontinued,2024-03-09,Access Issue
PT07492,2025-03-27,2025-03-30,2025-04-09,2025-04-23,Discontinued,2025-07-26,Patient Decision
PT07493,2023-12-04,2023-12-06,2023-12-17,2023-12-24,Started,,
PT07494,2023-01-29,2023-02-04,2023-02-20,2023-02-27,Started,,
PT07495,2025-04-18,2025-04-24,2025-05-05,2025-05-17,Started,,
PT07496,2024-10-06,2024-10-11,2024-10-29,2024-11-05,Started,,
PT07497,2025-09-25,2025-10-02,2025-10-18,2025-10-24,Started,,
PT07498,2025-02-08,2025-02-12,2025-02-28,2025-03-04,Started,,
PT07499,2025-05-26,2025-06-01,2025-06-09,2025-06-17,Started,,
PT07500,2025-03-01,2025-03-08,2025-03-14,2025-03-19,Started,,
PT07501,2024-01-02,2024-01-07,2024-01-22,2024-02-01,Discontinued,2024-05-25,Patient Decision
PT07502,2025-10-20,2025-10-23,2025-11-05,,Not Started,,
PT07503,2024-04-08,2024-04-11,2024-04-14,2024-04-21,Started,,
PT07504,2024-09-22,2024-09-28,2024-10-23,2024-11-03,Started,,
PT07505,2025-01-19,2025-01-25,2025-02-12,2025-02-23,Started,,
PT07506,2023-09-13,2023-09-16,2023-10-03,2023-10-08,Started,,
PT07507,2023-03-22,2023-03-24,2023-04-12,2023-04-19,Started,,
PT07508,2023-03-23,2023-03-25,2023-04-09,2023-04-18,Started,,
PT07509,2025-09-24,2025-10-01,2025-10-20,2025-10-27,Started,,
PT07510,2024-06-09,2024-06-13,2024-06-26,2024-07-02,Started,,
PT07511,2025-01-11,2025-01-15,2025-01-29,2025-02-06,Started,,
PT07512,2025-11-03,2025-11-07,2025-11-25,2025-12-02,Started,,
PT07513,2025-12-28,2026-01-01,2026-02-05,2026-02-16,Discontinued,2026-09-02,Treatment Ineffectiveness
PT07514,2024-12-13,2024-12-16,2024-12-21,2024-12-23,Discontinued,2025-04-19,Adverse Event
PT07515,2025-01-30,2025-02-02,2025-02-14,2025-02-18,Started,,
PT07516,2023-06-04,2023-06-11,2023-06-25,2023-07-01,Started,,
PT07517,2024-02-20,2024-02-27,2024-03-06,,Not Started,,
PT07518,2024-08-01,2024-08-02,2024-08-29,2024-09-09,Started,,
PT07519,2024-09-11,2024-09-16,2024-09-28,,Not Started,,
PT07520,2024-10-12,2024-10-16,2024-10-31,2024-11-05,Started,,
PT07521,2024-09-03,2024-09-06,2024-09-19,2024-09-24,Started,,
PT07522,2025-10-30,2025-11-05,2025-11-22,2025-11-25,Started,,
PT07523,2023-07-02,2023-07-09,2023-08-07,,Not Started,,
PT07524,2024-03-07,2024-03-11,2024-03-19,2024-03-28,Started,,
PT07525,2025-12-24,2025-12-29,2026-01-16,2026-01-20,Started,,
PT07526,2025-11-21,2025-11-27,2025-12-07,2025-12-13,Started,,
PT07527,2023-12-19,2023-12-20,2024-01-04,2024-01-14,Started,,
PT07528,2023-07-17,2023-07-18,2023-08-03,,Not Started,,
PT07529,2025-04-25,2025-05-02,2025-05-09,,Not Started,,
PT07530,2025-07-25,2025-07-30,2025-08-21,2025-09-01,Started,,
PT07531,2024-06-20,2024-06-25,2024-07-20,2024-07-27,Started,,
PT07532,2024-12-18,2024-12-24,2025-01-06,2025-01-08,Started,,
PT07533,2023-04-26,2023-05-03,2023-05-17,2023-05-28,Started,,
PT07534,2024-11-18,2024-11-20,2024-12-05,2024-12-10,Started,,
PT07535,2025-07-15,2025-07-18,2025-08-09,2025-08-14,Started,,
PT07536,2025-04-27,2025-05-03,2025-05-23,2025-06-05,Started,,
PT07537,2025-04-05,2025-04-09,2025-05-03,2025-05-10,Started,,
PT07538,2024-08-25,2024-08-29,2024-09-14,2024-09-26,Started,,
PT07539,2023-12-24,2023-12-29,2024-01-17,2024-01-25,Started,,
PT07540,2024-05-08,2024-05-15,2024-06-17,2024-06-20,Started,,
PT07541,2023-09-04,2023-09-05,2023-09-20,2023-09-25,Discontinued,2024-02-05,Patient Decision
PT07542,2023-08-29,2023-08-31,2023-09-22,2023-09-26,Discontinued,2024-03-07,Adverse Event
PT07543,2024-09-01,2024-09-04,2024-09-07,2024-09-13,Started,,
PT07544,2025-12-05,2025-12-12,2025-12-19,2026-01-02,Started,,
PT07545,2024-09-07,2024-09-13,2024-10-04,2024-10-09,Started,,
PT07546,2023-11-10,2023-11-11,2023-11-20,2023-12-03,Started,,
PT07547,2023-04-06,2023-04-11,2023-05-04,2023-05-07,Started,,
PT07548,2025-04-23,2025-04-28,2025-05-25,2025-06-05,Started,,
PT07549,2023-03-29,2023-03-31,2023-04-22,2023-05-05,Started,,
PT07550,2025-08-09,2025-08-13,2025-08-17,,Not Started,,
PT07551,2023-11-04,2023-11-07,2023-12-01,2023-12-04,Started,,
PT07552,2024-06-05,2024-06-07,2024-07-03,2024-07-11,Started,,
PT07553,2023-05-04,2023-05-06,2023-06-03,2023-06-08,Started,,
PT07554,2024-07-23,2024-07-25,2024-07-31,2024-08-04,Started,,
PT07555,2023-04-04,2023-04-11,2023-05-08,2023-05-16,Discontinued,2023-12-31,Cost / Affordability
PT07556,2025-06-11,2025-06-16,2025-06-26,2025-07-01,Started,,
PT07557,2023-12-01,2023-12-07,2023-12-14,2023-12-19,Started,,
PT07558,2024-02-15,2024-02-22,2024-03-11,2024-03-25,Started,,
PT07559,2023-02-15,2023-02-17,2023-03-03,2023-03-08,Started,,
PT07560,2023-02-19,2023-02-20,2023-02-28,2023-03-03,Started,,
PT07561,2024-06-19,2024-06-20,2024-07-18,,Not Started,,
PT07562,2024-08-30,2024-09-05,2024-09-19,2024-09-28,Started,,
PT07563,2025-09-20,2025-09-22,2025-10-05,2025-10-16,Started,,
PT07564,2025-11-08,2025-11-09,2025-11-20,2025-11-24,Started,,
PT07565,2023-05-13,2023-05-19,2023-06-07,,Not Started,,
PT07566,2025-03-29,2025-04-04,2025-04-15,2025-04-27,Started,,
PT07567,2024-05-07,2024-05-10,2024-06-12,2024-06-24,Started,,
PT07568,2025-03-16,2025-03-19,2025-04-05,2025-04-18,Started,,
PT07569,2025-08-06,2025-08-07,2025-08-30,2025-09-12,Started,,
PT07570,2025-09-19,2025-09-26,2025-10-06,2025-10-18,Started,,
PT07571,2024-04-06,2024-04-09,2024-04-19,,Not Started,,
PT07572,2025-02-20,2025-02-23,2025-03-12,2025-03-20,Started,,
PT07573,2025-04-17,2025-04-24,2025-05-12,2025-05-22,Started,,
PT07574,2024-03-04,2024-03-08,2024-03-19,2024-03-26,Discontinued,2024-07-19,Cost / Affordability
PT07575,2024-07-23,2024-07-28,2024-08-20,2024-08-29,Started,,
PT07576,2023-06-11,2023-06-15,2023-07-13,2023-07-22,Started,,
PT07577,2024-08-23,2024-08-25,2024-09-11,2024-09-23,Started,,
PT07578,2025-08-17,2025-08-22,2025-09-05,2025-09-16,Started,,
PT07579,2023-10-31,2023-11-01,2023-11-17,2023-11-28,Started,,
PT07580,2025-08-21,2025-08-24,2025-09-11,2025-09-22,Discontinued,2026-02-12,Adverse Event
PT07581,2025-07-07,2025-07-08,2025-08-05,,Not Started,,
PT07582,2023-11-21,2023-11-28,2023-12-21,2024-01-02,Started,,
PT07583,2023-04-29,2023-05-01,2023-05-20,2023-05-24,Started,,
PT07584,2025-12-23,2025-12-27,2026-01-21,2026-02-03,Started,,
PT07585,2024-03-17,2024-03-21,2024-04-10,2024-04-14,Started,,
PT07586,2024-01-09,2024-01-13,2024-01-16,2024-01-25,Started,,
PT07587,2024-07-09,2024-07-16,2024-07-30,2024-08-02,Started,,
PT07588,2023-07-20,2023-07-23,2023-08-05,2023-08-17,Started,,
PT07589,2024-06-24,2024-07-01,2024-08-01,2024-08-05,Discontinued,2024-10-18,Access Issue
PT07590,2023-09-15,2023-09-16,2023-10-01,,Not Started,,
PT07591,2024-02-19,2024-02-21,2024-03-08,2024-03-22,Discontinued,2024-10-07,Adverse Event
PT07592,2023-08-21,2023-08-24,2023-09-18,2023-10-01,Discontinued,2024-03-26,Cost / Affordability
PT07593,2023-09-05,2023-09-06,2023-09-20,2023-09-29,Started,,
PT07594,2024-04-19,2024-04-22,2024-05-04,2024-05-17,Started,,
PT07595,2024-03-04,2024-03-05,2024-03-27,2024-03-31,Started,,
PT07596,2025-03-14,2025-03-20,2025-04-05,2025-04-08,Started,,
PT07597,2024-10-16,2024-10-18,2024-11-11,2024-11-13,Started,,
PT07598,2023-11-30,2023-12-02,2023-12-28,,Not Started,,
PT07599,2025-09-10,2025-09-16,2025-10-21,2025-10-31,Discontinued,2026-02-25,Adverse Event
PT07600,2024-08-23,2024-08-27,2024-09-12,,Not Started,,
PT07601,2025-09-14,2025-09-17,2025-10-02,2025-10-14,Started,,
PT07602,2025-05-20,2025-05-26,2025-06-02,2025-06-07,Started,,
PT07603,2024-05-11,2024-05-17,2024-06-03,2024-06-08,Started,,
PT07604,2025-10-08,2025-10-13,2025-11-03,2025-11-11,Started,,
PT07605,2023-04-28,2023-05-02,2023-05-22,2023-06-03,Started,,
PT07606,2024-06-24,2024-06-29,2024-07-21,2024-08-03,Discontinued,2024-09-21,Patient Decision
PT07607,2024-03-07,2024-03-09,2024-03-31,2024-04-02,Discontinued,2024-06-21,Treatment Ineffectiveness
PT07608,2025-01-11,2025-01-17,2025-01-29,2025-02-04,Started,,
PT07609,2025-09-11,2025-09-18,2025-10-06,2025-10-14,Started,,
PT07610,2025-02-20,2025-02-23,2025-03-16,2025-03-23,Started,,
PT07611,2024-03-23,2024-03-29,2024-04-20,2024-05-03,Discontinued,2024-07-09,Cost / Affordability
PT07612,2024-04-21,2024-04-23,2024-05-14,2024-05-26,Started,,
PT07613,2024-12-03,2024-12-09,2024-12-16,,Not Started,,
PT07614,2023-02-28,2023-03-04,2023-03-18,2023-03-30,Started,,
PT07615,2025-05-11,2025-05-18,2025-05-30,2025-06-12,Started,,
PT07616,2025-09-18,2025-09-22,2025-10-06,2025-10-13,Started,,
PT07617,2024-01-25,2024-01-30,2024-02-24,2024-03-03,Started,,
PT07618,2025-12-11,2025-12-17,2026-01-04,2026-01-07,Started,,
PT07619,2024-04-02,2024-04-07,2024-04-22,2024-04-27,Started,,
PT07620,2023-10-02,2023-10-08,2023-10-18,2023-10-21,Started,,
PT07621,2024-12-16,2024-12-23,2025-01-03,2025-01-05,Started,,
PT07622,2024-02-20,2024-02-22,2024-03-12,2024-03-20,Started,,
PT07623,2023-12-06,2023-12-10,2024-01-06,2024-01-10,Started,,
PT07624,2025-05-30,2025-06-04,2025-06-28,,Not Started,,
PT07625,2024-01-02,2024-01-06,2024-01-22,2024-01-28,Started,,
PT07626,2025-12-14,2025-12-15,2025-12-23,2025-12-28,Started,,
PT07627,2023-02-28,2023-03-03,2023-03-21,2023-04-01,Started,,
PT07628,2025-09-13,2025-09-20,2025-10-22,2025-10-28,Started,,
PT07629,2025-05-25,2025-05-26,2025-06-11,2025-06-16,Started,,
PT07630,2023-01-02,2023-01-09,2023-02-01,2023-02-07,Started,,
PT07631,2025-11-04,2025-11-10,2025-11-28,2025-12-01,Started,,
PT07632,2025-09-11,2025-09-18,2025-09-29,2025-10-03,Started,,
PT07633,2023-10-12,2023-10-16,2023-10-25,2023-10-27,Started,,
PT07634,2025-02-15,2025-02-20,2025-03-06,2025-03-20,Started,,
PT07635,2023-08-12,2023-08-17,2023-09-11,,Not Started,,
PT07636,2025-11-03,2025-11-05,2025-11-24,2025-12-03,Started,,
PT07637,2025-06-18,2025-06-23,2025-07-21,2025-08-02,Started,,
PT07638,2023-01-09,2023-01-12,2023-01-24,2023-02-06,Started,,
PT07639,2024-02-05,2024-02-11,2024-03-03,2024-03-07,Started,,
PT07640,2025-02-24,2025-02-27,2025-03-07,2025-03-16,Started,,
PT07641,2023-05-17,2023-05-19,2023-06-11,2023-06-25,Started,,
PT07642,2025-04-21,2025-04-26,2025-05-14,2025-05-28,Discontinued,2026-01-01,Treatment Ineffectiveness
PT07643,2024-12-09,2024-12-15,2024-12-27,2025-01-01,Started,,
PT07644,2023-10-06,2023-10-11,2023-11-02,,Not Started,,
PT07645,2025-05-10,2025-05-15,2025-06-05,,Not Started,,
PT07646,2023-11-16,2023-11-20,2023-12-05,,Not Started,,
PT07647,2024-08-05,2024-08-07,2024-08-18,2024-08-23,Started,,
PT07648,2025-06-07,2025-06-12,2025-06-30,2025-07-05,Started,,
PT07649,2025-03-11,2025-03-18,2025-04-13,,Not Started,,
PT07650,2023-06-29,2023-07-04,2023-07-17,2023-07-29,Started,,
PT07651,2024-03-26,2024-03-31,2024-04-23,2024-04-29,Started,,
PT07652,2023-05-12,2023-05-19,2023-06-16,2023-06-29,Started,,
PT07653,2023-10-03,2023-10-10,2023-10-29,2023-10-31,Started,,
PT07654,2023-09-30,2023-10-04,2023-10-17,,Not Started,,
PT07655,2025-06-20,2025-06-25,2025-07-07,2025-07-16,Started,,
PT07656,2024-10-22,2024-10-29,2024-11-08,2024-11-22,Started,,
PT07657,2024-11-15,2024-11-19,2024-12-17,2024-12-28,Started,,
PT07658,2023-10-25,2023-11-01,2023-11-30,2023-12-12,Started,,
PT07659,2023-09-15,2023-09-21,2023-10-08,2023-10-20,Started,,
PT07660,2024-02-23,2024-02-26,2024-03-22,2024-04-01,Started,,
PT07661,2025-10-18,2025-10-20,2025-10-28,2025-11-02,Started,,
PT07662,2025-04-23,2025-04-30,2025-06-01,,Not Started,,
PT07663,2023-04-17,2023-04-23,2023-05-24,2023-05-27,Started,,
PT07664,2025-08-31,2025-09-07,2025-09-22,2025-09-24,Started,,
PT07665,2023-11-07,2023-11-08,2023-11-17,,Not Started,,
PT07666,2024-06-03,2024-06-06,2024-06-13,2024-06-21,Discontinued,2024-09-17,Cost / Affordability
PT07667,2025-05-23,2025-05-30,2025-06-16,2025-06-28,Started,,
PT07668,2025-06-14,2025-06-16,2025-07-09,,Not Started,,
PT07669,2025-05-08,2025-05-10,2025-05-28,,Not Started,,
PT07670,2023-10-10,2023-10-13,2023-11-04,2023-11-06,Started,,
PT07671,2024-04-28,2024-05-05,2024-05-26,2024-06-09,Started,,
PT07672,2024-02-26,2024-03-02,2024-03-19,2024-03-22,Started,,
PT07673,2025-10-03,2025-10-07,2025-10-23,2025-11-03,Started,,
PT07674,2025-12-11,2025-12-13,2025-12-31,2026-01-03,Started,,
PT07675,2023-12-16,2023-12-20,2024-01-14,2024-01-18,Started,,
PT07676,2025-05-28,2025-05-31,2025-06-14,2025-06-20,Started,,
PT07677,2025-05-09,2025-05-15,2025-05-22,2025-05-26,Started,,
PT07678,2023-05-27,2023-05-31,2023-06-14,2023-06-19,Started,,
PT07679,2023-02-26,2023-03-05,2023-03-26,2023-04-01,Started,,
PT07680,2023-02-21,2023-02-26,2023-03-21,2023-03-31,Discontinued,2023-11-15,Treatment Ineffectiveness
PT07681,2024-09-24,2024-09-28,2024-10-01,2024-10-08,Started,,
PT07682,2025-09-14,2025-09-17,2025-09-29,2025-10-08,Started,,
PT07683,2025-01-13,2025-01-16,2025-02-05,2025-02-19,Discontinued,2025-07-18,Patient Decision
PT07684,2023-02-23,2023-02-26,2023-03-02,2023-03-09,Started,,
PT07685,2024-05-20,2024-05-23,2024-06-04,2024-06-14,Started,,
PT07686,2024-04-10,2024-04-17,2024-05-08,2024-05-10,Started,,
PT07687,2023-03-20,2023-03-22,2023-04-02,2023-04-05,Discontinued,2023-07-22,Cost / Affordability
PT07688,2024-03-21,2024-03-24,2024-04-13,2024-04-25,Started,,
PT07689,2025-07-31,2025-08-03,2025-08-27,2025-09-04,Started,,
PT07690,2025-03-15,2025-03-22,2025-04-02,2025-04-12,Started,,
PT07691,2023-10-15,2023-10-21,2023-10-27,2023-10-29,Discontinued,2024-02-13,Treatment Ineffectiveness
PT07692,2025-09-11,2025-09-13,2025-10-02,2025-10-05,Started,,
PT07693,2023-07-30,2023-08-01,2023-08-18,,Not Started,,
PT07694,2025-08-08,2025-08-14,2025-08-21,2025-09-02,Started,,
PT07695,2025-09-28,2025-10-03,2025-10-14,2025-10-27,Started,,
PT07696,2023-02-19,2023-02-22,2023-03-22,2023-03-29,Started,,
PT07697,2024-09-03,2024-09-06,2024-09-20,2024-09-26,Started,,
PT07698,2024-05-03,2024-05-04,2024-05-27,2024-06-01,Started,,
PT07699,2023-05-26,2023-05-31,2023-06-26,2023-07-07,Started,,
PT07700,2023-05-24,2023-05-28,2023-06-15,2023-06-28,Started,,
PT07701,2023-03-13,2023-03-18,2023-04-02,2023-04-09,Started,,
PT07702,2024-09-16,2024-09-18,2024-10-08,2024-10-13,Started,,
PT07703,2025-09-09,2025-09-14,2025-10-12,,Not Started,,
PT07704,2023-11-20,2023-11-24,2023-12-21,2023-12-30,Started,,
PT07705,2023-03-06,2023-03-11,2023-03-22,2023-04-03,Started,,
PT07706,2024-12-26,2025-01-02,2025-01-15,2025-01-23,Started,,
PT07707,2024-01-01,2024-01-07,2024-01-27,2024-02-06,Started,,
PT07708,2023-10-16,2023-10-17,2023-10-20,2023-10-28,Started,,
PT07709,2025-06-09,2025-06-12,2025-06-24,2025-07-03,Started,,
PT07710,2023-12-25,2024-01-01,2024-01-23,2024-01-30,Started,,
PT07711,2024-05-04,2024-05-08,2024-05-26,2024-06-07,Started,,
PT07712,2025-05-11,2025-05-16,2025-06-13,2025-06-23,Started,,
PT07713,2023-04-30,2023-05-01,2023-06-03,2023-06-16,Discontinued,2023-10-19,Cost / Affordability
PT07714,2023-01-31,2023-02-07,2023-02-25,,Not Started,,
PT07715,2024-03-22,2024-03-27,2024-04-20,2024-04-29,Started,,
PT07716,2024-01-04,2024-01-06,2024-01-17,2024-01-28,Started,,
PT07717,2023-06-28,2023-07-02,2023-07-14,2023-07-22,Started,,
PT07718,2024-10-27,2024-10-29,2024-11-19,2024-11-24,Started,,
PT07719,2023-04-21,2023-04-27,2023-05-14,2023-05-17,Started,,
PT07720,2025-10-31,2025-11-04,2025-11-24,,Not Started,,
PT07721,2025-05-20,2025-05-21,2025-06-12,2025-06-14,Started,,
PT07722,2023-09-11,2023-09-17,2023-09-28,2023-10-03,Started,,
PT07723,2023-07-21,2023-07-22,2023-08-19,2023-08-29,Started,,
PT07724,2025-12-08,2025-12-11,2025-12-25,2025-12-31,Started,,
PT07725,2024-09-22,2024-09-29,2024-10-25,,Not Started,,
PT07726,2024-08-29,2024-08-31,2024-09-09,2024-09-17,Started,,
PT07727,2024-05-05,2024-05-10,2024-05-21,2024-05-30,Discontinued,2025-01-08,Cost / Affordability
PT07728,2023-01-21,2023-01-23,2023-02-13,2023-02-19,Started,,
PT07729,2024-08-27,2024-08-29,2024-09-20,2024-09-23,Started,,
PT07730,2023-08-23,2023-08-30,2023-09-20,,Not Started,,
PT07731,2024-03-18,2024-03-25,2024-04-19,2024-04-30,Started,,
PT07732,2023-08-27,2023-09-02,2023-09-17,2023-09-20,Discontinued,2024-02-09,Cost / Affordability
PT07733,2023-11-27,2023-12-04,2024-01-02,2024-01-06,Started,,
PT07734,2025-04-26,2025-05-03,2025-05-24,2025-06-05,Started,,
PT07735,2025-07-02,2025-07-03,2025-07-31,2025-08-03,Discontinued,2025-12-05,Treatment Ineffectiveness
PT07736,2023-12-13,2023-12-15,2024-01-03,2024-01-05,Started,,
PT07737,2023-07-09,2023-07-10,2023-07-25,2023-07-30,Started,,
PT07738,2023-09-08,2023-09-15,2023-10-06,,Not Started,,
PT07739,2023-08-08,2023-08-10,2023-09-01,,Not Started,,
PT07740,2023-11-28,2023-12-05,2023-12-23,2024-01-02,Started,,
PT07741,2024-09-02,2024-09-07,2024-09-23,2024-09-29,Started,,
PT07742,2023-06-20,2023-06-21,2023-07-01,2023-07-13,Started,,
PT07743,2023-05-21,2023-05-22,2023-06-07,2023-06-12,Started,,
PT07744,2024-11-06,2024-11-09,2024-11-27,,Not Started,,
PT07745,2023-11-17,2023-11-22,2023-12-10,2023-12-24,Started,,
PT07746,2024-11-13,2024-11-20,2024-11-25,2024-12-08,Started,,
PT07747,2023-03-13,2023-03-19,2023-04-10,2023-04-13,Started,,
PT07748,2025-11-15,2025-11-17,2025-12-04,2025-12-13,Started,,
PT07749,2024-09-05,2024-09-11,2024-10-10,,Not Started,,
PT07750,2024-04-30,2024-05-06,2024-05-22,2024-06-03,Discontinued,2024-12-04,Adverse Event
PT07751,2025-05-29,2025-06-02,2025-06-19,2025-06-28,Started,,
PT07752,2024-06-14,2024-06-16,2024-07-10,2024-07-20,Started,,
PT07753,2023-07-07,2023-07-10,2023-07-25,,Not Started,,
PT07754,2024-07-10,2024-07-15,2024-08-04,2024-08-06,Started,,
PT07755,2023-07-21,2023-07-22,2023-08-07,2023-08-19,Started,,
PT07756,2023-07-27,2023-07-29,2023-08-16,,Not Started,,
PT07757,2023-02-21,2023-02-27,2023-03-27,2023-03-30,Discontinued,2023-10-25,Treatment Ineffectiveness
PT07758,2025-04-16,2025-04-22,2025-05-14,2025-05-27,Started,,
PT07759,2025-07-23,2025-07-24,2025-08-02,2025-08-14,Started,,
PT07760,2023-01-24,2023-01-28,2023-02-02,2023-02-07,Started,,
PT07761,2025-12-05,2025-12-11,2025-12-29,2026-01-03,Discontinued,2026-02-23,Adverse Event
PT07762,2024-06-08,2024-06-13,2024-06-17,2024-06-21,Started,,
PT07763,2023-05-07,2023-05-14,2023-05-30,2023-06-12,Started,,
PT07764,2023-10-06,2023-10-09,2023-10-20,2023-11-03,Started,,
PT07765,2025-03-24,2025-03-29,2025-04-11,2025-04-21,Started,,
PT07766,2025-09-08,2025-09-09,2025-09-17,2025-09-19,Started,,
PT07767,2023-02-20,2023-02-27,2023-03-16,2023-03-19,Started,,
PT07768,2023-12-26,2023-12-31,2024-01-27,2024-02-05,Discontinued,2024-08-16,Treatment Ineffectiveness
PT07769,2024-06-26,2024-07-01,2024-07-16,2024-07-21,Started,,
PT07770,2023-09-18,2023-09-21,2023-10-18,2023-10-22,Started,,
PT07771,2024-03-18,2024-03-23,2024-04-06,2024-04-20,Started,,
PT07772,2024-04-05,2024-04-09,2024-04-25,2024-05-07,Started,,
PT07773,2025-10-01,2025-10-07,2025-10-28,,Not Started,,
PT07774,2025-11-14,2025-11-21,2025-12-13,2025-12-26,Started,,
PT07775,2023-12-16,2023-12-18,2024-01-05,,Not Started,,
PT07776,2024-06-07,2024-06-10,2024-06-24,2024-06-27,Started,,
PT07777,2024-10-26,2024-10-29,2024-11-04,2024-11-15,Started,,
PT07778,2025-10-10,2025-10-12,2025-11-12,,Not Started,,
PT07779,2023-01-10,2023-01-12,2023-02-05,,Not Started,,
PT07780,2023-06-26,2023-07-01,2023-07-20,2023-07-25,Started,,
PT07781,2023-01-25,2023-01-28,2023-02-12,2023-02-16,Started,,
PT07782,2024-07-25,2024-08-01,2024-08-27,,Not Started,,
PT07783,2023-06-09,2023-06-14,2023-06-28,2023-07-08,Started,,
PT07784,2023-01-26,2023-01-31,2023-02-26,2023-03-11,Started,,
PT07785,2023-08-13,2023-08-17,2023-09-14,2023-09-28,Started,,
PT07786,2025-10-15,2025-10-21,2025-11-12,2025-11-19,Started,,
PT07787,2024-07-28,2024-08-01,2024-08-24,2024-09-05,Discontinued,2024-11-07,Treatment Ineffectiveness
PT07788,2023-09-13,2023-09-17,2023-10-09,,Not Started,,
PT07789,2025-03-04,2025-03-11,2025-03-24,2025-04-07,Started,,
PT07790,2024-01-04,2024-01-05,2024-01-23,2024-02-02,Discontinued,2024-07-12,Cost / Affordability
PT07791,2024-08-09,2024-08-14,2024-08-24,2024-09-06,Started,,
PT07792,2025-09-09,2025-09-14,2025-10-06,2025-10-18,Started,,
PT07793,2025-04-03,2025-04-04,2025-04-25,2025-05-06,Started,,
PT07794,2023-03-30,2023-04-04,2023-04-16,2023-04-28,Started,,
PT07795,2024-04-10,2024-04-11,2024-05-07,2024-05-17,Started,,
PT07796,2025-06-03,2025-06-06,2025-06-17,2025-06-21,Discontinued,2025-12-31,Cost / Affordability
PT07797,2023-09-11,2023-09-14,2023-10-06,2023-10-18,Started,,
PT07798,2023-05-20,2023-05-23,2023-06-02,2023-06-12,Started,,
PT07799,2024-01-19,2024-01-20,2024-02-07,,Not Started,,
PT07800,2024-07-19,2024-07-25,2024-08-08,2024-08-14,Started,,
PT07801,2023-07-03,2023-07-06,2023-07-22,2023-07-26,Started,,
PT07802,2023-08-24,2023-08-25,2023-09-05,2023-09-14,Discontinued,2023-12-29,Patient Decision
PT07803,2024-07-11,2024-07-17,2024-08-01,2024-08-10,Started,,
PT07804,2025-12-14,2025-12-18,2026-01-15,2026-01-25,Started,,
PT07805,2025-10-23,2025-10-27,2025-11-03,2025-11-05,Started,,
PT07806,2023-05-20,2023-05-25,2023-06-05,2023-06-15,Discontinued,2023-11-19,Cost / Affordability
PT07807,2023-03-12,2023-03-16,2023-04-13,2023-04-25,Started,,
PT07808,2025-02-16,2025-02-19,2025-02-25,,Not Started,,
PT07809,2023-06-14,2023-06-19,2023-07-02,2023-07-05,Started,,
PT07810,2023-03-11,2023-03-18,2023-04-09,,Not Started,,
PT07811,2024-01-06,2024-01-13,2024-02-02,2024-02-10,Started,,
PT07812,2025-07-12,2025-07-16,2025-08-03,2025-08-13,Started,,
PT07813,2023-01-28,2023-02-02,2023-02-14,2023-02-16,Started,,
PT07814,2024-11-09,2024-11-11,2024-11-23,2024-12-07,Started,,
PT07815,2024-07-10,2024-07-12,2024-07-26,2024-07-30,Started,,
PT07816,2023-06-30,2023-07-01,2023-07-12,2023-07-14,Started,,
PT07817,2023-06-12,2023-06-16,2023-07-10,2023-07-12,Discontinued,2023-09-24,Cost / Affordability
PT07818,2024-08-07,2024-08-09,2024-08-25,,Not Started,,
PT07819,2024-09-03,2024-09-06,2024-09-28,2024-10-11,Started,,
PT07820,2025-03-19,2025-03-20,2025-04-03,2025-04-16,Started,,
PT07821,2025-08-26,2025-09-01,2025-09-05,2025-09-17,Started,,
PT07822,2023-04-30,2023-05-04,2023-05-17,2023-05-21,Started,,
PT07823,2025-07-22,2025-07-26,2025-08-02,2025-08-06,Started,,
PT07824,2025-12-24,2025-12-30,2026-01-22,2026-01-26,Started,,
PT07825,2024-12-13,2024-12-15,2024-12-24,2025-01-07,Discontinued,2025-05-10,Adverse Event
PT07826,2025-04-25,2025-05-02,2025-05-15,2025-05-18,Discontinued,2025-08-20,Access Issue
PT07827,2024-05-28,2024-06-03,2024-06-22,2024-07-01,Started,,
PT07828,2025-04-17,2025-04-18,2025-05-02,,Not Started,,
PT07829,2025-11-13,2025-11-15,2025-12-01,2025-12-15,Started,,
PT07830,2023-07-31,2023-08-05,2023-08-10,2023-08-12,Started,,
PT07831,2023-07-26,2023-08-01,2023-08-17,2023-08-25,Started,,
PT07832,2024-01-05,2024-01-09,2024-01-27,2024-02-01,Started,,
PT07833,2023-11-21,2023-11-24,2023-12-06,,Not Started,,
PT07834,2024-01-16,2024-01-21,2024-02-05,2024-02-14,Started,,
PT07835,2024-08-30,2024-09-02,2024-09-13,2024-09-25,Started,,
PT07836,2024-05-22,2024-05-28,2024-06-20,2024-07-02,Started,,
PT07837,2024-11-12,2024-11-16,2024-11-27,2024-12-02,Started,,
PT07838,2024-11-24,2024-11-25,2024-12-11,2024-12-23,Started,,
PT07839,2025-02-10,2025-02-14,2025-02-22,2025-03-08,Started,,
PT07840,2024-08-28,2024-09-03,2024-09-15,2024-09-24,Started,,
PT07841,2023-07-12,2023-07-16,2023-07-26,2023-08-07,Started,,
PT07842,2023-06-02,2023-06-09,2023-06-26,,Not Started,,
PT07843,2024-12-01,2024-12-05,2024-12-28,,Not Started,,
PT07844,2024-02-16,2024-02-23,2024-03-07,,Not Started,,
PT07845,2024-01-04,2024-01-07,2024-01-24,2024-02-07,Started,,
PT07846,2025-02-15,2025-02-17,2025-02-22,2025-03-03,Discontinued,2025-05-06,Access Issue
PT07847,2023-10-13,2023-10-16,2023-11-01,2023-11-11,Started,,
PT07848,2024-12-16,2024-12-19,2025-01-01,2025-01-15,Discontinued,2025-04-16,Patient Decision
PT07849,2025-09-21,2025-09-23,2025-09-28,2025-10-04,Started,,
PT07850,2025-06-09,2025-06-11,2025-06-21,2025-07-03,Started,,
PT07851,2024-03-29,2024-04-03,2024-04-27,2024-05-09,Started,,
PT07852,2023-02-23,2023-02-28,2023-03-10,2023-03-24,Started,,
PT07853,2023-02-20,2023-02-22,2023-03-06,2023-03-18,Started,,
PT07854,2025-01-20,2025-01-21,2025-02-04,2025-02-17,Started,,
PT07855,2023-05-25,2023-05-27,2023-06-04,2023-06-14,Started,,
PT07856,2023-07-29,2023-07-30,2023-08-25,2023-09-08,Started,,
PT07857,2023-03-25,2023-03-27,2023-04-21,2023-04-23,Started,,
PT07858,2023-06-09,2023-06-12,2023-06-22,2023-07-02,Started,,
PT07859,2024-02-05,2024-02-09,2024-03-04,2024-03-13,Started,,
PT07860,2023-07-31,2023-08-03,2023-08-20,2023-08-24,Started,,
PT07861,2024-12-24,2024-12-28,2025-01-07,,Not Started,,
PT07862,2024-02-25,2024-02-27,2024-03-13,2024-03-17,Started,,
PT07863,2023-06-28,2023-07-04,2023-07-19,2023-07-21,Started,,
PT07864,2025-12-10,2025-12-15,2026-01-02,2026-01-12,Started,,
PT07865,2024-07-04,2024-07-10,2024-08-07,2024-08-09,Started,,
PT07866,2023-05-25,2023-06-01,2023-06-15,2023-06-27,Discontinued,2023-12-06,Patient Decision
PT07867,2023-05-13,2023-05-16,2023-06-19,2023-06-27,Started,,
PT07868,2024-09-28,2024-10-03,2024-10-19,2024-10-29,Discontinued,2025-01-17,Treatment Ineffectiveness
PT07869,2023-12-11,2023-12-12,2023-12-26,2024-01-04,Started,,
PT07870,2025-06-17,2025-06-19,2025-07-07,2025-07-12,Started,,
PT07871,2024-12-30,2025-01-05,2025-01-16,2025-01-20,Started,,
PT07872,2023-12-14,2023-12-17,2024-01-02,2024-01-15,Started,,
PT07873,2024-07-08,2024-07-15,2024-08-08,2024-08-21,Started,,
PT07874,2024-12-05,2024-12-11,2024-12-23,2025-01-03,Started,,
PT07875,2023-02-21,2023-02-27,2023-03-21,2023-04-04,Started,,
PT07876,2024-10-17,2024-10-19,2024-11-06,2024-11-11,Started,,
PT07877,2023-08-21,2023-08-28,2023-09-07,2023-09-15,Started,,
PT07878,2023-01-21,2023-01-26,2023-02-14,2023-02-17,Started,,
PT07879,2024-12-17,2024-12-18,2025-01-18,2025-01-20,Discontinued,2025-05-27,Adverse Event
PT07880,2025-05-11,2025-05-15,2025-05-28,,Not Started,,
PT07881,2023-04-29,2023-05-06,2023-05-27,2023-06-05,Discontinued,2023-11-15,Treatment Ineffectiveness
PT07882,2024-04-26,2024-04-28,2024-05-04,2024-05-06,Started,,
PT07883,2024-07-08,2024-07-13,2024-07-28,2024-08-02,Started,,
PT07884,2025-10-23,2025-10-29,2025-11-15,2025-11-24,Discontinued,2026-05-08,Cost / Affordability
PT07885,2024-01-31,2024-02-07,2024-02-17,2024-03-01,Started,,
PT07886,2024-06-26,2024-06-28,2024-07-15,2024-07-19,Started,,
PT07887,2025-10-25,2025-10-27,2025-11-07,2025-11-17,Started,,
PT07888,2025-02-01,2025-02-06,2025-03-05,2025-03-17,Started,,
PT07889,2025-10-20,2025-10-25,2025-11-21,2025-12-05,Started,,
PT07890,2023-10-18,2023-10-19,2023-11-10,2023-11-21,Started,,
PT07891,2025-06-01,2025-06-05,2025-06-29,2025-07-01,Started,,
PT07892,2024-03-09,2024-03-11,2024-04-01,2024-04-12,Started,,
PT07893,2024-09-13,2024-09-17,2024-10-17,2024-10-21,Started,,
PT07894,2025-07-16,2025-07-20,2025-08-08,2025-08-12,Started,,
PT07895,2024-12-11,2024-12-14,2024-12-22,2025-01-02,Started,,
PT07896,2024-12-21,2024-12-27,2025-01-09,,Not Started,,
PT07897,2024-03-24,2024-03-29,2024-04-08,2024-04-19,Started,,
PT07898,2024-02-26,2024-02-28,2024-03-17,2024-03-19,Discontinued,2024-10-07,Patient Decision
PT07899,2023-02-27,2023-03-03,2023-03-16,2023-03-23,Started,,
PT07900,2023-01-02,2023-01-04,2023-02-04,2023-02-06,Started,,
PT07901,2023-01-12,2023-01-19,2023-02-02,2023-02-12,Started,,
PT07902,2025-01-28,2025-02-03,2025-02-25,,Not Started,,
PT07903,2024-01-11,2024-01-13,2024-02-10,2024-02-17,Started,,
PT07904,2025-04-08,2025-04-09,2025-04-20,2025-04-23,Started,,
PT07905,2024-09-07,2024-09-14,2024-10-10,2024-10-17,Started,,
PT07906,2025-01-04,2025-01-11,2025-02-04,2025-02-11,Started,,
PT07907,2024-05-04,2024-05-10,2024-05-25,2024-06-03,Discontinued,2024-07-23,Access Issue
PT07908,2025-10-22,2025-10-28,2025-11-05,2025-11-15,Started,,
PT07909,2023-04-02,2023-04-05,2023-04-21,,Not Started,,
PT07910,2024-03-31,2024-04-02,2024-04-21,2024-04-26,Started,,
PT07911,2025-09-10,2025-09-16,2025-09-28,2025-10-03,Started,,
PT07912,2025-06-12,2025-06-19,2025-06-28,,Not Started,,
PT07913,2024-12-28,2024-12-31,2025-01-13,2025-01-27,Started,,
PT07914,2023-08-18,2023-08-20,2023-09-04,2023-09-12,Started,,
PT07915,2023-07-21,2023-07-26,2023-08-14,2023-08-22,Started,,
PT07916,2025-11-02,2025-11-08,2025-11-28,2025-12-04,Started,,
PT07917,2025-08-26,2025-08-29,2025-09-05,2025-09-14,Started,,
PT07918,2024-06-17,2024-06-20,2024-07-03,2024-07-12,Started,,
PT07919,2024-02-23,2024-02-28,2024-03-06,2024-03-10,Started,,
PT07920,2023-03-20,2023-03-27,2023-04-20,2023-04-22,Started,,
PT07921,2025-05-21,2025-05-27,2025-06-07,2025-06-12,Started,,
PT07922,2025-04-04,2025-04-06,2025-05-03,2025-05-12,Discontinued,2025-09-01,Access Issue
PT07923,2025-10-20,2025-10-21,2025-10-30,2025-11-12,Discontinued,2026-06-08,Adverse Event
PT07924,2023-02-07,2023-02-13,2023-03-02,2023-03-04,Started,,
PT07925,2023-02-23,2023-02-27,2023-03-13,2023-03-24,Started,,
PT07926,2024-10-22,2024-10-28,2024-11-07,2024-11-16,Discontinued,2025-07-11,Access Issue
PT07927,2023-03-08,2023-03-12,2023-04-06,2023-04-13,Started,,
PT07928,2024-08-24,2024-08-30,2024-09-02,2024-09-16,Started,,
PT07929,2025-10-13,2025-10-20,2025-11-09,2025-11-12,Started,,
PT07930,2023-05-03,2023-05-10,2023-06-04,2023-06-06,Discontinued,2023-12-02,Adverse Event
PT07931,2023-07-24,2023-07-30,2023-08-19,2023-09-01,Started,,
PT07932,2023-05-06,2023-05-10,2023-06-05,2023-06-12,Started,,
PT07933,2024-10-23,2024-10-28,2024-11-19,2024-11-29,Discontinued,2025-06-19,Treatment Ineffectiveness
PT07934,2025-01-13,2025-01-17,2025-01-25,,Not Started,,
PT07935,2023-10-02,2023-10-04,2023-10-13,2023-10-27,Started,,
PT07936,2023-08-15,2023-08-21,2023-09-06,2023-09-17,Started,,
PT07937,2024-08-03,2024-08-07,2024-08-22,,Not Started,,
PT07938,2023-06-01,2023-06-08,2023-06-25,2023-06-27,Started,,
PT07939,2025-04-15,2025-04-19,2025-05-02,2025-05-12,Started,,
PT07940,2024-01-13,2024-01-20,2024-02-08,2024-02-18,Started,,
PT07941,2025-05-15,2025-05-22,2025-06-14,2025-06-28,Started,,
PT07942,2024-04-12,2024-04-15,2024-05-02,2024-05-11,Started,,
PT07943,2025-02-28,2025-03-06,2025-03-23,2025-04-04,Started,,
PT07944,2025-09-27,2025-09-30,2025-10-17,2025-10-19,Started,,
PT07945,2025-08-22,2025-08-24,2025-08-28,2025-09-06,Started,,
PT07946,2024-02-13,2024-02-17,2024-02-22,2024-02-29,Started,,
PT07947,2023-02-01,2023-02-08,2023-02-15,2023-02-22,Started,,
PT07948,2024-09-05,2024-09-10,2024-09-24,2024-09-30,Started,,
PT07949,2025-07-13,2025-07-20,2025-08-15,,Not Started,,
PT07950,2023-08-17,2023-08-18,2023-08-24,,Not Started,,
PT07951,2024-08-14,2024-08-17,2024-09-03,2024-09-12,Started,,
PT07952,2025-10-04,2025-10-05,2025-10-12,2025-10-25,Started,,
PT07953,2025-07-22,2025-07-27,2025-08-16,2025-08-21,Started,,
PT07954,2024-03-20,2024-03-24,2024-03-30,2024-04-05,Started,,
PT07955,2024-04-30,2024-05-01,2024-05-22,2024-05-25,Started,,
PT07956,2023-08-23,2023-08-24,2023-09-03,2023-09-07,Started,,
PT07957,2023-06-29,2023-07-05,2023-08-02,2023-08-10,Started,,
PT07958,2023-01-09,2023-01-15,2023-02-06,2023-02-19,Started,,
PT07959,2025-02-18,2025-02-19,2025-03-23,,Not Started,,
PT07960,2023-06-03,2023-06-06,2023-07-03,,Not Started,,
PT07961,2023-09-09,2023-09-13,2023-09-26,2023-10-08,Started,,
PT07962,2025-10-21,2025-10-23,2025-11-08,2025-11-11,Started,,
PT07963,2025-08-30,2025-09-06,2025-09-19,,Not Started,,
PT07964,2025-03-17,2025-03-19,2025-03-24,2025-04-07,Started,,
PT07965,2023-07-26,2023-08-01,2023-08-18,2023-08-20,Started,,
PT07966,2023-12-28,2024-01-01,2024-01-22,2024-02-01,Started,,
PT07967,2024-08-31,2024-09-04,2024-09-25,2024-09-28,Started,,
PT07968,2024-01-22,2024-01-25,2024-02-12,2024-02-17,Started,,
PT07969,2025-03-05,2025-03-11,2025-04-02,2025-04-07,Started,,
PT07970,2025-10-31,2025-11-07,2025-11-28,2025-12-05,Started,,
PT07971,2025-09-16,2025-09-17,2025-10-20,2025-10-29,Started,,
PT07972,2024-05-06,2024-05-08,2024-05-28,2024-06-04,Started,,
PT07973,2024-01-17,2024-01-24,2024-02-12,2024-02-15,Started,,
PT07974,2025-04-06,2025-04-12,2025-04-28,2025-05-05,Discontinued,2025-08-12,Access Issue
PT07975,2024-10-23,2024-10-29,2024-11-08,2024-11-11,Started,,
PT07976,2023-12-19,2023-12-20,2023-12-23,2023-12-25,Started,,
PT07977,2023-10-06,2023-10-07,2023-10-23,,Not Started,,
PT07978,2024-07-04,2024-07-10,2024-07-25,2024-08-05,Started,,
PT07979,2025-07-26,2025-07-30,2025-08-17,2025-08-26,Started,,
PT07980,2023-08-21,2023-08-24,2023-09-19,2023-09-23,Started,,
PT07981,2023-04-17,2023-04-21,2023-05-10,2023-05-24,Started,,
PT07982,2024-08-24,2024-08-27,2024-09-23,2024-10-07,Started,,
PT07983,2024-04-30,2024-05-01,2024-05-18,2024-05-24,Started,,
PT07984,2023-11-06,2023-11-13,2023-12-03,2023-12-17,Started,,
PT07985,2023-07-03,2023-07-05,2023-07-31,2023-08-12,Started,,
PT07986,2024-04-02,2024-04-05,2024-04-28,2024-05-02,Started,,
PT07987,2025-11-09,2025-11-13,2025-12-02,2025-12-06,Started,,
PT07988,2023-11-12,2023-11-14,2023-12-05,2023-12-18,Started,,
PT07989,2023-01-01,2023-01-08,2023-02-02,2023-02-06,Started,,
PT07990,2023-11-26,2023-12-01,2023-12-17,2023-12-31,Started,,
PT07991,2024-11-30,2024-12-06,2024-12-25,2024-12-27,Started,,
PT07992,2024-01-21,2024-01-24,2024-02-14,2024-02-22,Started,,
PT07993,2025-06-17,2025-06-22,2025-07-25,,Not Started,,
PT07994,2024-04-29,2024-05-06,2024-05-20,2024-05-31,Started,,
PT07995,2024-01-04,2024-01-07,2024-01-14,2024-01-25,Started,,
PT07996,2023-06-05,2023-06-08,2023-07-08,2023-07-17,Started,,
PT07997,2025-04-28,2025-05-03,2025-05-21,,Not Started,,
PT07998,2025-06-02,2025-06-05,2025-06-19,2025-06-25,Started,,
PT07999,2023-12-10,2023-12-17,2024-01-05,2024-01-17,Started,,
PT08000,2023-10-16,2023-10-22,2023-10-30,,Not Started,,
PT08001,2023-06-16,2023-06-17,2023-07-09,2023-07-15,Started,,
PT08002,2023-09-16,2023-09-17,2023-10-14,,Not Started,,
PT08003,2024-04-28,2024-04-29,2024-05-25,2024-05-29,Started,,
PT08004,2025-07-04,2025-07-07,2025-07-21,2025-07-25,Started,,
PT08005,2025-05-18,2025-05-23,2025-06-11,2025-06-23,Started,,
PT08006,2024-03-03,2024-03-06,2024-03-25,2024-04-08,Discontinued,2024-11-28,Adverse Event
PT08007,2023-02-27,2023-03-02,2023-03-08,2023-03-22,Started,,
PT08008,2023-10-22,2023-10-26,2023-11-13,2023-11-19,Started,,
PT08009,2024-09-05,2024-09-12,2024-09-20,2024-09-26,Started,,
PT08010,2025-04-02,2025-04-06,2025-04-24,2025-05-07,Started,,
PT08011,2024-07-12,2024-07-19,2024-08-09,2024-08-19,Started,,
PT08012,2023-02-08,2023-02-14,2023-02-21,2023-02-26,Started,,
PT08013,2024-02-06,2024-02-09,2024-03-02,2024-03-09,Started,,
PT08014,2024-04-29,2024-05-04,2024-05-15,2024-05-28,Started,,
PT08015,2024-11-04,2024-11-09,2024-11-29,,Not Started,,
PT08016,2024-06-21,2024-06-27,2024-07-20,2024-07-22,Started,,
PT08017,2024-01-22,2024-01-23,2024-01-28,2024-02-02,Discontinued,2024-05-05,Patient Decision
PT08018,2023-05-10,2023-05-11,2023-06-14,2023-06-21,Started,,
PT08019,2025-09-14,2025-09-19,2025-10-05,2025-10-10,Started,,
PT08020,2023-06-19,2023-06-23,2023-07-08,2023-07-16,Started,,
PT08021,2025-06-21,2025-06-24,2025-07-01,2025-07-05,Started,,
PT08022,2025-02-01,2025-02-07,2025-02-23,2025-03-04,Discontinued,2025-09-28,Patient Decision
PT08023,2023-04-19,2023-04-21,2023-05-12,2023-05-20,Discontinued,2023-12-24,Adverse Event
PT08024,2024-06-13,2024-06-19,2024-06-23,2024-06-30,Started,,
PT08025,2024-02-07,2024-02-09,2024-02-18,2024-02-23,Started,,
PT08026,2025-01-04,2025-01-05,2025-01-24,2025-01-26,Started,,
PT08027,2023-01-24,2023-01-25,2023-02-17,,Not Started,,
PT08028,2025-01-11,2025-01-18,2025-02-14,2025-02-17,Started,,
PT08029,2025-06-17,2025-06-20,2025-07-11,2025-07-18,Started,,
PT08030,2024-01-22,2024-01-29,2024-02-21,2024-03-01,Started,,
PT08031,2024-07-23,2024-07-25,2024-08-05,2024-08-16,Started,,
PT08032,2025-05-09,2025-05-14,2025-06-05,2025-06-09,Started,,
PT08033,2024-07-06,2024-07-07,2024-07-15,2024-07-22,Started,,
PT08034,2025-08-02,2025-08-05,2025-08-15,2025-08-24,Started,,
PT08035,2023-08-21,2023-08-23,2023-09-12,2023-09-15,Discontinued,2024-01-01,Adverse Event
PT08036,2024-10-04,2024-10-05,2024-10-23,,Not Started,,
PT08037,2023-03-17,2023-03-23,2023-04-10,2023-04-12,Started,,
PT08038,2025-06-05,2025-06-07,2025-06-17,2025-06-28,Started,,
PT08039,2025-05-04,2025-05-06,2025-05-23,,Not Started,,
PT08040,2023-09-23,2023-09-24,2023-10-03,2023-10-07,Started,,
PT08041,2025-01-07,2025-01-12,2025-01-29,2025-02-07,Started,,
PT08042,2025-01-26,2025-01-29,2025-02-19,2025-03-03,Started,,
PT08043,2024-05-07,2024-05-11,2024-06-10,2024-06-16,Started,,
PT08044,2024-01-31,2024-02-05,2024-03-05,2024-03-07,Started,,
PT08045,2024-07-25,2024-07-30,2024-08-14,2024-08-27,Started,,
PT08046,2023-06-04,2023-06-05,2023-06-19,2023-06-26,Started,,
PT08047,2025-05-13,2025-05-14,2025-05-24,2025-06-07,Started,,
PT08048,2024-06-12,2024-06-18,2024-07-12,2024-07-22,Discontinued,2024-10-01,Patient Decision
PT08049,2024-07-06,2024-07-13,2024-07-24,2024-07-30,Started,,
PT08050,2024-09-17,2024-09-23,2024-10-10,2024-10-24,Started,,
PT08051,2024-02-05,2024-02-12,2024-02-25,2024-03-07,Started,,
PT08052,2024-03-25,2024-03-29,2024-04-30,,Not Started,,
PT08053,2024-08-09,2024-08-16,2024-08-29,2024-09-03,Started,,
PT08054,2024-11-19,2024-11-23,2024-12-05,2024-12-13,Started,,
PT08055,2024-05-09,2024-05-12,2024-05-31,2024-06-03,Discontinued,2024-09-26,Patient Decision
PT08056,2024-02-09,2024-02-12,2024-02-27,,Not Started,,
PT08057,2024-01-07,2024-01-13,2024-01-28,2024-01-30,Started,,
PT08058,2025-11-20,2025-11-22,2025-12-08,2025-12-18,Started,,
PT08059,2023-11-18,2023-11-23,2023-12-07,2023-12-11,Started,,
PT08060,2023-10-24,2023-10-29,2023-11-11,2023-11-19,Started,,
PT08061,2024-11-10,2024-11-16,2024-11-25,2024-12-09,Started,,
PT08062,2024-07-13,2024-07-15,2024-08-04,2024-08-06,Started,,
PT08063,2023-08-08,2023-08-12,2023-08-21,,Not Started,,
PT08064,2023-01-11,2023-01-12,2023-01-25,2023-02-03,Started,,
PT08065,2025-02-14,2025-02-17,2025-03-04,2025-03-15,Started,,
PT08066,2023-12-26,2023-12-30,2024-01-17,2024-01-23,Started,,
PT08067,2024-08-21,2024-08-23,2024-09-08,2024-09-11,Discontinued,2025-01-16,Cost / Affordability
PT08068,2023-07-11,2023-07-15,2023-08-05,2023-08-12,Discontinued,2023-11-04,Adverse Event
PT08069,2023-01-21,2023-01-23,2023-02-12,2023-02-20,Started,,
PT08070,2023-10-09,2023-10-13,2023-10-25,2023-11-04,Started,,
PT08071,2023-11-06,2023-11-13,2023-11-28,,Not Started,,
PT08072,2024-01-25,2024-01-27,2024-02-07,2024-02-09,Started,,
PT08073,2025-11-17,2025-11-23,2025-12-12,,Not Started,,
PT08074,2024-07-08,2024-07-14,2024-07-28,2024-08-01,Started,,
PT08075,2023-08-02,2023-08-09,2023-08-24,2023-08-29,Started,,
PT08076,2023-09-01,2023-09-06,2023-09-21,2023-10-05,Started,,
PT08077,2025-10-05,2025-10-12,2025-10-24,2025-11-01,Started,,
PT08078,2025-09-19,2025-09-22,2025-10-01,2025-10-10,Started,,
PT08079,2024-11-18,2024-11-25,2024-12-01,2024-12-15,Started,,
PT08080,2023-02-03,2023-02-07,2023-03-03,2023-03-15,Started,,
PT08081,2023-10-18,2023-10-24,2023-11-22,2023-11-28,Started,,
PT08082,2023-04-22,2023-04-23,2023-05-07,,Not Started,,
PT08083,2024-06-08,2024-06-10,2024-07-04,2024-07-18,Started,,
PT08084,2023-08-08,2023-08-12,2023-09-02,2023-09-09,Started,,
PT08085,2025-09-04,2025-09-08,2025-09-26,2025-10-04,Started,,
PT08086,2025-07-20,2025-07-21,2025-08-15,,Not Started,,
PT08087,2024-11-09,2024-11-12,2024-11-29,2024-12-10,Started,,
PT08088,2023-07-25,2023-07-26,2023-08-18,2023-08-25,Discontinued,2023-11-01,Treatment Ineffectiveness
PT08089,2025-05-03,2025-05-08,2025-05-22,2025-05-24,Started,,
PT08090,2025-06-16,2025-06-20,2025-06-25,2025-07-05,Started,,
PT08091,2025-01-19,2025-01-25,2025-02-28,2025-03-06,Started,,
PT08092,2023-12-12,2023-12-17,2024-01-07,2024-01-21,Started,,
PT08093,2024-02-05,2024-02-08,2024-02-27,2024-02-29,Started,,
PT08094,2025-12-23,2025-12-25,2026-01-21,2026-02-04,Started,,
PT08095,2023-01-18,2023-01-20,2023-01-30,2023-02-03,Started,,
PT08096,2023-06-22,2023-06-24,2023-06-30,2023-07-10,Started,,
PT08097,2024-05-15,2024-05-21,2024-06-16,2024-06-23,Started,,
PT08098,2023-07-12,2023-07-19,2023-08-08,2023-08-14,Started,,
PT08099,2023-08-13,2023-08-18,2023-09-06,2023-09-17,Started,,
PT08100,2023-07-10,2023-07-11,2023-07-28,2023-08-05,Started,,
PT08101,2023-06-18,2023-06-20,2023-07-05,2023-07-07,Discontinued,2024-02-04,Access Issue
PT08102,2025-11-12,2025-11-15,2025-11-18,2025-11-20,Started,,
PT08103,2023-09-21,2023-09-24,2023-10-10,2023-10-23,Started,,
PT08104,2024-10-28,2024-10-30,2024-11-21,2024-11-28,Started,,
PT08105,2025-08-01,2025-08-08,2025-08-23,2025-09-05,Started,,
PT08106,2023-10-15,2023-10-20,2023-10-30,2023-11-10,Started,,
PT08107,2023-10-25,2023-10-27,2023-11-15,2023-11-18,Started,,
PT08108,2025-01-29,2025-01-30,2025-02-23,2025-03-07,Started,,
PT08109,2025-08-13,2025-08-16,2025-09-09,2025-09-15,Started,,
PT08110,2024-08-19,2024-08-24,2024-09-15,2024-09-17,Started,,
PT08111,2024-11-08,2024-11-12,2024-12-04,2024-12-17,Discontinued,2025-05-03,Patient Decision
PT08112,2024-08-08,2024-08-11,2024-08-30,2024-09-02,Started,,
PT08113,2025-11-18,2025-11-23,2025-12-17,2025-12-31,Started,,
PT08114,2023-01-17,2023-01-19,2023-01-22,2023-01-30,Started,,
PT08115,2024-06-22,2024-06-29,2024-07-13,,Not Started,,
PT08116,2024-01-09,2024-01-14,2024-02-01,2024-02-07,Started,,
PT08117,2025-03-01,2025-03-07,2025-03-17,2025-03-26,Started,,
PT08118,2024-03-24,2024-03-28,2024-04-11,2024-04-16,Started,,
PT08119,2025-11-14,2025-11-15,2025-12-02,2025-12-07,Started,,
PT08120,2023-04-17,2023-04-24,2023-05-17,2023-05-23,Started,,
PT08121,2023-12-05,2023-12-09,2024-01-02,2024-01-09,Started,,
PT08122,2024-05-27,2024-06-03,2024-06-11,2024-06-14,Started,,
PT08123,2025-09-24,2025-09-29,2025-10-22,2025-10-24,Started,,
PT08124,2025-12-29,2026-01-04,2026-01-16,2026-01-28,Started,,
PT08125,2023-12-24,2023-12-27,2023-12-30,2024-01-09,Started,,
PT08126,2025-06-04,2025-06-08,2025-06-15,2025-06-20,Discontinued,2026-01-18,Adverse Event
PT08127,2023-06-21,2023-06-24,2023-07-14,2023-07-18,Started,,
PT08128,2024-06-19,2024-06-20,2024-07-10,2024-07-14,Started,,
PT08129,2024-02-14,2024-02-21,2024-02-25,2024-03-08,Started,,
PT08130,2023-09-21,2023-09-28,2023-10-24,2023-11-01,Discontinued,2024-03-29,Access Issue
PT08131,2023-04-23,2023-04-29,2023-05-10,2023-05-19,Started,,
PT08132,2023-07-04,2023-07-06,2023-07-31,2023-08-13,Discontinued,2023-10-05,Cost / Affordability
PT08133,2024-07-19,2024-07-26,2024-08-10,,Not Started,,
PT08134,2023-10-01,2023-10-06,2023-10-21,2023-11-03,Discontinued,2024-04-21,Access Issue
PT08135,2023-04-22,2023-04-28,2023-05-22,2023-05-26,Started,,
PT08136,2025-01-08,2025-01-09,2025-01-24,2025-01-29,Started,,
PT08137,2024-09-26,2024-09-30,2024-10-17,2024-10-22,Started,,
PT08138,2023-08-20,2023-08-25,2023-09-07,2023-09-21,Started,,
PT08139,2025-10-13,2025-10-16,2025-10-26,2025-11-05,Started,,
PT08140,2025-06-20,2025-06-27,2025-07-17,2025-07-31,Started,,
PT08141,2025-01-25,2025-01-26,2025-02-15,2025-02-25,Started,,
PT08142,2023-02-16,2023-02-20,2023-03-12,,Not Started,,
PT08143,2025-01-25,2025-01-30,2025-02-10,2025-02-17,Started,,
PT08144,2023-07-02,2023-07-06,2023-07-30,2023-08-02,Started,,
PT08145,2025-07-15,2025-07-19,2025-08-02,2025-08-04,Discontinued,2026-03-25,Adverse Event
PT08146,2025-01-10,2025-01-17,2025-02-01,,Not Started,,
PT08147,2024-05-25,2024-05-29,2024-06-17,2024-06-19,Started,,
PT08148,2024-03-15,2024-03-19,2024-04-13,2024-04-26,Started,,
PT08149,2023-01-20,2023-01-21,2023-02-03,2023-02-15,Started,,
PT08150,2024-07-02,2024-07-09,2024-07-25,2024-08-01,Started,,
PT08151,2024-05-17,2024-05-24,2024-06-10,,Not Started,,
PT08152,2024-02-26,2024-03-04,2024-03-19,2024-03-28,Started,,
PT08153,2025-02-21,2025-02-28,2025-03-04,2025-03-07,Started,,
PT08154,2024-05-29,2024-06-04,2024-06-15,2024-06-28,Started,,
PT08155,2025-01-27,2025-02-03,2025-03-02,2025-03-08,Started,,
PT08156,2023-10-13,2023-10-14,2023-11-01,2023-11-07,Discontinued,2024-01-30,Patient Decision
PT08157,2025-11-21,2025-11-22,2025-12-19,2025-12-29,Started,,
PT08158,2025-06-14,2025-06-15,2025-06-21,2025-06-27,Started,,
PT08159,2025-10-02,2025-10-06,2025-10-21,2025-10-25,Started,,
PT08160,2025-04-21,2025-04-22,2025-05-07,2025-05-10,Started,,
PT08161,2025-06-08,2025-06-14,2025-07-03,,Not Started,,
PT08162,2025-02-12,2025-02-16,2025-03-12,2025-03-22,Started,,
PT08163,2023-09-21,2023-09-26,2023-10-16,2023-10-27,Started,,
PT08164,2024-03-07,2024-03-14,2024-04-10,2024-04-14,Discontinued,2024-06-02,Patient Decision
PT08165,2025-12-09,2025-12-13,2025-12-27,2026-01-05,Started,,
PT08166,2025-08-14,2025-08-15,2025-09-11,2025-09-24,Started,,
PT08167,2025-06-22,2025-06-27,2025-07-20,2025-08-01,Discontinued,2026-01-04,Patient Decision
PT08168,2025-06-05,2025-06-11,2025-06-24,2025-07-02,Started,,
PT08169,2023-12-25,2023-12-28,2024-01-09,2024-01-19,Started,,
PT08170,2024-06-01,2024-06-07,2024-06-29,2024-07-04,Started,,
PT08171,2023-11-19,2023-11-22,2023-12-21,2023-12-25,Started,,
PT08172,2023-10-07,2023-10-09,2023-10-19,,Not Started,,
PT08173,2025-02-14,2025-02-21,2025-03-07,2025-03-12,Started,,
PT08174,2023-04-17,2023-04-24,2023-05-15,,Not Started,,
PT08175,2025-04-12,2025-04-15,2025-04-29,2025-05-01,Started,,
PT08176,2023-03-02,2023-03-09,2023-03-27,2023-04-04,Started,,
PT08177,2024-12-26,2024-12-31,2025-01-08,2025-01-12,Started,,
PT08178,2025-05-24,2025-05-30,2025-06-22,2025-07-04,Started,,
PT08179,2023-08-10,2023-08-13,2023-08-27,2023-09-01,Started,,
PT08180,2025-02-18,2025-02-20,2025-03-05,2025-03-12,Discontinued,2025-08-28,Patient Decision
PT08181,2024-05-25,2024-05-26,2024-06-12,2024-06-14,Started,,
PT08182,2024-08-07,2024-08-14,2024-09-02,2024-09-10,Started,,
PT08183,2024-04-22,2024-04-27,2024-05-16,2024-05-18,Discontinued,2024-11-29,Adverse Event
PT08184,2023-01-31,2023-02-04,2023-02-18,2023-02-25,Started,,
PT08185,2025-11-09,2025-11-14,2025-11-22,,Not Started,,
PT08186,2023-12-23,2023-12-30,2024-01-28,2024-01-31,Started,,
PT08187,2023-09-27,2023-09-30,2023-10-21,2023-10-28,Discontinued,2024-04-10,Patient Decision
PT08188,2023-10-28,2023-10-30,2023-11-23,2023-12-06,Started,,
PT08189,2023-06-30,2023-07-03,2023-07-22,2023-07-27,Started,,
PT08190,2024-06-07,2024-06-14,2024-07-02,2024-07-15,Started,,
PT08191,2023-10-28,2023-11-01,2023-11-13,2023-11-21,Started,,
PT08192,2023-12-10,2023-12-13,2024-01-01,,Not Started,,
PT08193,2025-05-16,2025-05-21,2025-06-04,2025-06-15,Discontinued,2025-12-29,Patient Decision
PT08194,2023-01-06,2023-01-09,2023-01-22,2023-01-28,Discontinued,2023-04-08,Access Issue
PT08195,2024-08-18,2024-08-24,2024-09-09,2024-09-22,Started,,
PT08196,2023-10-14,2023-10-15,2023-10-19,,Not Started,,
PT08197,2024-12-14,2024-12-16,2025-01-03,2025-01-09,Started,,
PT08198,2024-10-12,2024-10-18,2024-10-30,,Not Started,,
PT08199,2024-10-31,2024-11-07,2024-11-19,,Not Started,,
PT08200,2025-06-26,2025-07-01,2025-07-14,2025-07-21,Started,,
PT08201,2023-06-05,2023-06-10,2023-06-30,2023-07-14,Started,,
PT08202,2023-07-14,2023-07-19,2023-08-05,,Not Started,,
PT08203,2024-10-27,2024-11-03,2024-11-30,2024-12-08,Started,,
PT08204,2023-01-15,2023-01-20,2023-02-07,2023-02-15,Started,,
PT08205,2024-10-19,2024-10-20,2024-11-04,2024-11-07,Started,,
PT08206,2023-10-30,2023-11-01,2023-11-29,2023-12-01,Started,,
PT08207,2024-07-24,2024-07-29,2024-08-21,2024-08-31,Started,,
PT08208,2024-11-21,2024-11-28,2024-12-29,,Not Started,,
PT08209,2024-07-13,2024-07-17,2024-08-11,2024-08-24,Started,,
PT08210,2024-08-26,2024-08-29,2024-09-10,2024-09-14,Started,,
PT08211,2024-06-12,2024-06-14,2024-07-06,2024-07-19,Started,,
PT08212,2024-09-20,2024-09-26,2024-10-07,2024-10-13,Started,,
PT08213,2025-07-13,2025-07-14,2025-07-28,2025-08-11,Started,,
PT08214,2023-08-13,2023-08-19,2023-09-08,2023-09-12,Started,,
PT08215,2025-08-16,2025-08-17,2025-08-26,2025-09-02,Started,,
PT08216,2023-05-13,2023-05-18,2023-06-02,2023-06-13,Discontinued,2023-12-06,Treatment Ineffectiveness
PT08217,2023-09-23,2023-09-27,2023-10-24,2023-11-01,Started,,
PT08218,2023-03-29,2023-03-30,2023-04-07,2023-04-14,Discontinued,2023-08-29,Treatment Ineffectiveness
PT08219,2023-12-30,2024-01-06,2024-01-21,,Not Started,,
PT08220,2023-04-23,2023-04-30,2023-05-23,2023-06-04,Started,,
PT08221,2023-11-11,2023-11-14,2023-11-29,2023-12-02,Started,,
PT08222,2025-09-09,2025-09-11,2025-09-25,2025-10-08,Discontinued,2026-02-23,Adverse Event
PT08223,2023-06-29,2023-07-03,2023-07-06,2023-07-19,Started,,
PT08224,2025-08-07,2025-08-11,2025-09-02,2025-09-09,Discontinued,2026-05-06,Access Issue
PT08225,2023-03-16,2023-03-23,2023-04-02,2023-04-11,Started,,
PT08226,2023-02-22,2023-03-01,2023-03-28,2023-04-10,Started,,
PT08227,2023-01-12,2023-01-17,2023-01-28,2023-02-07,Started,,
PT08228,2023-03-16,2023-03-17,2023-03-23,2023-03-29,Started,,
PT08229,2023-09-25,2023-09-27,2023-10-26,2023-10-28,Started,,
PT08230,2025-12-26,2025-12-30,2026-01-21,2026-01-30,Started,,
PT08231,2024-06-17,2024-06-21,2024-07-18,2024-07-21,Discontinued,2025-02-26,Cost / Affordability
PT08232,2024-04-10,2024-04-15,2024-05-07,2024-05-20,Started,,
PT08233,2023-08-07,2023-08-12,2023-09-02,2023-09-10,Started,,
PT08234,2023-01-07,2023-01-12,2023-01-26,2023-02-04,Discontinued,2023-07-10,Treatment Ineffectiveness
PT08235,2024-12-20,2024-12-23,2025-01-12,2025-01-21,Started,,
PT08236,2025-12-01,2025-12-04,2025-12-28,2026-01-06,Discontinued,2026-03-14,Adverse Event
PT08237,2024-01-16,2024-01-20,2024-02-03,2024-02-08,Started,,
PT08238,2024-09-14,2024-09-17,2024-10-03,2024-10-09,Discontinued,2025-03-21,Patient Decision
PT08239,2023-07-25,2023-07-30,2023-08-12,2023-08-26,Started,,
PT08240,2024-08-29,2024-09-02,2024-09-08,2024-09-13,Started,,
PT08241,2025-06-02,2025-06-03,2025-07-03,2025-07-15,Started,,
PT08242,2025-10-18,2025-10-21,2025-11-09,2025-11-23,Discontinued,2026-01-28,Treatment Ineffectiveness
PT08243,2025-11-17,2025-11-19,2025-12-12,2025-12-16,Discontinued,2026-04-09,Cost / Affordability
PT08244,2023-09-27,2023-09-28,2023-10-08,2023-10-21,Started,,
PT08245,2024-09-12,2024-09-15,2024-09-21,2024-09-24,Discontinued,2025-02-03,Treatment Ineffectiveness
PT08246,2023-06-23,2023-06-26,2023-07-18,,Not Started,,
PT08247,2025-05-05,2025-05-11,2025-06-08,2025-06-16,Started,,
PT08248,2025-01-22,2025-01-27,2025-02-24,2025-03-09,Started,,
PT08249,2024-01-04,2024-01-06,2024-02-01,2024-02-07,Started,,
PT08250,2023-08-28,2023-08-29,2023-09-08,2023-09-11,Started,,
PT08251,2023-05-14,2023-05-19,2023-06-03,2023-06-06,Discontinued,2023-07-30,Adverse Event
PT08252,2025-07-06,2025-07-11,2025-08-02,2025-08-11,Started,,
PT08253,2025-03-27,2025-03-31,2025-04-19,,Not Started,,
PT08254,2024-09-24,2024-09-26,2024-10-22,2024-11-01,Started,,
PT08255,2024-02-14,2024-02-16,2024-03-01,2024-03-13,Started,,
PT08256,2023-05-21,2023-05-22,2023-06-19,2023-06-21,Discontinued,2023-09-13,Treatment Ineffectiveness
PT08257,2024-10-15,2024-10-17,2024-10-26,2024-10-31,Started,,
PT08258,2023-04-08,2023-04-10,2023-04-29,2023-05-05,Started,,
PT08259,2024-08-17,2024-08-22,2024-09-16,2024-09-25,Discontinued,2024-12-21,Adverse Event
PT08260,2024-05-27,2024-05-29,2024-06-17,2024-06-29,Started,,
PT08261,2023-04-18,2023-04-24,2023-05-03,2023-05-12,Started,,
PT08262,2023-10-06,2023-10-08,2023-10-28,2023-11-07,Started,,
PT08263,2023-04-11,2023-04-14,2023-04-27,2023-04-30,Started,,
PT08264,2023-07-30,2023-08-06,2023-08-25,2023-08-28,Started,,
PT08265,2024-09-16,2024-09-22,2024-10-18,2024-10-22,Started,,
PT08266,2024-05-10,2024-05-14,2024-06-04,2024-06-14,Started,,
PT08267,2023-02-15,2023-02-20,2023-03-16,2023-03-24,Started,,
PT08268,2023-07-03,2023-07-07,2023-07-18,2023-07-22,Started,,
PT08269,2025-06-29,2025-06-30,2025-07-13,2025-07-15,Started,,
PT08270,2023-04-24,2023-05-01,2023-05-25,2023-05-28,Started,,
PT08271,2023-07-19,2023-07-23,2023-08-15,2023-08-26,Started,,
PT08272,2024-04-09,2024-04-12,2024-04-18,2024-04-28,Started,,
PT08273,2024-11-12,2024-11-18,2024-11-25,2024-11-29,Started,,
PT08274,2024-05-30,2024-06-03,2024-06-21,2024-06-28,Started,,
PT08275,2023-12-12,2023-12-16,2023-12-25,2023-12-28,Discontinued,2024-05-14,Treatment Ineffectiveness
PT08276,2023-06-10,2023-06-14,2023-07-09,,Not Started,,
PT08277,2023-12-22,2023-12-23,2024-01-02,2024-01-15,Started,,
PT08278,2024-12-10,2024-12-15,2024-12-30,2025-01-10,Started,,
PT08279,2023-11-23,2023-11-24,2023-12-09,2023-12-11,Started,,
PT08280,2024-10-20,2024-10-21,2024-11-18,2024-11-28,Started,,
PT08281,2025-03-03,2025-03-05,2025-03-19,2025-03-27,Started,,
PT08282,2023-11-18,2023-11-21,2023-11-29,2023-12-12,Started,,
PT08283,2023-05-18,2023-05-21,2023-05-30,2023-06-01,Started,,
PT08284,2025-05-26,2025-05-27,2025-06-17,,Not Started,,
PT08285,2025-06-23,2025-06-25,2025-07-13,2025-07-15,Started,,
PT08286,2024-01-29,2024-02-05,2024-02-22,2024-03-06,Started,,
PT08287,2023-08-09,2023-08-10,2023-08-24,2023-08-28,Started,,
PT08288,2023-10-20,2023-10-25,2023-11-13,,Not Started,,
PT08289,2025-04-04,2025-04-07,2025-04-25,2025-05-02,Started,,
PT08290,2023-04-20,2023-04-27,2023-05-10,2023-05-15,Discontinued,2023-12-04,Treatment Ineffectiveness
PT08291,2024-04-29,2024-05-04,2024-05-18,,Not Started,,
PT08292,2025-02-23,2025-02-25,2025-03-19,2025-03-26,Discontinued,2025-08-05,Treatment Ineffectiveness
PT08293,2024-12-26,2024-12-28,2025-01-16,2025-01-29,Started,,
PT08294,2024-03-06,2024-03-07,2024-03-24,2024-03-30,Started,,
PT08295,2025-09-06,2025-09-10,2025-09-26,2025-10-10,Started,,
PT08296,2023-10-30,2023-11-06,2023-11-20,2023-12-01,Started,,
PT08297,2023-08-24,2023-08-27,2023-09-09,2023-09-16,Started,,
PT08298,2025-08-25,2025-09-01,2025-09-09,2025-09-21,Started,,
PT08299,2024-02-10,2024-02-12,2024-02-22,2024-03-01,Started,,
PT08300,2023-01-24,2023-01-25,2023-02-06,2023-02-11,Started,,
PT08301,2024-08-26,2024-08-27,2024-09-30,,Not Started,,
PT08302,2024-02-23,2024-03-01,2024-03-14,2024-03-23,Started,,
PT08303,2023-04-22,2023-04-24,2023-05-20,,Not Started,,
PT08304,2025-11-19,2025-11-21,2025-12-04,,Not Started,,
PT08305,2023-12-30,2023-12-31,2024-01-27,,Not Started,,
PT08306,2024-02-08,2024-02-10,2024-02-29,2024-03-08,Started,,
PT08307,2024-05-03,2024-05-08,2024-06-03,,Not Started,,
PT08308,2025-12-30,2025-12-31,2026-01-07,2026-01-12,Discontinued,2026-04-25,Adverse Event
PT08309,2025-12-13,2025-12-14,2025-12-30,,Not Started,,
PT08310,2024-05-28,2024-06-04,2024-07-05,2024-07-13,Started,,
PT08311,2024-09-17,2024-09-24,2024-10-25,,Not Started,,
PT08312,2023-04-28,2023-05-04,2023-06-06,2023-06-20,Started,,
PT08313,2023-06-12,2023-06-13,2023-07-03,2023-07-10,Started,,
PT08314,2024-08-28,2024-09-01,2024-09-10,2024-09-20,Started,,
PT08315,2025-05-25,2025-05-30,2025-06-20,2025-06-22,Started,,
PT08316,2025-09-30,2025-10-06,2025-10-24,2025-10-28,Started,,
PT08317,2023-05-26,2023-06-01,2023-06-24,2023-07-04,Discontinued,2023-09-21,Access Issue
PT08318,2025-02-20,2025-02-25,2025-02-28,2025-03-09,Started,,
PT08319,2023-04-16,2023-04-20,2023-05-04,2023-05-10,Discontinued,2023-08-23,Treatment Ineffectiveness
PT08320,2024-05-26,2024-05-27,2024-06-16,2024-06-22,Started,,
PT08321,2024-04-10,2024-04-15,2024-05-06,2024-05-15,Started,,
PT08322,2023-04-26,2023-05-03,2023-05-23,2023-05-27,Started,,
PT08323,2023-03-14,2023-03-16,2023-03-29,2023-04-02,Started,,
PT08324,2023-10-20,2023-10-22,2023-11-09,2023-11-19,Started,,
PT08325,2023-06-08,2023-06-09,2023-06-22,2023-07-01,Started,,
PT08326,2025-07-22,2025-07-29,2025-08-31,2025-09-05,Started,,
PT08327,2025-06-24,2025-06-30,2025-07-19,2025-07-25,Started,,
PT08328,2025-07-04,2025-07-10,2025-07-30,2025-08-04,Started,,
PT08329,2025-11-01,2025-11-04,2025-11-24,,Not Started,,
PT08330,2023-01-20,2023-01-27,2023-02-19,2023-02-24,Started,,
PT08331,2023-09-20,2023-09-25,2023-10-19,2023-10-24,Started,,
PT08332,2024-10-16,2024-10-19,2024-11-13,2024-11-26,Started,,
PT08333,2023-06-22,2023-06-25,2023-07-13,2023-07-16,Started,,
PT08334,2024-11-15,2024-11-21,2024-12-20,2024-12-31,Started,,
PT08335,2024-08-14,2024-08-19,2024-09-14,2024-09-18,Started,,
PT08336,2025-04-21,2025-04-27,2025-05-21,2025-05-25,Started,,
PT08337,2025-12-01,2025-12-05,2025-12-29,2026-01-08,Started,,
PT08338,2024-03-09,2024-03-10,2024-03-25,2024-04-02,Started,,
PT08339,2024-02-14,2024-02-21,2024-03-07,2024-03-14,Started,,
PT08340,2023-01-01,2023-01-04,2023-01-22,2023-01-27,Started,,
PT08341,2024-05-13,2024-05-14,2024-06-01,2024-06-03,Started,,
PT08342,2023-01-14,2023-01-16,2023-02-12,2023-02-20,Started,,
PT08343,2023-06-30,2023-07-01,2023-08-02,2023-08-10,Discontinued,2023-10-21,Treatment Ineffectiveness
PT08344,2024-04-04,2024-04-08,2024-04-30,,Not Started,,
PT08345,2024-02-20,2024-02-23,2024-03-10,2024-03-23,Started,,
PT08346,2023-03-25,2023-03-30,2023-04-11,2023-04-21,Started,,
PT08347,2024-06-22,2024-06-23,2024-07-12,2024-07-18,Discontinued,2025-03-14,Adverse Event
PT08348,2025-08-29,2025-09-02,2025-09-17,2025-09-23,Started,,
PT08349,2025-01-29,2025-02-01,2025-02-13,2025-02-24,Started,,
PT08350,2024-12-15,2024-12-16,2025-01-05,2025-01-08,Started,,
PT08351,2025-01-30,2025-01-31,2025-02-20,2025-02-23,Started,,
PT08352,2025-05-14,2025-05-19,2025-05-26,2025-05-29,Started,,
PT08353,2025-07-16,2025-07-20,2025-08-02,2025-08-06,Started,,
PT08354,2025-07-30,2025-08-06,2025-08-26,2025-09-03,Started,,
PT08355,2024-11-21,2024-11-25,2024-12-18,,Not Started,,
PT08356,2023-06-19,2023-06-21,2023-07-03,2023-07-09,Started,,
PT08357,2025-06-30,2025-07-01,2025-07-20,2025-07-29,Started,,
PT08358,2025-10-25,2025-10-26,2025-11-06,2025-11-08,Started,,
PT08359,2024-07-30,2024-08-05,2024-08-22,,Not Started,,
PT08360,2025-05-19,2025-05-25,2025-06-11,2025-06-20,Started,,
PT08361,2023-08-13,2023-08-18,2023-09-02,2023-09-05,Started,,
PT08362,2024-02-18,2024-02-20,2024-03-09,,Not Started,,
PT08363,2024-04-22,2024-04-25,2024-05-22,,Not Started,,
PT08364,2023-03-06,2023-03-07,2023-03-13,2023-03-21,Started,,
PT08365,2023-01-06,2023-01-08,2023-01-17,2023-01-20,Started,,
PT08366,2025-05-24,2025-05-27,2025-06-22,2025-06-28,Started,,
PT08367,2023-11-08,2023-11-09,2023-11-26,2023-12-05,Started,,
PT08368,2025-05-01,2025-05-08,2025-05-26,2025-05-28,Started,,
PT08369,2023-02-01,2023-02-05,2023-02-20,2023-03-05,Started,,
PT08370,2023-04-06,2023-04-11,2023-04-28,2023-04-30,Started,,
PT08371,2025-02-21,2025-02-26,2025-03-14,2025-03-26,Started,,
PT08372,2025-05-10,2025-05-14,2025-06-04,2025-06-10,Started,,
PT08373,2025-09-08,2025-09-10,2025-09-30,2025-10-06,Discontinued,2025-11-24,Cost / Affordability
PT08374,2023-06-20,2023-06-23,2023-07-17,2023-07-21,Started,,
PT08375,2023-12-02,2023-12-04,2023-12-21,2023-12-27,Started,,
PT08376,2024-11-11,2024-11-18,2024-12-06,2024-12-16,Started,,
PT08377,2023-11-26,2023-11-28,2023-12-23,2024-01-05,Started,,
PT08378,2024-07-31,2024-08-01,2024-08-21,,Not Started,,
PT08379,2025-06-17,2025-06-19,2025-07-21,,Not Started,,
PT08380,2023-04-14,2023-04-17,2023-04-26,2023-04-30,Started,,
PT08381,2023-02-07,2023-02-13,2023-02-23,2023-02-28,Started,,
PT08382,2023-11-23,2023-11-29,2023-12-14,2023-12-17,Started,,
PT08383,2025-11-16,2025-11-21,2025-12-13,,Not Started,,
PT08384,2024-12-16,2024-12-17,2025-01-10,,Not Started,,
PT08385,2024-01-31,2024-02-04,2024-02-15,,Not Started,,
PT08386,2025-02-19,2025-02-23,2025-03-15,2025-03-20,Started,,
PT08387,2025-09-02,2025-09-03,2025-09-20,2025-10-03,Started,,
PT08388,2023-12-05,2023-12-07,2023-12-30,2024-01-02,Started,,
PT08389,2025-10-25,2025-10-29,2025-11-26,,Not Started,,
PT08390,2023-02-22,2023-02-25,2023-03-11,2023-03-22,Started,,
PT08391,2023-05-13,2023-05-19,2023-06-12,2023-06-14,Started,,
PT08392,2024-05-10,2024-05-17,2024-05-23,2024-06-05,Started,,
PT08393,2025-02-03,2025-02-07,2025-03-04,2025-03-10,Started,,
PT08394,2024-02-29,2024-03-02,2024-03-19,2024-03-24,Started,,
PT08395,2025-08-10,2025-08-13,2025-08-31,2025-09-10,Started,,
PT08396,2025-02-09,2025-02-10,2025-02-27,2025-03-08,Started,,
PT08397,2024-01-07,2024-01-09,2024-01-19,2024-02-02,Started,,
PT08398,2024-09-11,2024-09-16,2024-10-03,2024-10-12,Started,,
PT08399,2025-11-15,2025-11-22,2025-12-06,2025-12-12,Started,,
PT08400,2023-08-15,2023-08-22,2023-09-06,2023-09-16,Started,,
PT08401,2025-01-21,2025-01-25,2025-02-17,2025-03-01,Started,,
PT08402,2025-09-01,2025-09-02,2025-09-16,2025-09-20,Discontinued,2026-04-27,Cost / Affordability
PT08403,2023-04-02,2023-04-09,2023-04-30,,Not Started,,
PT08404,2025-11-30,2025-12-03,2025-12-24,2026-01-01,Discontinued,2026-05-12,Adverse Event
PT08405,2024-11-15,2024-11-22,2024-12-16,2024-12-26,Started,,
PT08406,2023-01-28,2023-02-01,2023-02-18,,Not Started,,
PT08407,2024-12-06,2024-12-12,2024-12-25,2025-01-08,Started,,
PT08408,2023-09-29,2023-10-04,2023-10-18,2023-10-26,Started,,
PT08409,2025-11-26,2025-12-03,2025-12-27,2025-12-31,Started,,
PT08410,2023-07-22,2023-07-27,2023-08-15,2023-08-25,Started,,
PT08411,2025-08-03,2025-08-04,2025-08-26,2025-09-01,Started,,
PT08412,2023-09-08,2023-09-12,2023-10-05,2023-10-15,Started,,
PT08413,2023-05-29,2023-05-30,2023-06-10,2023-06-18,Started,,
PT08414,2023-02-01,2023-02-02,2023-02-15,2023-02-25,Started,,
PT08415,2025-01-03,2025-01-04,2025-01-11,2025-01-25,Started,,
PT08416,2025-01-09,2025-01-12,2025-01-25,2025-02-06,Started,,
PT08417,2024-03-26,2024-03-31,2024-04-15,,Not Started,,
PT08418,2024-10-12,2024-10-16,2024-10-27,,Not Started,,
PT08419,2025-05-16,2025-05-21,2025-06-06,2025-06-08,Discontinued,2025-10-13,Treatment Ineffectiveness
PT08420,2023-08-24,2023-08-26,2023-09-19,2023-09-23,Started,,
PT08421,2025-01-14,2025-01-21,2025-01-26,2025-02-04,Started,,
PT08422,2024-01-22,2024-01-27,2024-02-12,2024-02-26,Discontinued,2024-04-12,Patient Decision
PT08423,2025-11-27,2025-12-01,2025-12-06,2025-12-12,Discontinued,2026-02-19,Adverse Event
PT08424,2025-04-23,2025-04-26,2025-05-25,,Not Started,,
PT08425,2025-04-14,2025-04-20,2025-05-01,2025-05-07,Started,,
PT08426,2024-12-26,2025-01-02,2025-01-16,2025-01-26,Started,,
PT08427,2023-04-13,2023-04-14,2023-05-06,2023-05-16,Started,,
PT08428,2025-04-27,2025-04-28,2025-05-12,2025-05-23,Started,,
PT08429,2023-12-05,2023-12-07,2023-12-19,2024-01-01,Started,,
PT08430,2024-07-12,2024-07-19,2024-08-10,2024-08-24,Started,,
PT08431,2023-01-30,2023-02-05,2023-02-20,2023-03-04,Started,,
PT08432,2024-11-28,2024-12-01,2024-12-13,2024-12-23,Discontinued,2025-05-29,Patient Decision
PT08433,2024-05-25,2024-05-31,2024-06-19,2024-06-22,Started,,
PT08434,2023-10-30,2023-11-03,2023-11-25,2023-12-09,Started,,
PT08435,2025-12-02,2025-12-03,2025-12-14,,Not Started,,
PT08436,2023-11-15,2023-11-22,2023-12-15,2023-12-22,Started,,
PT08437,2025-02-02,2025-02-04,2025-02-23,2025-02-27,Started,,
PT08438,2025-10-04,2025-10-10,2025-11-03,2025-11-16,Started,,
PT08439,2025-01-13,2025-01-18,2025-02-15,2025-02-19,Started,,
PT08440,2024-05-29,2024-05-31,2024-06-22,2024-07-05,Started,,
PT08441,2024-11-16,2024-11-20,2024-12-16,,Not Started,,
PT08442,2024-01-13,2024-01-16,2024-02-03,2024-02-13,Started,,
PT08443,2025-11-02,2025-11-09,2025-12-01,2025-12-04,Started,,
PT08444,2024-11-15,2024-11-16,2024-11-29,2024-12-10,Started,,
PT08445,2025-05-16,2025-05-20,2025-06-03,2025-06-09,Started,,
PT08446,2024-12-16,2024-12-17,2025-01-07,2025-01-18,Started,,
PT08447,2023-06-20,2023-06-25,2023-07-24,,Not Started,,
PT08448,2024-01-14,2024-01-16,2024-02-08,2024-02-20,Started,,
PT08449,2025-06-08,2025-06-09,2025-06-27,2025-07-09,Started,,
PT08450,2024-03-17,2024-03-21,2024-04-03,2024-04-15,Started,,
PT08451,2025-12-22,2025-12-26,2026-01-10,2026-01-24,Started,,
PT08452,2023-12-03,2023-12-04,2023-12-17,2023-12-25,Discontinued,2024-06-16,Cost / Affordability
PT08453,2023-04-15,2023-04-18,2023-05-11,2023-05-23,Started,,
PT08454,2023-12-19,2023-12-20,2023-12-28,2024-01-09,Started,,
PT08455,2023-05-23,2023-05-30,2023-06-19,2023-06-23,Discontinued,2024-02-15,Treatment Ineffectiveness
PT08456,2024-10-07,2024-10-14,2024-11-13,2024-11-22,Started,,
PT08457,2023-08-31,2023-09-07,2023-09-18,2023-09-23,Started,,
PT08458,2023-05-07,2023-05-13,2023-05-30,2023-06-08,Started,,
PT08459,2025-09-16,2025-09-23,2025-10-01,2025-10-03,Started,,
PT08460,2023-04-08,2023-04-13,2023-04-24,2023-04-26,Started,,
PT08461,2024-06-24,2024-06-27,2024-07-07,2024-07-15,Started,,
PT08462,2023-12-09,2023-12-11,2024-01-06,2024-01-18,Started,,
PT08463,2024-01-19,2024-01-20,2024-02-06,2024-02-09,Started,,
PT08464,2024-07-24,2024-07-29,2024-08-06,2024-08-11,Started,,
PT08465,2023-04-23,2023-04-25,2023-05-07,2023-05-21,Started,,
PT08466,2023-08-04,2023-08-05,2023-08-28,2023-08-30,Discontinued,2023-12-14,Patient Decision
PT08467,2023-12-03,2023-12-10,2023-12-21,2023-12-23,Discontinued,2024-03-22,Patient Decision
PT08468,2025-05-02,2025-05-06,2025-05-30,,Not Started,,
PT08469,2023-01-05,2023-01-07,2023-01-21,2023-01-29,Discontinued,2023-08-29,Cost / Affordability
PT08470,2024-10-05,2024-10-08,2024-10-21,2024-10-26,Started,,
PT08471,2023-03-29,2023-04-03,2023-04-16,2023-04-26,Started,,
PT08472,2024-11-22,2024-11-23,2024-12-13,,Not Started,,
PT08473,2023-06-18,2023-06-24,2023-07-17,2023-07-28,Started,,
PT08474,2025-03-21,2025-03-27,2025-04-19,2025-04-24,Started,,
PT08475,2024-01-16,2024-01-19,2024-02-02,2024-02-15,Started,,
PT08476,2024-07-29,2024-07-31,2024-08-05,2024-08-13,Started,,
PT08477,2025-09-15,2025-09-19,2025-10-10,2025-10-13,Started,,
PT08478,2023-08-12,2023-08-14,2023-08-28,2023-09-10,Started,,
PT08479,2023-12-30,2024-01-05,2024-01-21,2024-01-25,Started,,
PT08480,2024-04-12,2024-04-15,2024-05-09,2024-05-19,Started,,
PT08481,2023-08-23,2023-08-29,2023-09-08,2023-09-10,Started,,
PT08482,2024-04-25,2024-04-26,2024-05-15,,Not Started,,
PT08483,2025-12-06,2025-12-09,2025-12-20,2025-12-25,Started,,
PT08484,2024-10-30,2024-11-04,2024-11-12,2024-11-19,Started,,
PT08485,2025-10-26,2025-10-29,2025-11-15,2025-11-20,Started,,
PT08486,2023-12-13,2023-12-16,2023-12-29,2024-01-07,Started,,
PT08487,2025-10-15,2025-10-17,2025-11-05,2025-11-10,Started,,
PT08488,2025-01-05,2025-01-07,2025-01-31,2025-02-09,Started,,
PT08489,2025-03-26,2025-03-29,2025-04-08,2025-04-15,Started,,
PT08490,2024-05-04,2024-05-10,2024-05-25,2024-06-03,Started,,
PT08491,2024-02-13,2024-02-16,2024-03-10,2024-03-14,Started,,
PT08492,2025-10-11,2025-10-14,2025-10-19,2025-10-22,Started,,
PT08493,2024-12-08,2024-12-13,2024-12-30,2025-01-08,Started,,
PT08494,2024-02-07,2024-02-10,2024-02-21,2024-02-27,Started,,
PT08495,2023-02-21,2023-02-28,2023-03-13,2023-03-24,Started,,
PT08496,2023-08-11,2023-08-14,2023-09-10,2023-09-20,Started,,
PT08497,2023-11-09,2023-11-13,2023-12-02,2023-12-05,Discontinued,2024-02-07,Access Issue
PT08498,2024-04-06,2024-04-08,2024-04-17,2024-04-24,Discontinued,2024-07-12,Patient Decision
PT08499,2023-04-21,2023-04-26,2023-05-16,,Not Started,,
PT08500,2023-05-03,2023-05-04,2023-05-21,2023-05-29,Started,,
PT08501,2023-04-19,2023-04-22,2023-05-07,2023-05-11,Started,,
PT08502,2023-05-01,2023-05-05,2023-05-31,2023-06-02,Started,,
PT08503,2024-01-01,2024-01-07,2024-01-18,2024-01-23,Started,,
PT08504,2025-01-19,2025-01-21,2025-02-11,2025-02-16,Started,,
PT08505,2025-12-25,2025-12-28,2026-01-16,2026-01-21,Discontinued,2026-08-06,Adverse Event
PT08506,2025-05-25,2025-05-26,2025-06-11,2025-06-25,Discontinued,2025-12-19,Treatment Ineffectiveness
PT08507,2025-08-03,2025-08-09,2025-08-20,2025-09-03,Discontinued,2025-12-05,Patient Decision
PT08508,2024-02-07,2024-02-14,2024-03-08,2024-03-17,Started,,
PT08509,2023-10-27,2023-11-02,2023-11-29,2023-12-09,Started,,
PT08510,2023-06-03,2023-06-04,2023-06-28,2023-07-03,Started,,
PT08511,2023-06-26,2023-07-03,2023-07-18,2023-07-21,Started,,
PT08512,2025-04-01,2025-04-08,2025-04-26,2025-04-28,Started,,
PT08513,2024-07-21,2024-07-24,2024-08-10,2024-08-12,Started,,
PT08514,2024-11-24,2024-11-27,2024-12-07,2024-12-21,Started,,
PT08515,2025-01-05,2025-01-06,2025-01-23,2025-02-03,Started,,
PT08516,2025-10-28,2025-10-31,2025-11-21,2025-11-23,Started,,
PT08517,2024-07-01,2024-07-07,2024-07-20,2024-07-26,Started,,
PT08518,2024-12-21,2024-12-25,2025-01-08,2025-01-20,Started,,
PT08519,2025-05-02,2025-05-06,2025-05-25,2025-06-01,Started,,
PT08520,2024-10-08,2024-10-09,2024-10-21,2024-10-29,Discontinued,2025-01-18,Cost / Affordability
PT08521,2024-03-27,2024-03-31,2024-04-23,2024-05-02,Started,,
PT08522,2024-11-16,2024-11-19,2024-12-06,2024-12-15,Started,,
PT08523,2025-11-14,2025-11-16,2025-11-29,2025-12-08,Started,,
PT08524,2024-04-24,2024-04-26,2024-05-02,2024-05-06,Started,,
PT08525,2024-01-28,2024-02-02,2024-02-22,,Not Started,,
PT08526,2024-03-25,2024-03-27,2024-04-16,,Not Started,,
PT08527,2025-10-30,2025-11-04,2025-11-27,2025-12-08,Started,,
PT08528,2024-11-25,2024-12-02,2024-12-21,2025-01-03,Started,,
PT08529,2023-07-08,2023-07-15,2023-07-26,2023-07-31,Started,,
PT08530,2023-05-09,2023-05-16,2023-06-05,2023-06-19,Started,,
PT08531,2024-09-12,2024-09-16,2024-10-18,2024-10-20,Started,,
PT08532,2024-09-11,2024-09-14,2024-09-28,2024-09-30,Started,,
PT08533,2025-06-06,2025-06-09,2025-06-28,2025-07-10,Started,,
PT08534,2025-06-04,2025-06-07,2025-06-10,2025-06-18,Started,,
PT08535,2025-09-09,2025-09-16,2025-10-12,2025-10-23,Started,,
PT08536,2025-07-25,2025-07-26,2025-08-23,2025-08-26,Started,,
PT08537,2024-11-26,2024-11-29,2024-12-07,2024-12-15,Started,,
PT08538,2025-07-19,2025-07-20,2025-08-09,2025-08-23,Discontinued,2026-04-17,Access Issue
PT08539,2023-03-20,2023-03-25,2023-04-18,2023-04-21,Started,,
PT08540,2023-05-13,2023-05-19,2023-05-28,2023-06-08,Started,,
PT08541,2025-08-12,2025-08-14,2025-09-04,2025-09-10,Started,,
PT08542,2024-07-09,2024-07-12,2024-07-29,2024-08-11,Discontinued,2025-02-12,Patient Decision
PT08543,2025-10-18,2025-10-24,2025-10-29,2025-11-03,Started,,
PT08544,2025-08-10,2025-08-13,2025-08-29,2025-09-01,Started,,
PT08545,2024-05-16,2024-05-19,2024-06-02,,Not Started,,
PT08546,2025-09-26,2025-09-30,2025-10-18,2025-10-31,Started,,
PT08547,2023-02-18,2023-02-24,2023-03-02,2023-03-16,Started,,
PT08548,2024-02-29,2024-03-04,2024-03-15,2024-03-20,Started,,
PT08549,2024-11-01,2024-11-04,2024-11-24,2024-12-01,Started,,
PT08550,2024-07-13,2024-07-15,2024-08-15,2024-08-27,Started,,
PT08551,2024-03-22,2024-03-27,2024-04-03,2024-04-09,Started,,
PT08552,2024-10-16,2024-10-23,2024-11-09,,Not Started,,
PT08553,2024-06-14,2024-06-20,2024-07-14,2024-07-27,Discontinued,2025-02-14,Cost / Affordability
PT08554,2025-04-28,2025-05-05,2025-05-11,2025-05-20,Started,,
PT08555,2025-10-25,2025-10-29,2025-11-22,2025-11-24,Started,,
PT08556,2023-06-27,2023-06-29,2023-07-23,2023-07-25,Discontinued,2024-02-28,Access Issue
PT08557,2023-01-18,2023-01-22,2023-02-08,2023-02-12,Started,,
PT08558,2023-06-19,2023-06-21,2023-07-16,,Not Started,,
PT08559,2024-07-28,2024-08-04,2024-08-14,2024-08-17,Started,,
PT08560,2025-11-25,2025-11-30,2025-12-05,2025-12-12,Started,,
PT08561,2023-05-02,2023-05-05,2023-05-19,,Not Started,,
PT08562,2025-06-28,2025-07-05,2025-07-21,2025-08-01,Started,,
PT08563,2025-12-24,2025-12-29,2026-01-07,2026-01-11,Started,,
PT08564,2023-06-11,2023-06-18,2023-07-08,,Not Started,,
PT08565,2025-04-05,2025-04-06,2025-04-16,2025-04-18,Started,,
PT08566,2024-02-24,2024-02-26,2024-03-10,2024-03-12,Started,,
PT08567,2024-05-28,2024-05-31,2024-06-22,2024-07-05,Started,,
PT08568,2024-01-22,2024-01-26,2024-02-05,2024-02-18,Started,,
PT08569,2023-02-28,2023-03-06,2023-03-27,2023-03-31,Started,,
PT08570,2023-09-05,2023-09-07,2023-10-04,2023-10-14,Started,,
PT08571,2023-03-11,2023-03-15,2023-03-28,2023-04-10,Started,,
PT08572,2023-07-04,2023-07-10,2023-07-21,2023-07-24,Started,,
PT08573,2024-02-03,2024-02-07,2024-03-09,,Not Started,,
PT08574,2025-04-30,2025-05-05,2025-05-13,2025-05-23,Started,,
PT08575,2025-12-05,2025-12-12,2026-01-02,2026-01-06,Started,,
PT08576,2024-05-27,2024-05-29,2024-06-27,2024-07-04,Started,,
PT08577,2025-06-23,2025-06-29,2025-07-21,2025-08-01,Started,,
PT08578,2024-03-16,2024-03-18,2024-03-28,2024-04-10,Discontinued,2024-09-04,Adverse Event
PT08579,2023-04-18,2023-04-24,2023-05-10,2023-05-19,Discontinued,2023-07-17,Cost / Affordability
PT08580,2023-01-10,2023-01-14,2023-01-31,2023-02-08,Started,,
PT08581,2024-02-10,2024-02-16,2024-03-04,2024-03-14,Started,,
PT08582,2025-11-08,2025-11-13,2025-12-07,2025-12-10,Started,,
PT08583,2024-08-10,2024-08-14,2024-08-24,2024-08-30,Discontinued,2025-04-24,Cost / Affordability
PT08584,2024-12-11,2024-12-16,2024-12-23,2025-01-05,Started,,
PT08585,2025-10-28,2025-11-02,2025-11-16,,Not Started,,
PT08586,2025-01-26,2025-02-01,2025-02-15,2025-02-21,Discontinued,2025-05-23,Access Issue
PT08587,2025-05-02,2025-05-03,2025-05-18,2025-05-21,Started,,
PT08588,2023-03-11,2023-03-13,2023-03-25,2023-04-02,Discontinued,2023-08-10,Cost / Affordability
PT08589,2025-05-17,2025-05-20,2025-06-02,2025-06-16,Started,,
PT08590,2023-02-27,2023-02-28,2023-03-15,,Not Started,,
PT08591,2023-03-14,2023-03-17,2023-04-17,2023-04-27,Started,,
PT08592,2025-10-03,2025-10-06,2025-10-19,2025-10-25,Started,,
PT08593,2023-07-26,2023-07-30,2023-08-08,2023-08-15,Started,,
PT08594,2023-08-04,2023-08-05,2023-08-19,2023-08-28,Started,,
PT08595,2025-01-23,2025-01-27,2025-02-13,2025-02-26,Started,,
PT08596,2024-12-06,2024-12-13,2025-01-15,2025-01-21,Started,,
PT08597,2025-11-08,2025-11-15,2025-12-01,2025-12-13,Started,,
PT08598,2025-08-11,2025-08-13,2025-09-12,2025-09-24,Started,,
PT08599,2023-09-26,2023-09-29,2023-10-05,2023-10-14,Started,,
PT08600,2023-03-28,2023-03-29,2023-04-08,2023-04-13,Started,,
PT08601,2025-10-22,2025-10-26,2025-11-17,2025-11-26,Discontinued,2026-04-18,Patient Decision
PT08602,2023-03-03,2023-03-07,2023-03-23,2023-04-04,Discontinued,2023-10-10,Patient Decision
PT08603,2024-01-29,2024-02-05,2024-02-19,2024-02-25,Started,,
PT08604,2025-03-01,2025-03-05,2025-03-16,2025-03-30,Started,,
PT08605,2025-12-02,2025-12-06,2025-12-15,2025-12-18,Started,,
PT08606,2025-01-31,2025-02-02,2025-02-22,2025-03-05,Started,,
PT08607,2025-05-22,2025-05-27,2025-06-05,2025-06-18,Started,,
PT08608,2024-12-30,2025-01-02,2025-01-24,2025-01-31,Discontinued,2025-04-16,Treatment Ineffectiveness
PT08609,2024-10-17,2024-10-20,2024-10-31,2024-11-05,Started,,
PT08610,2023-02-26,2023-03-05,2023-03-08,2023-03-20,Started,,
PT08611,2025-06-25,2025-07-01,2025-07-15,2025-07-29,Started,,
PT08612,2023-05-14,2023-05-15,2023-05-26,2023-06-06,Started,,
PT08613,2024-02-09,2024-02-11,2024-02-28,2024-03-05,Started,,
PT08614,2023-01-29,2023-02-03,2023-02-22,2023-03-03,Started,,
PT08615,2024-05-15,2024-05-16,2024-05-31,2024-06-13,Started,,
PT08616,2023-10-11,2023-10-17,2023-10-31,2023-11-03,Started,,
PT08617,2024-12-07,2024-12-12,2024-12-26,2025-01-04,Started,,
PT08618,2025-12-18,2025-12-21,2025-12-30,,Not Started,,
PT08619,2025-12-25,2025-12-28,2026-01-26,2026-02-03,Discontinued,2026-08-03,Treatment Ineffectiveness
PT08620,2023-08-14,2023-08-17,2023-09-08,2023-09-21,Started,,
PT08621,2023-03-14,2023-03-19,2023-04-06,2023-04-10,Discontinued,2023-10-11,Cost / Affordability
PT08622,2025-05-18,2025-05-19,2025-05-29,2025-06-08,Started,,
PT08623,2024-07-24,2024-07-30,2024-08-22,2024-09-02,Started,,
PT08624,2025-04-02,2025-04-06,2025-04-16,,Not Started,,
PT08625,2023-04-10,2023-04-13,2023-05-04,2023-05-09,Discontinued,2023-08-27,Treatment Ineffectiveness
PT08626,2025-11-10,2025-11-12,2025-11-29,2025-12-12,Started,,
PT08627,2024-03-27,2024-03-30,2024-04-21,2024-04-27,Started,,
PT08628,2024-11-22,2024-11-26,2024-12-13,2024-12-27,Started,,
PT08629,2024-07-19,2024-07-23,2024-08-03,2024-08-07,Started,,
PT08630,2025-12-29,2026-01-03,2026-01-19,,Not Started,,
PT08631,2023-02-23,2023-02-26,2023-03-11,2023-03-14,Discontinued,2023-09-20,Access Issue
PT08632,2024-08-06,2024-08-11,2024-08-24,2024-08-27,Started,,
PT08633,2023-08-13,2023-08-18,2023-08-28,2023-09-11,Started,,
PT08634,2023-03-24,2023-03-28,2023-04-02,2023-04-14,Started,,
PT08635,2024-02-02,2024-02-05,2024-02-26,2024-02-28,Started,,
PT08636,2025-07-07,2025-07-10,2025-08-01,2025-08-14,Started,,
PT08637,2024-01-24,2024-01-26,2024-02-17,2024-02-22,Started,,
PT08638,2024-08-10,2024-08-17,2024-08-25,2024-09-03,Discontinued,2025-04-07,Access Issue
PT08639,2024-01-22,2024-01-27,2024-02-26,2024-03-06,Started,,
PT08640,2024-03-28,2024-03-31,2024-04-15,2024-04-20,Started,,
PT08641,2023-09-27,2023-10-03,2023-10-22,2023-10-29,Started,,
PT08642,2025-02-24,2025-02-26,2025-03-14,2025-03-16,Discontinued,2025-10-10,Adverse Event
PT08643,2023-04-20,2023-04-26,2023-05-15,2023-05-21,Started,,
PT08644,2023-02-27,2023-03-05,2023-03-20,2023-04-03,Started,,
PT08645,2025-12-04,2025-12-11,2026-01-02,2026-01-04,Discontinued,2026-03-16,Patient Decision
PT08646,2024-07-25,2024-07-29,2024-08-25,2024-09-02,Started,,
PT08647,2025-08-26,2025-08-27,2025-09-18,2025-09-26,Started,,
PT08648,2024-12-09,2024-12-12,2024-12-22,2025-01-03,Started,,
PT08649,2025-10-01,2025-10-06,2025-10-17,2025-10-30,Discontinued,2026-02-05,Treatment Ineffectiveness
PT08650,2023-08-14,2023-08-18,2023-09-03,2023-09-11,Started,,
PT08651,2024-12-26,2025-01-02,2025-01-11,2025-01-24,Started,,
PT08652,2025-12-08,2025-12-15,2026-01-03,2026-01-17,Started,,
PT08653,2025-11-08,2025-11-12,2025-12-03,2025-12-11,Started,,
PT08654,2023-12-01,2023-12-04,2023-12-16,2023-12-30,Started,,
PT08655,2024-06-11,2024-06-18,2024-06-21,2024-06-24,Started,,
PT08656,2023-11-25,2023-11-28,2023-12-12,,Not Started,,
PT08657,2023-11-17,2023-11-23,2023-11-30,2023-12-10,Started,,
PT08658,2025-05-27,2025-05-31,2025-06-11,2025-06-24,Discontinued,2025-09-05,Cost / Affordability
PT08659,2025-10-17,2025-10-18,2025-10-28,2025-11-07,Started,,
PT08660,2023-03-09,2023-03-13,2023-03-27,2023-04-08,Started,,
PT08661,2023-07-10,2023-07-12,2023-08-09,2023-08-14,Discontinued,2023-10-18,Cost / Affordability
PT08662,2025-07-25,2025-07-31,2025-08-11,,Not Started,,
PT08663,2024-01-19,2024-01-26,2024-02-06,2024-02-17,Started,,
PT08664,2023-05-27,2023-05-28,2023-06-22,2023-07-05,Started,,
PT08665,2024-10-21,2024-10-25,2024-11-12,2024-11-14,Started,,
PT08666,2023-10-10,2023-10-13,2023-10-16,2023-10-21,Started,,
PT08667,2025-07-08,2025-07-10,2025-07-27,2025-08-08,Discontinued,2025-12-26,Cost / Affordability
PT08668,2025-08-17,2025-08-22,2025-09-01,2025-09-05,Started,,
PT08669,2023-04-12,2023-04-19,2023-05-13,2023-05-22,Started,,
PT08670,2025-07-31,2025-08-02,2025-08-19,2025-09-02,Started,,
PT08671,2023-01-22,2023-01-23,2023-01-29,2023-02-10,Discontinued,2023-06-16,Cost / Affordability
PT08672,2023-01-14,2023-01-20,2023-01-29,2023-02-11,Started,,
PT08673,2023-06-09,2023-06-11,2023-06-17,2023-07-01,Started,,
PT08674,2024-07-11,2024-07-17,2024-07-25,2024-08-05,Started,,
PT08675,2023-06-24,2023-06-28,2023-07-16,2023-07-24,Started,,
PT08676,2025-06-05,2025-06-11,2025-06-30,2025-07-04,Started,,
PT08677,2024-07-16,2024-07-18,2024-08-05,2024-08-15,Started,,
PT08678,2024-03-12,2024-03-16,2024-03-30,,Not Started,,
PT08679,2024-05-03,2024-05-04,2024-05-13,2024-05-23,Started,,
PT08680,2024-02-13,2024-02-15,2024-03-02,2024-03-07,Started,,
PT08681,2023-11-26,2023-12-03,2023-12-14,,Not Started,,
PT08682,2023-08-25,2023-08-28,2023-09-14,2023-09-19,Started,,
PT08683,2024-07-08,2024-07-10,2024-08-08,2024-08-10,Started,,
PT08684,2025-09-05,2025-09-08,2025-10-01,2025-10-11,Started,,
PT08685,2024-02-26,2024-03-04,2024-03-17,2024-03-29,Started,,
PT08686,2023-04-21,2023-04-26,2023-05-02,,Not Started,,
PT08687,2025-10-08,2025-10-11,2025-11-05,2025-11-17,Started,,
PT08688,2024-10-27,2024-10-28,2024-11-16,2024-11-22,Discontinued,2025-04-26,Patient Decision
PT08689,2023-04-16,2023-04-19,2023-05-02,,Not Started,,
PT08690,2023-04-27,2023-05-04,2023-05-11,2023-05-21,Started,,
PT08691,2024-12-13,2024-12-16,2024-12-19,2025-01-01,Started,,
PT08692,2024-05-21,2024-05-24,2024-06-07,2024-06-11,Started,,
PT08693,2024-12-11,2024-12-15,2024-12-23,2025-01-02,Started,,
PT08694,2025-02-20,2025-02-24,2025-03-19,2025-04-01,Started,,
PT08695,2025-06-22,2025-06-25,2025-07-15,2025-07-26,Discontinued,2025-09-23,Adverse Event
PT08696,2024-11-13,2024-11-20,2024-12-02,2024-12-09,Started,,
PT08697,2024-10-07,2024-10-13,2024-11-07,2024-11-17,Started,,
PT08698,2023-06-06,2023-06-13,2023-07-06,2023-07-13,Started,,
PT08699,2024-01-13,2024-01-17,2024-01-24,,Not Started,,
PT08700,2025-11-07,2025-11-14,2025-12-03,2025-12-10,Discontinued,2026-07-13,Treatment Ineffectiveness
PT08701,2025-09-26,2025-09-27,2025-10-05,2025-10-11,Started,,
PT08702,2024-02-21,2024-02-22,2024-03-16,2024-03-28,Started,,
PT08703,2024-06-25,2024-06-26,2024-07-17,,Not Started,,
PT08704,2023-06-08,2023-06-09,2023-06-12,2023-06-15,Started,,
PT08705,2025-06-08,2025-06-15,2025-06-27,2025-07-06,Started,,
PT08706,2024-03-15,2024-03-17,2024-04-05,2024-04-12,Started,,
PT08707,2023-05-12,2023-05-16,2023-06-19,2023-06-30,Started,,
PT08708,2023-09-18,2023-09-23,2023-10-08,,Not Started,,
PT08709,2023-01-16,2023-01-20,2023-02-02,,Not Started,,
PT08710,2025-03-22,2025-03-24,2025-04-11,2025-04-20,Started,,
PT08711,2023-07-06,2023-07-08,2023-08-02,2023-08-09,Started,,
PT08712,2025-11-12,2025-11-16,2025-12-16,,Not Started,,
PT08713,2023-09-08,2023-09-11,2023-10-06,2023-10-09,Started,,
PT08714,2025-11-20,2025-11-26,2025-12-08,2025-12-20,Started,,
PT08715,2023-03-17,2023-03-23,2023-04-06,2023-04-12,Started,,
PT08716,2024-10-22,2024-10-27,2024-11-28,2024-11-30,Started,,
PT08717,2023-01-28,2023-01-30,2023-02-06,2023-02-17,Started,,
PT08718,2025-01-31,2025-02-07,2025-02-20,2025-02-24,Started,,
PT08719,2024-01-20,2024-01-23,2024-02-05,2024-02-13,Started,,
PT08720,2023-12-27,2023-12-28,2024-01-15,2024-01-26,Started,,
PT08721,2024-06-06,2024-06-13,2024-07-06,2024-07-16,Started,,
PT08722,2025-12-26,2026-01-01,2026-01-13,2026-01-16,Started,,
PT08723,2024-07-24,2024-07-28,2024-08-10,2024-08-14,Started,,
PT08724,2025-04-17,2025-04-19,2025-05-04,2025-05-09,Started,,
PT08725,2025-11-03,2025-11-10,2025-11-23,2025-12-06,Started,,
PT08726,2024-06-18,2024-06-22,2024-07-16,2024-07-21,Started,,
PT08727,2025-08-05,2025-08-08,2025-08-26,2025-09-01,Started,,
PT08728,2023-06-16,2023-06-23,2023-07-08,2023-07-11,Started,,
PT08729,2024-04-02,2024-04-05,2024-04-16,,Not Started,,
PT08730,2024-09-30,2024-10-01,2024-10-06,2024-10-17,Started,,
PT08731,2024-09-15,2024-09-16,2024-10-17,2024-10-23,Started,,
PT08732,2025-07-31,2025-08-05,2025-08-26,2025-09-01,Started,,
PT08733,2023-11-30,2023-12-04,2023-12-18,2023-12-30,Started,,
PT08734,2025-07-06,2025-07-10,2025-07-14,2025-07-18,Started,,
PT08735,2025-05-05,2025-05-07,2025-05-25,2025-06-01,Started,,
PT08736,2025-02-04,2025-02-09,2025-02-20,2025-02-27,Started,,
PT08737,2024-05-04,2024-05-07,2024-05-27,2024-05-29,Started,,
PT08738,2025-02-19,2025-02-22,2025-03-09,2025-03-14,Discontinued,2025-11-02,Adverse Event
PT08739,2025-02-13,2025-02-15,2025-02-27,2025-03-08,Started,,
PT08740,2023-01-04,2023-01-07,2023-01-16,,Not Started,,
PT08741,2023-05-08,2023-05-09,2023-05-26,2023-06-09,Started,,
PT08742,2025-03-29,2025-04-04,2025-04-13,2025-04-20,Started,,
PT08743,2023-11-17,2023-11-22,2023-12-12,2023-12-15,Started,,
PT08744,2024-08-17,2024-08-21,2024-09-10,2024-09-21,Started,,
PT08745,2025-07-23,2025-07-26,2025-07-29,2025-08-10,Started,,
PT08746,2024-09-04,2024-09-09,2024-09-30,2024-10-05,Started,,
PT08747,2025-01-20,2025-01-21,2025-02-16,2025-02-23,Started,,
PT08748,2023-12-19,2023-12-25,2024-01-20,2024-01-30,Started,,
PT08749,2025-12-16,2025-12-17,2026-01-16,2026-01-30,Discontinued,2026-05-16,Adverse Event
PT08750,2023-06-27,2023-06-28,2023-07-12,2023-07-22,Discontinued,2024-01-15,Patient Decision
PT08751,2024-05-01,2024-05-04,2024-05-21,2024-05-27,Discontinued,2024-10-13,Patient Decision
PT08752,2023-04-01,2023-04-08,2023-04-19,2023-04-22,Started,,
PT08753,2025-01-02,2025-01-07,2025-02-04,2025-02-10,Started,,
PT08754,2023-06-11,2023-06-16,2023-07-15,2023-07-22,Started,,
PT08755,2023-10-26,2023-10-29,2023-11-22,,Not Started,,
PT08756,2025-12-28,2026-01-04,2026-01-29,2026-02-07,Started,,
PT08757,2025-06-02,2025-06-08,2025-06-20,,Not Started,,
PT08758,2023-05-08,2023-05-15,2023-05-31,2023-06-11,Started,,
PT08759,2023-08-12,2023-08-17,2023-09-11,2023-09-17,Started,,
PT08760,2025-02-22,2025-02-26,2025-03-21,2025-04-01,Started,,
PT08761,2024-05-26,2024-06-02,2024-06-11,2024-06-14,Started,,
PT08762,2025-12-14,2025-12-18,2026-01-10,2026-01-15,Started,,
PT08763,2025-12-05,2025-12-09,2025-12-26,2026-01-06,Started,,
PT08764,2023-01-12,2023-01-14,2023-01-17,2023-01-26,Started,,
PT08765,2025-03-03,2025-03-10,2025-03-20,2025-03-22,Started,,
PT08766,2024-10-26,2024-10-28,2024-11-13,2024-11-16,Started,,
PT08767,2024-02-25,2024-02-28,2024-03-17,2024-03-25,Started,,
PT08768,2023-11-22,2023-11-28,2023-12-14,2023-12-21,Started,,
PT08769,2024-08-16,2024-08-19,2024-09-01,2024-09-12,Started,,
PT08770,2025-01-02,2025-01-06,2025-01-27,2025-02-05,Started,,
PT08771,2023-12-04,2023-12-06,2023-12-13,2023-12-16,Discontinued,2024-07-01,Cost / Affordability
PT08772,2025-05-12,2025-05-19,2025-06-07,2025-06-14,Started,,
PT08773,2025-06-26,2025-06-30,2025-07-20,,Not Started,,
PT08774,2024-10-07,2024-10-09,2024-10-13,2024-10-21,Started,,
PT08775,2024-09-01,2024-09-06,2024-10-02,2024-10-08,Started,,
PT08776,2025-12-25,2025-12-28,2026-01-07,2026-01-17,Started,,
PT08777,2023-06-25,2023-06-26,2023-07-12,2023-07-18,Started,,
PT08778,2025-03-07,2025-03-08,2025-03-19,,Not Started,,
PT08779,2023-01-03,2023-01-08,2023-01-20,2023-01-30,Started,,
PT08780,2024-05-10,2024-05-12,2024-05-21,2024-05-23,Discontinued,2024-11-02,Access Issue
PT08781,2024-12-24,2024-12-29,2025-01-18,2025-01-27,Discontinued,2025-06-05,Access Issue
PT08782,2025-04-09,2025-04-15,2025-05-14,,Not Started,,
PT08783,2025-08-07,2025-08-14,2025-09-07,2025-09-13,Started,,
PT08784,2024-08-13,2024-08-17,2024-09-11,,Not Started,,
PT08785,2023-10-03,2023-10-04,2023-10-24,,Not Started,,
PT08786,2023-06-23,2023-06-26,2023-07-13,2023-07-26,Started,,
PT08787,2023-03-30,2023-03-31,2023-04-15,2023-04-27,Discontinued,2023-12-12,Patient Decision
PT08788,2023-12-01,2023-12-05,2023-12-29,2024-01-02,Started,,
PT08789,2023-06-04,2023-06-08,2023-06-26,2023-07-03,Started,,
PT08790,2023-06-09,2023-06-16,2023-07-15,2023-07-19,Discontinued,2024-02-12,Cost / Affordability
PT08791,2025-08-19,2025-08-20,2025-09-07,2025-09-16,Started,,
PT08792,2024-06-11,2024-06-14,2024-07-11,2024-07-23,Started,,
PT08793,2024-07-17,2024-07-19,2024-08-14,,Not Started,,
PT08794,2024-05-29,2024-06-02,2024-06-20,2024-06-26,Discontinued,2024-11-10,Cost / Affordability
PT08795,2025-04-21,2025-04-26,2025-05-13,2025-05-21,Started,,
PT08796,2024-08-22,2024-08-26,2024-09-04,2024-09-08,Started,,
PT08797,2025-10-17,2025-10-19,2025-11-05,2025-11-10,Started,,
PT08798,2023-04-11,2023-04-17,2023-05-04,2023-05-08,Discontinued,2023-11-17,Cost / Affordability
PT08799,2025-09-11,2025-09-13,2025-09-20,2025-09-26,Started,,
PT08800,2024-02-27,2024-03-02,2024-03-09,2024-03-17,Started,,
PT08801,2023-04-23,2023-04-25,2023-05-07,2023-05-17,Started,,
PT08802,2024-06-13,2024-06-18,2024-07-02,2024-07-13,Started,,
PT08803,2025-06-10,2025-06-12,2025-06-26,2025-07-02,Started,,
PT08804,2023-01-12,2023-01-16,2023-02-07,2023-02-14,Started,,
PT08805,2023-09-11,2023-09-16,2023-09-24,2023-10-04,Started,,
PT08806,2025-10-26,2025-10-29,2025-11-28,2025-12-03,Started,,
PT08807,2025-12-18,2025-12-20,2026-01-06,2026-01-09,Started,,
PT08808,2025-08-27,2025-09-02,2025-09-29,2025-10-12,Started,,
PT08809,2025-10-23,2025-10-29,2025-11-03,2025-11-12,Discontinued,2026-06-06,Access Issue
PT08810,2025-08-29,2025-09-02,2025-09-20,2025-10-02,Started,,
PT08811,2024-09-10,2024-09-13,2024-10-03,2024-10-16,Started,,
PT08812,2023-03-10,2023-03-16,2023-04-07,2023-04-17,Started,,
PT08813,2025-06-15,2025-06-22,2025-07-10,2025-07-20,Started,,
PT08814,2025-12-26,2025-12-27,2026-01-08,2026-01-15,Started,,
PT08815,2025-07-27,2025-08-02,2025-08-10,2025-08-18,Started,,
PT08816,2024-01-29,2024-01-30,2024-02-18,2024-02-23,Started,,
PT08817,2024-11-04,2024-11-06,2024-11-20,2024-11-28,Discontinued,2025-04-05,Access Issue
PT08818,2025-07-31,2025-08-02,2025-08-27,2025-08-30,Discontinued,2026-03-24,Patient Decision
PT08819,2025-11-12,2025-11-15,2025-12-12,2025-12-23,Started,,
PT08820,2025-07-09,2025-07-10,2025-07-25,2025-08-02,Discontinued,2025-11-02,Patient Decision
PT08821,2024-11-09,2024-11-16,2024-12-03,2024-12-15,Started,,
PT08822,2024-04-16,2024-04-22,2024-05-07,2024-05-14,Discontinued,2024-07-31,Treatment Ineffectiveness
PT08823,2025-01-11,2025-01-18,2025-02-09,2025-02-23,Started,,
PT08824,2025-01-06,2025-01-10,2025-01-19,,Not Started,,
PT08825,2023-12-27,2023-12-28,2024-01-23,,Not Started,,
PT08826,2024-06-02,2024-06-05,2024-06-27,2024-07-05,Started,,
PT08827,2023-10-12,2023-10-15,2023-11-01,2023-11-13,Started,,
PT08828,2024-05-20,2024-05-21,2024-06-16,2024-06-24,Started,,
PT08829,2025-07-22,2025-07-26,2025-08-13,2025-08-22,Started,,
PT08830,2024-03-10,2024-03-17,2024-04-05,2024-04-09,Started,,
PT08831,2023-01-14,2023-01-16,2023-02-02,,Not Started,,
PT08832,2025-03-12,2025-03-17,2025-04-09,2025-04-19,Started,,
PT08833,2025-01-08,2025-01-11,2025-01-25,2025-01-28,Started,,
PT08834,2024-03-25,2024-04-01,2024-04-29,,Not Started,,
PT08835,2023-06-05,2023-06-11,2023-06-30,2023-07-06,Started,,
PT08836,2023-05-15,2023-05-18,2023-06-01,2023-06-07,Started,,
PT08837,2023-09-07,2023-09-14,2023-10-12,2023-10-15,Started,,
PT08838,2023-08-10,2023-08-17,2023-09-03,2023-09-07,Started,,
PT08839,2025-03-16,2025-03-21,2025-04-10,2025-04-22,Started,,
PT08840,2025-03-20,2025-03-22,2025-04-05,2025-04-13,Started,,
PT08841,2024-07-28,2024-07-29,2024-08-20,2024-08-27,Discontinued,2025-03-09,Patient Decision
PT08842,2025-01-22,2025-01-23,2025-02-15,2025-02-17,Started,,
PT08843,2023-04-21,2023-04-26,2023-05-12,2023-05-25,Started,,
PT08844,2025-08-04,2025-08-10,2025-09-03,2025-09-09,Started,,
PT08845,2023-08-01,2023-08-02,2023-09-04,2023-09-17,Started,,
PT08846,2024-07-06,2024-07-10,2024-07-20,2024-07-28,Discontinued,2024-11-18,Patient Decision
PT08847,2025-07-24,2025-07-29,2025-08-13,2025-08-27,Started,,
PT08848,2024-05-07,2024-05-11,2024-05-22,2024-05-26,Discontinued,2024-10-31,Treatment Ineffectiveness
PT08849,2024-07-30,2024-08-03,2024-08-22,2024-08-31,Started,,
PT08850,2023-02-04,2023-02-08,2023-02-19,2023-02-21,Started,,
PT08851,2025-07-17,2025-07-23,2025-08-11,2025-08-24,Started,,
PT08852,2023-09-30,2023-10-01,2023-10-09,2023-10-11,Started,,
PT08853,2025-07-17,2025-07-22,2025-08-12,2025-08-14,Started,,
PT08854,2025-01-14,2025-01-15,2025-02-03,2025-02-17,Started,,
PT08855,2024-02-21,2024-02-28,2024-03-20,,Not Started,,
PT08856,2023-10-07,2023-10-12,2023-11-04,2023-11-06,Started,,
PT08857,2024-09-18,2024-09-24,2024-10-17,,Not Started,,
PT08858,2024-09-25,2024-09-27,2024-10-08,2024-10-11,Started,,
PT08859,2023-07-05,2023-07-12,2023-08-02,2023-08-14,Started,,
PT08860,2024-10-03,2024-10-09,2024-10-30,2024-11-03,Started,,
PT08861,2024-07-09,2024-07-14,2024-07-27,2024-08-06,Started,,
PT08862,2024-12-06,2024-12-12,2024-12-31,,Not Started,,
PT08863,2023-08-23,2023-08-25,2023-09-12,2023-09-20,Started,,
PT08864,2023-07-31,2023-08-01,2023-08-19,2023-08-25,Started,,
PT08865,2025-11-22,2025-11-27,2025-12-10,2025-12-19,Started,,
PT08866,2024-06-19,2024-06-21,2024-06-24,2024-07-03,Started,,
PT08867,2023-01-26,2023-01-31,2023-02-08,2023-02-13,Started,,
PT08868,2024-08-19,2024-08-26,2024-09-03,,Not Started,,
PT08869,2024-02-24,2024-03-02,2024-03-29,2024-04-12,Started,,
PT08870,2023-12-10,2023-12-16,2024-01-04,2024-01-14,Started,,
PT08871,2023-07-01,2023-07-05,2023-07-18,2023-07-28,Started,,
PT08872,2025-04-05,2025-04-06,2025-05-07,2025-05-20,Started,,
PT08873,2024-12-29,2025-01-04,2025-01-23,2025-01-25,Discontinued,2025-09-02,Cost / Affordability
PT08874,2023-07-06,2023-07-09,2023-07-26,2023-08-07,Started,,
PT08875,2023-03-21,2023-03-26,2023-04-10,2023-04-15,Started,,
PT08876,2025-06-17,2025-06-20,2025-07-06,2025-07-15,Started,,
PT08877,2023-04-07,2023-04-12,2023-05-03,2023-05-10,Started,,
PT08878,2024-06-14,2024-06-18,2024-07-09,2024-07-19,Started,,
PT08879,2025-04-25,2025-05-01,2025-05-14,2025-05-24,Started,,
PT08880,2024-08-25,2024-08-30,2024-09-18,2024-09-30,Started,,
PT08881,2024-10-08,2024-10-15,2024-10-21,2024-10-27,Started,,
PT08882,2023-09-03,2023-09-04,2023-09-25,2023-09-29,Started,,
PT08883,2023-09-26,2023-10-03,2023-11-01,2023-11-08,Started,,
PT08884,2025-08-03,2025-08-05,2025-08-16,2025-08-18,Started,,
PT08885,2025-10-08,2025-10-11,2025-10-30,2025-11-05,Started,,
PT08886,2023-05-29,2023-06-01,2023-06-17,,Not Started,,
PT08887,2024-11-18,2024-11-20,2024-12-14,2024-12-16,Started,,
PT08888,2023-05-25,2023-05-27,2023-06-14,2023-06-19,Started,,
PT08889,2023-10-07,2023-10-12,2023-10-27,2023-11-09,Started,,
PT08890,2024-09-01,2024-09-07,2024-10-03,2024-10-08,Started,,
PT08891,2025-12-21,2025-12-28,2026-01-12,2026-01-20,Started,,
PT08892,2025-03-11,2025-03-12,2025-03-21,2025-03-27,Started,,
PT08893,2023-02-04,2023-02-09,2023-03-06,2023-03-08,Started,,
PT08894,2024-06-28,2024-06-29,2024-07-11,2024-07-21,Discontinued,2024-12-04,Adverse Event
PT08895,2023-10-06,2023-10-11,2023-10-23,2023-11-01,Started,,
PT08896,2025-07-08,2025-07-14,2025-08-04,2025-08-14,Discontinued,2026-03-24,Adverse Event
PT08897,2023-12-26,2024-01-01,2024-01-06,2024-01-12,Started,,
PT08898,2025-04-08,2025-04-11,2025-04-24,2025-05-02,Started,,
PT08899,2024-07-20,2024-07-21,2024-08-03,2024-08-15,Started,,
PT08900,2023-06-10,2023-06-17,2023-07-07,2023-07-09,Started,,
PT08901,2025-01-05,2025-01-10,2025-01-31,2025-02-04,Started,,
PT08902,2025-06-06,2025-06-08,2025-07-02,2025-07-16,Started,,
PT08903,2024-10-01,2024-10-05,2024-10-22,2024-11-05,Started,,
PT08904,2024-02-25,2024-02-26,2024-03-22,2024-03-25,Started,,
PT08905,2024-04-18,2024-04-19,2024-05-22,2024-05-31,Started,,
PT08906,2023-04-14,2023-04-21,2023-05-14,2023-05-19,Discontinued,2024-01-13,Patient Decision
PT08907,2023-01-30,2023-02-03,2023-02-10,2023-02-14,Discontinued,2023-07-07,Access Issue
PT08908,2023-10-08,2023-10-09,2023-10-29,,Not Started,,
PT08909,2023-04-10,2023-04-11,2023-04-30,2023-05-09,Started,,
PT08910,2025-05-23,2025-05-27,2025-06-24,2025-06-27,Started,,
PT08911,2025-10-13,2025-10-15,2025-10-25,2025-10-31,Started,,
PT08912,2023-01-26,2023-01-28,2023-02-15,2023-02-19,Started,,
PT08913,2025-05-04,2025-05-06,2025-05-27,2025-06-09,Started,,
PT08914,2025-10-01,2025-10-03,2025-10-31,2025-11-12,Started,,
PT08915,2023-06-15,2023-06-20,2023-07-25,2023-07-27,Started,,
PT08916,2025-12-01,2025-12-05,2025-12-22,2026-01-03,Started,,
PT08917,2025-08-12,2025-08-17,2025-09-06,2025-09-19,Started,,
PT08918,2025-02-28,2025-03-04,2025-03-26,2025-04-02,Started,,
PT08919,2023-05-10,2023-05-17,2023-06-03,2023-06-08,Started,,
PT08920,2025-12-14,2025-12-18,2026-01-15,2026-01-20,Started,,
PT08921,2023-05-09,2023-05-14,2023-06-01,2023-06-15,Started,,
PT08922,2025-03-22,2025-03-29,2025-04-25,,Not Started,,
PT08923,2024-11-11,2024-11-13,2024-11-27,2024-12-03,Started,,
PT08924,2023-12-31,2024-01-05,2024-01-11,2024-01-25,Started,,
PT08925,2025-04-13,2025-04-17,2025-05-02,2025-05-16,Started,,
PT08926,2023-12-22,2023-12-27,2024-01-14,2024-01-20,Started,,
PT08927,2024-07-10,2024-07-12,2024-07-28,2024-08-09,Discontinued,2024-11-29,Cost / Affordability
PT08928,2025-07-06,2025-07-09,2025-07-22,2025-07-29,Started,,
PT08929,2024-06-10,2024-06-17,2024-07-07,2024-07-20,Started,,
PT08930,2025-09-30,2025-10-06,2025-10-24,2025-10-27,Started,,
PT08931,2025-04-13,2025-04-17,2025-05-06,,Not Started,,
PT08932,2025-01-24,2025-01-29,2025-02-15,2025-02-20,Started,,
PT08933,2025-07-11,2025-07-12,2025-08-05,2025-08-18,Discontinued,2026-03-09,Treatment Ineffectiveness
PT08934,2024-07-21,2024-07-28,2024-08-12,,Not Started,,
PT08935,2024-03-23,2024-03-30,2024-04-18,2024-04-28,Started,,
PT08936,2025-04-29,2025-04-30,2025-05-25,,Not Started,,
PT08937,2023-07-06,2023-07-13,2023-08-15,2023-08-25,Started,,
PT08938,2023-12-06,2023-12-13,2024-01-06,2024-01-20,Started,,
PT08939,2025-08-03,2025-08-08,2025-08-21,2025-08-26,Discontinued,2026-02-20,Patient Decision
PT08940,2023-06-18,2023-06-21,2023-07-08,2023-07-14,Started,,
PT08941,2024-12-28,2025-01-03,2025-01-16,2025-01-19,Started,,
PT08942,2025-12-07,2025-12-10,2026-01-05,2026-01-16,Started,,
PT08943,2024-06-29,2024-07-04,2024-07-09,2024-07-12,Started,,
PT08944,2024-11-01,2024-11-05,2024-12-01,,Not Started,,
PT08945,2023-09-21,2023-09-28,2023-10-16,,Not Started,,
PT08946,2024-07-20,2024-07-21,2024-08-04,2024-08-14,Started,,
PT08947,2023-08-11,2023-08-18,2023-09-06,2023-09-18,Started,,
PT08948,2025-10-26,2025-10-31,2025-11-21,2025-11-27,Started,,
PT08949,2025-10-01,2025-10-04,2025-10-23,,Not Started,,
PT08950,2023-01-11,2023-01-12,2023-01-25,2023-02-08,Started,,
PT08951,2025-01-24,2025-01-28,2025-02-13,2025-02-24,Started,,
PT08952,2024-07-02,2024-07-04,2024-07-16,2024-07-29,Started,,
PT08953,2025-03-30,2025-04-02,2025-05-06,2025-05-19,Started,,
PT08954,2023-03-11,2023-03-16,2023-03-31,2023-04-04,Started,,
PT08955,2025-09-14,2025-09-15,2025-10-03,2025-10-13,Started,,
PT08956,2025-09-20,2025-09-25,2025-10-13,2025-10-24,Started,,
PT08957,2023-12-24,2023-12-25,2024-01-06,2024-01-16,Started,,
PT08958,2023-06-17,2023-06-22,2023-07-11,,Not Started,,
PT08959,2023-05-16,2023-05-18,2023-06-03,2023-06-11,Discontinued,2023-09-18,Treatment Ineffectiveness
PT08960,2024-09-07,2024-09-13,2024-09-20,2024-09-24,Discontinued,2025-02-09,Patient Decision
PT08961,2025-12-20,2025-12-22,2026-01-14,2026-01-17,Started,,
PT08962,2025-12-26,2025-12-30,2026-01-11,2026-01-25,Started,,
PT08963,2025-09-11,2025-09-13,2025-10-11,,Not Started,,
PT08964,2025-07-10,2025-07-13,2025-07-29,2025-08-10,Discontinued,2025-10-14,Access Issue
PT08965,2023-12-26,2023-12-27,2024-01-22,2024-02-02,Discontinued,2024-07-17,Patient Decision
PT08966,2024-06-30,2024-07-04,2024-07-23,2024-08-03,Started,,
PT08967,2025-12-02,2025-12-08,2025-12-21,2025-12-26,Started,,
PT08968,2025-07-26,2025-07-27,2025-08-02,2025-08-05,Started,,
PT08969,2024-04-11,2024-04-12,2024-04-30,2024-05-14,Started,,
PT08970,2023-09-20,2023-09-21,2023-10-05,,Not Started,,
PT08971,2023-05-26,2023-05-30,2023-06-18,2023-06-22,Started,,
PT08972,2024-03-28,2024-03-29,2024-04-18,2024-04-27,Started,,
PT08973,2023-08-06,2023-08-09,2023-09-06,2023-09-13,Started,,
PT08974,2025-11-26,2025-12-03,2025-12-18,2025-12-21,Started,,
PT08975,2025-12-02,2025-12-09,2025-12-22,2025-12-29,Started,,
PT08976,2023-04-14,2023-04-16,2023-05-13,,Not Started,,
PT08977,2023-12-03,2023-12-04,2023-12-21,,Not Started,,
PT08978,2023-10-11,2023-10-16,2023-11-10,2023-11-24,Started,,
PT08979,2025-09-17,2025-09-20,2025-10-07,2025-10-19,Started,,
PT08980,2025-03-27,2025-03-30,2025-04-21,2025-05-04,Discontinued,2025-08-11,Patient Decision
PT08981,2025-11-17,2025-11-18,2025-12-04,2025-12-11,Discontinued,2026-04-21,Access Issue
PT08982,2025-08-18,2025-08-19,2025-08-30,2025-09-13,Started,,
PT08983,2024-08-18,2024-08-22,2024-09-14,,Not Started,,
PT08984,2023-04-16,2023-04-17,2023-05-11,2023-05-18,Started,,
PT08985,2023-08-21,2023-08-27,2023-09-17,,Not Started,,
PT08986,2024-11-27,2024-11-28,2024-12-22,2024-12-27,Discontinued,2025-07-02,Access Issue
PT08987,2023-02-05,2023-02-09,2023-02-23,2023-02-25,Started,,
PT08988,2023-03-25,2023-03-26,2023-04-15,2023-04-28,Started,,
PT08989,2023-04-23,2023-04-25,2023-05-21,2023-05-28,Started,,
PT08990,2025-12-13,2025-12-17,2025-12-29,2026-01-10,Started,,
PT08991,2024-06-18,2024-06-20,2024-07-06,,Not Started,,
PT08992,2024-12-12,2024-12-19,2025-01-13,2025-01-16,Started,,
PT08993,2025-10-15,2025-10-21,2025-11-26,,Not Started,,
PT08994,2023-07-29,2023-08-05,2023-08-14,2023-08-21,Started,,
PT08995,2023-04-15,2023-04-16,2023-05-06,2023-05-15,Started,,
PT08996,2025-09-22,2025-09-27,2025-10-07,2025-10-17,Started,,
PT08997,2024-03-09,2024-03-10,2024-03-29,2024-04-06,Started,,
PT08998,2025-02-17,2025-02-24,2025-03-28,2025-03-30,Started,,
PT08999,2024-06-21,2024-06-25,2024-06-30,2024-07-13,Started,,
PT09000,2025-09-06,2025-09-09,2025-09-13,2025-09-19,Discontinued,2025-11-10,Access Issue
PT09001,2025-11-30,2025-12-02,2025-12-08,2025-12-15,Started,,
PT09002,2025-09-04,2025-09-08,2025-09-26,,Not Started,,
PT09003,2024-01-22,2024-01-28,2024-02-14,2024-02-26,Started,,
PT09004,2023-10-22,2023-10-29,2023-11-24,,Not Started,,
PT09005,2025-07-26,2025-07-30,2025-08-14,2025-08-17,Started,,
PT09006,2025-04-21,2025-04-24,2025-05-11,2025-05-14,Discontinued,2025-11-21,Adverse Event
PT09007,2024-10-01,2024-10-05,2024-11-01,2024-11-12,Started,,
PT09008,2025-02-09,2025-02-14,2025-03-08,,Not Started,,
PT09009,2024-09-05,2024-09-07,2024-09-19,2024-09-21,Started,,
PT09010,2023-06-18,2023-06-24,2023-08-01,2023-08-13,Started,,
PT09011,2023-06-08,2023-06-11,2023-07-12,2023-07-23,Started,,
PT09012,2024-08-29,2024-09-01,2024-09-23,2024-09-26,Started,,
PT09013,2025-03-20,2025-03-21,2025-04-13,2025-04-27,Started,,
PT09014,2023-06-20,2023-06-23,2023-07-08,2023-07-13,Started,,
PT09015,2024-09-30,2024-10-06,2024-10-25,2024-11-07,Started,,
PT09016,2023-03-16,2023-03-18,2023-03-28,2023-04-04,Started,,
PT09017,2024-04-30,2024-05-04,2024-05-23,2024-06-04,Started,,
PT09018,2025-03-03,2025-03-08,2025-03-29,2025-04-12,Started,,
PT09019,2025-08-24,2025-08-29,2025-09-13,2025-09-17,Discontinued,2025-11-24,Adverse Event
PT09020,2023-03-13,2023-03-15,2023-03-26,2023-03-29,Started,,
PT09021,2023-07-24,2023-07-29,2023-08-14,2023-08-17,Started,,
PT09022,2025-10-12,2025-10-18,2025-11-02,2025-11-04,Started,,
PT09023,2025-03-15,2025-03-22,2025-04-01,2025-04-03,Started,,
PT09024,2023-03-18,2023-03-25,2023-04-22,2023-05-06,Started,,
PT09025,2024-08-02,2024-08-05,2024-08-24,2024-09-06,Started,,
PT09026,2024-06-09,2024-06-16,2024-07-01,2024-07-05,Started,,
PT09027,2025-09-06,2025-09-10,2025-09-23,2025-09-25,Discontinued,2026-03-06,Patient Decision
PT09028,2025-11-26,2025-12-01,2025-12-07,2025-12-14,Started,,
PT09029,2025-05-14,2025-05-18,2025-06-07,2025-06-12,Started,,
PT09030,2023-05-05,2023-05-09,2023-05-26,2023-06-01,Started,,
PT09031,2024-08-19,2024-08-21,2024-08-28,2024-09-01,Started,,
PT09032,2025-07-09,2025-07-14,2025-08-02,2025-08-12,Discontinued,2025-12-31,Access Issue
PT09033,2024-08-27,2024-09-03,2024-10-01,,Not Started,,
PT09034,2025-06-10,2025-06-17,2025-07-07,2025-07-14,Started,,
PT09035,2023-10-13,2023-10-17,2023-10-31,2023-11-07,Started,,
PT09036,2025-01-10,2025-01-16,2025-01-24,2025-01-28,Started,,
PT09037,2024-05-08,2024-05-11,2024-06-07,2024-06-20,Started,,
PT09038,2025-07-15,2025-07-18,2025-08-07,2025-08-16,Started,,
PT09039,2025-05-25,2025-05-27,2025-06-16,2025-06-25,Started,,
PT09040,2023-07-07,2023-07-10,2023-07-26,2023-07-29,Started,,
PT09041,2023-10-22,2023-10-26,2023-11-06,2023-11-11,Started,,
PT09042,2024-10-22,2024-10-23,2024-11-11,2024-11-20,Started,,
PT09043,2023-07-09,2023-07-11,2023-08-02,2023-08-13,Started,,
PT09044,2025-01-10,2025-01-12,2025-02-02,2025-02-12,Started,,
PT09045,2023-09-08,2023-09-10,2023-09-25,2023-10-02,Started,,
PT09046,2023-03-24,2023-03-30,2023-04-13,2023-04-18,Started,,
PT09047,2023-07-25,2023-07-28,2023-08-19,2023-08-30,Started,,
PT09048,2023-01-05,2023-01-08,2023-01-26,2023-02-07,Started,,
PT09049,2025-11-18,2025-11-22,2025-11-29,2025-12-08,Started,,
PT09050,2025-04-05,2025-04-11,2025-04-29,,Not Started,,
PT09051,2023-05-21,2023-05-24,2023-05-30,,Not Started,,
PT09052,2025-12-17,2025-12-21,2025-12-30,2026-01-11,Started,,
PT09053,2023-10-05,2023-10-07,2023-10-24,2023-11-06,Discontinued,2023-12-28,Treatment Ineffectiveness
PT09054,2025-01-14,2025-01-16,2025-01-27,2025-01-31,Started,,
PT09055,2023-10-06,2023-10-09,2023-10-19,,Not Started,,
PT09056,2024-12-08,2024-12-13,2024-12-16,2024-12-22,Started,,
PT09057,2024-11-08,2024-11-13,2024-12-07,,Not Started,,
PT09058,2024-03-31,2024-04-04,2024-04-19,2024-05-03,Started,,
PT09059,2025-10-06,2025-10-08,2025-10-22,2025-10-24,Discontinued,2026-03-03,Access Issue
PT09060,2023-12-06,2023-12-10,2023-12-26,,Not Started,,
PT09061,2024-12-25,2024-12-31,2025-01-15,,Not Started,,
PT09062,2023-05-22,2023-05-26,2023-06-15,2023-06-26,Started,,
PT09063,2025-11-08,2025-11-12,2025-11-23,,Not Started,,
PT09064,2023-04-15,2023-04-19,2023-05-12,2023-05-26,Started,,
PT09065,2023-11-14,2023-11-21,2023-12-04,2023-12-12,Started,,
PT09066,2024-01-03,2024-01-05,2024-01-29,2024-02-05,Started,,
PT09067,2025-09-06,2025-09-08,2025-09-26,2025-10-07,Started,,
PT09068,2023-02-22,2023-03-01,2023-03-09,2023-03-23,Started,,
PT09069,2024-08-08,2024-08-09,2024-08-25,2024-09-02,Started,,
PT09070,2025-09-18,2025-09-24,2025-10-16,2025-10-25,Started,,
PT09071,2023-04-09,2023-04-13,2023-05-04,2023-05-18,Started,,
PT09072,2024-03-11,2024-03-16,2024-04-06,2024-04-10,Started,,
PT09073,2025-10-18,2025-10-23,2025-11-01,2025-11-03,Started,,
PT09074,2025-09-24,2025-09-30,2025-10-14,2025-10-18,Started,,
PT09075,2024-09-25,2024-09-27,2024-10-11,2024-10-19,Started,,
PT09076,2024-09-25,2024-09-30,2024-10-19,2024-11-01,Started,,
PT09077,2025-03-04,2025-03-06,2025-03-13,2025-03-24,Started,,
PT09078,2023-02-20,2023-02-24,2023-03-10,2023-03-17,Started,,
PT09079,2024-02-21,2024-02-27,2024-03-15,2024-03-23,Started,,
PT09080,2023-03-13,2023-03-20,2023-04-14,2023-04-20,Started,,
PT09081,2025-04-16,2025-04-23,2025-05-11,2025-05-18,Started,,
PT09082,2024-12-07,2024-12-08,2024-12-21,2025-01-02,Started,,
PT09083,2023-04-13,2023-04-18,2023-04-22,2023-05-01,Started,,
PT09084,2023-05-04,2023-05-11,2023-06-04,2023-06-16,Started,,
PT09085,2024-08-01,2024-08-06,2024-08-24,2024-08-26,Discontinued,2024-11-23,Patient Decision
PT09086,2024-05-30,2024-05-31,2024-06-16,,Not Started,,
PT09087,2023-08-27,2023-08-28,2023-09-14,2023-09-21,Discontinued,2023-11-29,Cost / Affordability
PT09088,2024-11-23,2024-11-24,2024-12-09,2024-12-13,Started,,
PT09089,2023-09-24,2023-09-30,2023-10-08,2023-10-16,Discontinued,2024-02-09,Patient Decision
PT09090,2025-10-08,2025-10-12,2025-10-29,2025-11-11,Started,,
PT09091,2024-04-02,2024-04-05,2024-04-22,2024-05-04,Started,,
PT09092,2025-07-07,2025-07-12,2025-08-03,2025-08-12,Discontinued,2025-11-27,Patient Decision
PT09093,2025-08-12,2025-08-13,2025-08-26,2025-09-02,Started,,
PT09094,2025-06-22,2025-06-24,2025-07-06,,Not Started,,
PT09095,2025-09-23,2025-09-26,2025-10-26,2025-11-01,Started,,
PT09096,2023-05-06,2023-05-13,2023-06-01,2023-06-09,Started,,
PT09097,2023-03-18,2023-03-20,2023-04-10,2023-04-12,Started,,
PT09098,2025-06-23,2025-06-28,2025-07-13,2025-07-15,Started,,
PT09099,2023-05-31,2023-06-03,2023-06-29,,Not Started,,
PT09100,2024-02-08,2024-02-10,2024-02-26,,Not Started,,
PT09101,2023-08-16,2023-08-18,2023-09-14,2023-09-28,Started,,
PT09102,2023-10-01,2023-10-05,2023-10-27,,Not Started,,
PT09103,2025-06-13,2025-06-14,2025-07-13,2025-07-19,Started,,
PT09104,2024-06-30,2024-07-04,2024-07-28,2024-08-11,Started,,
PT09105,2023-10-12,2023-10-17,2023-10-26,2023-11-06,Started,,
PT09106,2024-12-30,2025-01-05,2025-01-18,2025-01-23,Discontinued,2025-04-07,Adverse Event
PT09107,2023-08-11,2023-08-17,2023-09-18,2023-09-23,Started,,
PT09108,2025-01-12,2025-01-18,2025-02-01,2025-02-12,Started,,
PT09109,2025-01-08,2025-01-13,2025-01-30,2025-02-11,Started,,
PT09110,2024-05-09,2024-05-13,2024-05-28,2024-06-01,Started,,
PT09111,2023-11-28,2023-12-03,2023-12-15,2023-12-22,Started,,
PT09112,2024-11-16,2024-11-19,2024-12-12,2024-12-15,Started,,
PT09113,2025-03-30,2025-04-01,2025-04-22,2025-05-02,Started,,
PT09114,2024-03-10,2024-03-12,2024-03-21,,Not Started,,
PT09115,2024-05-25,2024-05-30,2024-06-16,,Not Started,,
PT09116,2025-05-01,2025-05-07,2025-05-20,2025-05-23,Discontinued,2025-12-07,Cost / Affordability
PT09117,2025-11-08,2025-11-10,2025-11-20,2025-11-22,Started,,
PT09118,2024-10-03,2024-10-08,2024-10-25,2024-10-28,Started,,
PT09119,2023-12-25,2023-12-31,2024-01-25,2024-01-27,Started,,
PT09120,2025-05-06,2025-05-08,2025-06-03,2025-06-16,Started,,
PT09121,2023-07-21,2023-07-27,2023-08-01,,Not Started,,
PT09122,2024-12-22,2024-12-24,2025-01-08,2025-01-19,Started,,
PT09123,2025-05-13,2025-05-19,2025-06-05,2025-06-08,Started,,
PT09124,2023-05-15,2023-05-19,2023-06-10,2023-06-19,Started,,
PT09125,2025-08-21,2025-08-23,2025-09-09,2025-09-19,Started,,
PT09126,2024-10-28,2024-11-04,2024-11-07,2024-11-11,Started,,
PT09127,2025-11-18,2025-11-22,2025-12-05,2025-12-09,Started,,
PT09128,2023-01-29,2023-02-05,2023-02-26,2023-03-04,Started,,
PT09129,2023-05-13,2023-05-20,2023-06-16,2023-06-26,Started,,
PT09130,2025-09-11,2025-09-14,2025-09-27,2025-10-08,Started,,
PT09131,2023-05-03,2023-05-06,2023-05-21,2023-05-23,Started,,
PT09132,2023-09-21,2023-09-22,2023-10-03,2023-10-07,Started,,
PT09133,2025-12-11,2025-12-18,2026-01-01,2026-01-06,Discontinued,2026-06-15,Access Issue
PT09134,2024-05-08,2024-05-15,2024-05-22,2024-06-05,Started,,
PT09135,2025-04-24,2025-04-25,2025-05-13,,Not Started,,
PT09136,2025-08-22,2025-08-27,2025-09-11,,Not Started,,
PT09137,2024-10-21,2024-10-28,2024-11-19,,Not Started,,
PT09138,2024-08-09,2024-08-16,2024-08-30,2024-09-02,Started,,
PT09139,2023-05-10,2023-05-16,2023-06-06,2023-06-18,Discontinued,2023-12-12,Patient Decision
PT09140,2023-03-16,2023-03-22,2023-04-10,2023-04-21,Started,,
PT09141,2024-09-01,2024-09-05,2024-09-12,2024-09-19,Started,,
PT09142,2024-01-18,2024-01-24,2024-02-06,2024-02-09,Started,,
PT09143,2025-04-25,2025-05-01,2025-05-17,2025-05-31,Started,,
PT09144,2023-10-25,2023-10-26,2023-11-10,2023-11-16,Started,,
PT09145,2023-12-04,2023-12-05,2024-01-10,2024-01-17,Started,,
PT09146,2024-02-28,2024-03-02,2024-03-12,2024-03-15,Started,,
PT09147,2023-11-22,2023-11-29,2023-12-27,,Not Started,,
PT09148,2023-11-12,2023-11-15,2023-11-30,,Not Started,,
PT09149,2025-01-13,2025-01-19,2025-02-13,2025-02-24,Started,,
PT09150,2025-05-27,2025-06-01,2025-06-12,2025-06-16,Started,,
PT09151,2025-10-18,2025-10-22,2025-11-09,2025-11-23,Discontinued,2026-06-30,Patient Decision
PT09152,2025-12-09,2025-12-14,2026-01-11,2026-01-16,Started,,
PT09153,2025-05-09,2025-05-10,2025-05-29,2025-06-06,Started,,
PT09154,2025-08-12,2025-08-19,2025-09-13,2025-09-26,Started,,
PT09155,2024-03-13,2024-03-18,2024-04-09,2024-04-23,Started,,
PT09156,2025-05-17,2025-05-18,2025-06-06,2025-06-11,Started,,
PT09157,2023-08-18,2023-08-24,2023-09-08,2023-09-11,Started,,
PT09158,2023-07-21,2023-07-24,2023-08-20,2023-08-29,Started,,
PT09159,2024-05-03,2024-05-07,2024-05-20,2024-05-30,Started,,
PT09160,2024-10-04,2024-10-09,2024-10-30,2024-11-05,Started,,
PT09161,2023-03-13,2023-03-16,2023-03-27,2023-04-10,Started,,
PT09162,2025-08-15,2025-08-18,2025-08-31,2025-09-07,Started,,
PT09163,2024-06-13,2024-06-15,2024-07-05,2024-07-15,Discontinued,2024-12-21,Patient Decision
PT09164,2025-08-03,2025-08-10,2025-08-17,2025-08-20,Started,,
PT09165,2025-08-03,2025-08-04,2025-08-25,2025-08-30,Started,,
PT09166,2024-06-24,2024-06-29,2024-07-18,2024-07-31,Started,,
PT09167,2025-08-31,2025-09-01,2025-09-18,2025-09-26,Discontinued,2026-04-11,Patient Decision
PT09168,2024-07-30,2024-08-03,2024-08-07,2024-08-16,Started,,
PT09169,2023-12-14,2023-12-20,2023-12-23,,Not Started,,
PT09170,2024-02-15,2024-02-17,2024-03-04,2024-03-18,Started,,
PT09171,2025-01-30,2025-02-04,2025-02-22,,Not Started,,
PT09172,2023-04-17,2023-04-21,2023-04-30,2023-05-09,Started,,
PT09173,2024-01-15,2024-01-20,2024-02-01,2024-02-11,Started,,
PT09174,2023-04-04,2023-04-06,2023-04-22,2023-05-04,Started,,
PT09175,2024-07-07,2024-07-11,2024-08-01,2024-08-10,Started,,
PT09176,2023-09-04,2023-09-10,2023-10-13,,Not Started,,
PT09177,2024-09-25,2024-10-01,2024-10-28,2024-11-05,Started,,
PT09178,2025-05-20,2025-05-27,2025-06-07,2025-06-16,Started,,
PT09179,2024-05-11,2024-05-15,2024-05-26,,Not Started,,
PT09180,2023-05-22,2023-05-29,2023-06-19,2023-06-26,Started,,
PT09181,2023-12-17,2023-12-19,2024-01-03,2024-01-15,Discontinued,2024-08-28,Access Issue
PT09182,2025-03-23,2025-03-28,2025-04-15,2025-04-20,Started,,
PT09183,2024-06-02,2024-06-06,2024-06-19,2024-06-25,Started,,
PT09184,2024-10-10,2024-10-11,2024-11-01,,Not Started,,
PT09185,2023-09-29,2023-10-04,2023-10-19,2023-10-30,Started,,
PT09186,2023-05-29,2023-06-03,2023-06-29,2023-07-04,Started,,
PT09187,2025-09-02,2025-09-05,2025-09-21,2025-10-05,Started,,
PT09188,2023-01-30,2023-02-05,2023-03-02,2023-03-05,Started,,
PT09189,2024-08-05,2024-08-10,2024-08-20,2024-08-25,Started,,
PT09190,2023-01-07,2023-01-10,2023-01-30,,Not Started,,
PT09191,2025-11-23,2025-11-27,2025-12-14,2025-12-22,Started,,
PT09192,2024-03-25,2024-03-31,2024-04-11,2024-04-20,Started,,
PT09193,2024-01-28,2024-01-29,2024-02-14,2024-02-22,Started,,
PT09194,2024-10-04,2024-10-08,2024-11-03,2024-11-10,Started,,
PT09195,2023-01-19,2023-01-24,2023-02-11,2023-02-23,Started,,
PT09196,2024-01-17,2024-01-23,2024-02-07,2024-02-14,Started,,
PT09197,2024-05-25,2024-05-28,2024-06-15,2024-06-18,Started,,
PT09198,2025-06-22,2025-06-28,2025-07-17,2025-07-27,Started,,
PT09199,2023-07-24,2023-07-26,2023-08-09,2023-08-16,Started,,
PT09200,2024-12-27,2024-12-30,2025-01-16,2025-01-22,Started,,
PT09201,2023-04-28,2023-04-29,2023-05-16,2023-05-22,Started,,
PT09202,2024-11-24,2024-11-30,2024-12-07,2024-12-11,Started,,
PT09203,2025-03-29,2025-04-02,2025-04-16,2025-04-29,Started,,
PT09204,2025-08-02,2025-08-06,2025-08-19,2025-08-27,Started,,
PT09205,2023-01-15,2023-01-20,2023-02-13,2023-02-21,Started,,
PT09206,2023-06-24,2023-06-29,2023-07-18,2023-07-25,Started,,
PT09207,2025-02-23,2025-03-02,2025-03-10,2025-03-21,Started,,
PT09208,2023-03-31,2023-04-06,2023-04-30,2023-05-03,Started,,
PT09209,2024-08-06,2024-08-08,2024-08-27,2024-09-10,Started,,
PT09210,2024-03-10,2024-03-16,2024-04-04,,Not Started,,
PT09211,2024-03-04,2024-03-11,2024-03-25,2024-04-07,Started,,
PT09212,2024-02-28,2024-03-01,2024-03-15,2024-03-19,Started,,
PT09213,2024-03-04,2024-03-09,2024-04-03,2024-04-15,Started,,
PT09214,2023-09-03,2023-09-05,2023-09-16,2023-09-22,Started,,
PT09215,2024-08-27,2024-08-30,2024-09-23,,Not Started,,
PT09216,2023-08-03,2023-08-08,2023-08-28,2023-09-10,Started,,
PT09217,2025-08-08,2025-08-09,2025-08-14,2025-08-17,Started,,
PT09218,2023-10-21,2023-10-25,2023-11-08,2023-11-10,Started,,
PT09219,2025-09-20,2025-09-26,2025-10-21,2025-11-04,Discontinued,2026-05-27,Access Issue
PT09220,2024-01-21,2024-01-25,2024-02-07,2024-02-15,Started,,
PT09221,2023-06-23,2023-06-30,2023-07-15,2023-07-24,Discontinued,2023-10-10,Adverse Event
PT09222,2023-11-04,2023-11-06,2023-11-29,2023-12-10,Started,,
PT09223,2024-08-07,2024-08-13,2024-08-28,2024-09-06,Started,,
PT09224,2025-07-05,2025-07-10,2025-07-23,2025-08-02,Started,,
PT09225,2025-05-30,2025-06-05,2025-06-22,2025-06-28,Started,,
PT09226,2023-06-11,2023-06-14,2023-06-29,2023-07-10,Started,,
PT09227,2025-06-13,2025-06-14,2025-06-28,2025-07-06,Discontinued,2026-02-12,Adverse Event
PT09228,2025-01-22,2025-01-23,2025-02-09,2025-02-19,Started,,
PT09229,2025-08-22,2025-08-24,2025-09-05,2025-09-09,Discontinued,2026-01-12,Access Issue
PT09230,2024-05-24,2024-05-27,2024-06-19,2024-06-28,Started,,
PT09231,2024-04-14,2024-04-21,2024-05-01,,Not Started,,
PT09232,2023-10-04,2023-10-07,2023-10-19,2023-10-29,Started,,
PT09233,2024-05-08,2024-05-15,2024-06-13,2024-06-26,Started,,
PT09234,2023-04-19,2023-04-23,2023-05-01,2023-05-13,Started,,
PT09235,2025-03-16,2025-03-17,2025-04-03,2025-04-17,Started,,
PT09236,2024-02-08,2024-02-15,2024-02-29,2024-03-13,Started,,
PT09237,2023-10-06,2023-10-07,2023-10-31,2023-11-09,Started,,
PT09238,2024-06-28,2024-06-30,2024-07-07,2024-07-13,Started,,
PT09239,2023-05-05,2023-05-06,2023-05-17,2023-05-25,Started,,
PT09240,2023-05-19,2023-05-23,2023-06-15,2023-06-23,Started,,
PT09241,2025-06-21,2025-06-26,2025-07-21,2025-08-03,Started,,
PT09242,2023-11-07,2023-11-08,2023-12-02,2023-12-16,Started,,
PT09243,2024-01-09,2024-01-12,2024-01-30,2024-02-12,Started,,
PT09244,2024-07-19,2024-07-20,2024-08-01,2024-08-13,Discontinued,2024-12-29,Cost / Affordability
PT09245,2025-12-02,2025-12-07,2025-12-23,2025-12-28,Started,,
PT09246,2025-10-27,2025-10-28,2025-11-22,2025-11-29,Started,,
PT09247,2023-10-02,2023-10-06,2023-10-25,2023-11-03,Started,,
PT09248,2024-04-01,2024-04-03,2024-04-20,2024-04-22,Started,,
PT09249,2025-12-10,2025-12-15,2025-12-24,2026-01-01,Started,,
PT09250,2023-01-09,2023-01-10,2023-01-30,2023-02-05,Started,,
PT09251,2023-07-11,2023-07-14,2023-07-26,2023-08-05,Started,,
PT09252,2023-02-02,2023-02-06,2023-02-11,2023-02-21,Started,,
PT09253,2023-05-28,2023-06-01,2023-06-25,2023-07-04,Started,,
PT09254,2024-06-23,2024-06-27,2024-07-16,2024-07-22,Started,,
PT09255,2025-08-19,2025-08-20,2025-09-03,2025-09-13,Started,,
PT09256,2023-05-09,2023-05-10,2023-06-02,2023-06-04,Started,,
PT09257,2024-04-08,2024-04-12,2024-04-28,2024-05-05,Started,,
PT09258,2025-03-02,2025-03-09,2025-03-21,2025-04-01,Discontinued,2025-11-08,Access Issue
PT09259,2024-12-19,2024-12-21,2025-01-09,2025-01-22,Started,,
PT09260,2024-09-25,2024-10-02,2024-10-18,2024-10-31,Started,,
PT09261,2024-05-27,2024-05-31,2024-06-12,,Not Started,,
PT09262,2023-07-28,2023-07-30,2023-08-19,,Not Started,,
PT09263,2024-03-23,2024-03-27,2024-04-09,2024-04-13,Started,,
PT09264,2023-11-03,2023-11-04,2023-12-02,2023-12-05,Started,,
PT09265,2023-10-31,2023-11-06,2023-11-27,2023-12-09,Started,,
PT09266,2023-05-03,2023-05-05,2023-05-10,2023-05-16,Started,,
PT09267,2025-10-31,2025-11-01,2025-11-13,2025-11-19,Started,,
PT09268,2025-04-04,2025-04-07,2025-04-20,2025-04-30,Started,,
PT09269,2024-08-13,2024-08-17,2024-09-04,,Not Started,,
PT09270,2023-11-19,2023-11-24,2023-12-13,2023-12-21,Started,,
PT09271,2025-09-11,2025-09-14,2025-09-28,2025-10-05,Started,,
PT09272,2025-09-16,2025-09-20,2025-10-02,2025-10-06,Started,,
PT09273,2023-02-01,2023-02-05,2023-02-21,2023-03-02,Started,,
PT09274,2025-03-18,2025-03-23,2025-04-02,,Not Started,,
PT09275,2025-05-02,2025-05-06,2025-05-26,2025-05-29,Started,,
PT09276,2025-05-24,2025-05-25,2025-06-13,2025-06-24,Started,,
PT09277,2024-09-27,2024-09-30,2024-10-27,2024-11-08,Started,,
PT09278,2024-09-03,2024-09-06,2024-09-23,2024-10-01,Started,,
PT09279,2025-09-02,2025-09-09,2025-09-30,2025-10-04,Started,,
PT09280,2025-10-01,2025-10-08,2025-11-01,2025-11-10,Started,,
PT09281,2025-08-12,2025-08-15,2025-09-04,,Not Started,,
PT09282,2024-08-05,2024-08-12,2024-08-27,2024-08-29,Started,,
PT09283,2025-09-15,2025-09-21,2025-10-01,2025-10-09,Started,,
PT09284,2025-02-27,2025-02-28,2025-03-29,2025-04-02,Started,,
PT09285,2024-09-22,2024-09-29,2024-10-25,2024-11-06,Started,,
PT09286,2025-01-15,2025-01-21,2025-02-15,2025-03-01,Discontinued,2025-09-11,Adverse Event
PT09287,2025-01-25,2025-02-01,2025-02-16,2025-02-22,Started,,
PT09288,2024-04-07,2024-04-08,2024-04-20,2024-04-25,Discontinued,2024-09-19,Treatment Ineffectiveness
PT09289,2023-06-08,2023-06-12,2023-06-28,2023-07-04,Started,,
PT09290,2025-09-17,2025-09-23,2025-10-12,2025-10-18,Started,,
PT09291,2024-09-09,2024-09-10,2024-09-25,2024-10-05,Started,,
PT09292,2023-02-07,2023-02-08,2023-02-28,2023-03-10,Started,,
PT09293,2025-01-01,2025-01-02,2025-01-26,,Not Started,,
PT09294,2024-10-25,2024-10-31,2024-11-14,2024-11-24,Started,,
PT09295,2024-04-24,2024-04-25,2024-05-16,2024-05-26,Started,,
PT09296,2024-03-23,2024-03-29,2024-04-17,2024-04-28,Discontinued,2024-08-21,Treatment Ineffectiveness
PT09297,2024-12-24,2024-12-26,2025-01-10,2025-01-21,Started,,
PT09298,2024-12-17,2024-12-22,2025-01-17,2025-01-21,Discontinued,2025-07-14,Cost / Affordability
PT09299,2025-08-05,2025-08-08,2025-08-27,2025-09-05,Started,,
PT09300,2025-05-27,2025-05-28,2025-06-09,2025-06-19,Started,,
PT09301,2023-09-27,2023-10-01,2023-10-17,2023-10-23,Discontinued,2024-05-05,Adverse Event
PT09302,2025-03-12,2025-03-15,2025-03-25,2025-04-08,Started,,
PT09303,2024-06-18,2024-06-25,2024-07-14,2024-07-23,Started,,
PT09304,2024-05-23,2024-05-29,2024-06-14,2024-06-23,Started,,
PT09305,2024-10-19,2024-10-23,2024-11-22,2024-12-04,Started,,
PT09306,2023-07-04,2023-07-07,2023-07-17,2023-07-28,Started,,
PT09307,2024-08-22,2024-08-26,2024-09-15,,Not Started,,
PT09308,2024-05-05,2024-05-06,2024-05-27,2024-05-31,Started,,
PT09309,2025-09-14,2025-09-15,2025-10-14,,Not Started,,
PT09310,2023-10-27,2023-11-03,2023-11-18,2023-11-24,Started,,
PT09311,2023-10-18,2023-10-19,2023-11-11,2023-11-15,Discontinued,2024-04-18,Patient Decision
PT09312,2023-04-28,2023-05-02,2023-05-12,2023-05-18,Started,,
PT09313,2024-09-08,2024-09-15,2024-10-07,,Not Started,,
PT09314,2025-12-16,2025-12-18,2025-12-31,,Not Started,,
PT09315,2025-11-07,2025-11-10,2025-11-30,2025-12-03,Started,,
PT09316,2025-10-21,2025-10-25,2025-11-04,2025-11-12,Started,,
PT09317,2025-10-30,2025-11-06,2025-11-27,2025-12-04,Started,,
PT09318,2023-11-29,2023-12-03,2023-12-18,2023-12-23,Started,,
PT09319,2025-05-15,2025-05-20,2025-06-16,2025-06-21,Started,,
PT09320,2023-12-30,2024-01-02,2024-01-21,2024-02-03,Started,,
PT09321,2025-08-22,2025-08-28,2025-09-03,2025-09-17,Started,,
PT09322,2025-07-23,2025-07-27,2025-08-17,2025-08-27,Started,,
PT09323,2024-03-28,2024-03-30,2024-04-16,2024-04-19,Started,,
PT09324,2023-12-08,2023-12-09,2023-12-21,2023-12-28,Discontinued,2024-03-01,Treatment Ineffectiveness
PT09325,2024-11-12,2024-11-14,2024-12-02,2024-12-07,Discontinued,2025-04-21,Treatment Ineffectiveness
PT09326,2025-05-30,2025-06-04,2025-06-14,2025-06-27,Discontinued,2025-08-30,Access Issue
PT09327,2025-04-06,2025-04-08,2025-04-20,2025-05-01,Started,,
PT09328,2025-01-09,2025-01-13,2025-02-02,2025-02-11,Started,,
PT09329,2025-12-02,2025-12-03,2025-12-24,2026-01-04,Started,,
PT09330,2024-08-21,2024-08-26,2024-09-10,2024-09-23,Discontinued,2024-11-16,Access Issue
PT09331,2023-02-22,2023-02-23,2023-03-13,2023-03-21,Started,,
PT09332,2024-01-28,2024-01-31,2024-02-21,2024-03-04,Discontinued,2024-06-05,Adverse Event
PT09333,2023-04-22,2023-04-27,2023-05-08,2023-05-10,Started,,
PT09334,2024-04-29,2024-05-03,2024-05-23,2024-05-27,Started,,
PT09335,2023-10-11,2023-10-13,2023-10-20,2023-10-23,Discontinued,2024-05-30,Patient Decision
PT09336,2024-01-22,2024-01-23,2024-02-01,2024-02-05,Discontinued,2024-07-20,Access Issue
PT09337,2024-08-19,2024-08-26,2024-09-27,2024-10-10,Discontinued,2025-05-19,Treatment Ineffectiveness
PT09338,2024-10-19,2024-10-25,2024-11-17,2024-11-23,Started,,
PT09339,2023-03-18,2023-03-20,2023-03-29,2023-04-11,Started,,
PT09340,2024-12-07,2024-12-10,2024-12-21,2025-01-02,Started,,
PT09341,2024-10-16,2024-10-18,2024-11-05,2024-11-19,Started,,
PT09342,2024-03-20,2024-03-27,2024-04-06,2024-04-16,Started,,
PT09343,2023-12-19,2023-12-25,2024-01-13,,Not Started,,
PT09344,2025-05-30,2025-05-31,2025-06-19,,Not Started,,
PT09345,2025-03-30,2025-04-06,2025-04-17,2025-04-30,Started,,
PT09346,2025-03-08,2025-03-15,2025-03-21,2025-04-04,Started,,
PT09347,2023-07-18,2023-07-25,2023-08-15,2023-08-20,Started,,
PT09348,2025-05-05,2025-05-12,2025-05-24,2025-05-27,Discontinued,2025-08-20,Access Issue
PT09349,2023-05-01,2023-05-04,2023-05-29,2023-06-08,Started,,
PT09350,2025-10-11,2025-10-14,2025-10-25,2025-10-27,Started,,
PT09351,2025-05-25,2025-05-28,2025-06-17,2025-06-22,Started,,
PT09352,2023-01-17,2023-01-20,2023-01-31,,Not Started,,
PT09353,2023-04-06,2023-04-09,2023-05-04,2023-05-11,Discontinued,2023-12-30,Treatment Ineffectiveness
PT09354,2023-06-25,2023-06-30,2023-07-15,2023-07-25,Started,,
PT09355,2024-11-06,2024-11-08,2024-11-21,,Not Started,,
PT09356,2025-02-19,2025-02-26,2025-03-29,2025-04-04,Started,,
PT09357,2025-03-08,2025-03-15,2025-03-30,2025-04-09,Started,,
PT09358,2023-09-01,2023-09-03,2023-09-19,2023-09-21,Started,,
PT09359,2025-09-08,2025-09-12,2025-09-18,2025-09-27,Started,,
PT09360,2025-09-17,2025-09-18,2025-10-10,2025-10-16,Started,,
PT09361,2025-07-29,2025-07-30,2025-08-10,2025-08-12,Started,,
PT09362,2023-04-28,2023-05-05,2023-05-26,2023-06-08,Started,,
PT09363,2025-02-04,2025-02-10,2025-03-04,2025-03-11,Started,,
PT09364,2024-02-26,2024-03-04,2024-03-14,2024-03-21,Started,,
PT09365,2025-04-04,2025-04-11,2025-04-25,2025-05-06,Discontinued,2025-08-11,Cost / Affordability
PT09366,2024-12-24,2024-12-30,2025-01-13,2025-01-23,Started,,
PT09367,2025-07-21,2025-07-28,2025-08-11,,Not Started,,
PT09368,2025-12-05,2025-12-10,2025-12-29,2026-01-03,Started,,
PT09369,2023-04-12,2023-04-16,2023-04-23,,Not Started,,
PT09370,2024-03-18,2024-03-20,2024-04-02,2024-04-16,Started,,
PT09371,2023-01-08,2023-01-15,2023-02-01,2023-02-07,Started,,
PT09372,2023-06-09,2023-06-12,2023-07-07,2023-07-15,Started,,
PT09373,2023-03-12,2023-03-14,2023-03-23,2023-03-26,Started,,
PT09374,2023-11-29,2023-11-30,2023-12-24,2023-12-30,Started,,
PT09375,2023-05-17,2023-05-23,2023-06-05,2023-06-07,Started,,
PT09376,2025-08-30,2025-09-05,2025-09-26,2025-10-05,Started,,
PT09377,2025-10-14,2025-10-15,2025-11-02,2025-11-04,Started,,
PT09378,2023-09-15,2023-09-22,2023-10-07,,Not Started,,
PT09379,2025-02-12,2025-02-13,2025-02-25,2025-03-04,Started,,
PT09380,2025-07-31,2025-08-04,2025-08-24,2025-08-30,Started,,
PT09381,2024-01-20,2024-01-24,2024-02-21,2024-03-05,Started,,
PT09382,2024-02-04,2024-02-06,2024-02-09,2024-02-23,Started,,
PT09383,2023-03-05,2023-03-09,2023-03-22,,Not Started,,
PT09384,2025-02-20,2025-02-24,2025-03-04,2025-03-13,Started,,
PT09385,2025-11-23,2025-11-28,2025-12-10,2025-12-14,Started,,
PT09386,2025-06-18,2025-06-19,2025-07-11,2025-07-14,Started,,
PT09387,2025-12-08,2025-12-11,2025-12-24,2026-01-03,Started,,
PT09388,2024-12-26,2024-12-27,2025-01-08,2025-01-18,Started,,
PT09389,2024-04-26,2024-05-01,2024-05-12,,Not Started,,
PT09390,2024-05-27,2024-05-28,2024-06-14,2024-06-26,Started,,
PT09391,2023-11-10,2023-11-16,2023-12-02,2023-12-07,Started,,
PT09392,2023-10-10,2023-10-14,2023-10-30,2023-11-11,Started,,
PT09393,2025-08-15,2025-08-16,2025-09-14,2025-09-27,Started,,
PT09394,2024-11-19,2024-11-21,2024-12-11,2024-12-20,Discontinued,2025-06-24,Cost / Affordability
PT09395,2023-04-15,2023-04-18,2023-05-04,2023-05-16,Started,,
PT09396,2023-07-03,2023-07-08,2023-07-24,2023-07-30,Started,,
PT09397,2023-10-11,2023-10-14,2023-11-05,2023-11-11,Started,,
PT09398,2023-10-24,2023-10-29,2023-11-18,2023-11-22,Started,,
PT09399,2025-03-14,2025-03-21,2025-04-02,2025-04-15,Started,,
PT09400,2025-04-02,2025-04-04,2025-04-21,2025-05-05,Started,,
PT09401,2024-02-01,2024-02-02,2024-02-17,2024-02-20,Started,,
PT09402,2023-05-27,2023-06-02,2023-06-23,2023-06-30,Started,,
PT09403,2023-11-27,2023-11-28,2023-12-21,,Not Started,,
PT09404,2023-07-22,2023-07-27,2023-08-14,2023-08-21,Started,,
PT09405,2024-07-12,2024-07-17,2024-08-02,2024-08-11,Started,,
PT09406,2025-12-02,2025-12-09,2026-01-03,2026-01-17,Started,,
PT09407,2023-12-21,2023-12-28,2024-01-21,2024-02-02,Discontinued,2024-07-02,Treatment Ineffectiveness
PT09408,2025-02-26,2025-03-03,2025-03-21,2025-03-29,Started,,
PT09409,2024-04-01,2024-04-08,2024-05-02,2024-05-13,Started,,
PT09410,2024-07-05,2024-07-06,2024-07-18,,Not Started,,
PT09411,2025-09-20,2025-09-21,2025-10-02,,Not Started,,
PT09412,2024-05-19,2024-05-22,2024-06-07,2024-06-14,Started,,
PT09413,2023-04-10,2023-04-12,2023-05-01,2023-05-10,Started,,
PT09414,2023-05-10,2023-05-13,2023-05-28,2023-05-30,Started,,
PT09415,2025-05-01,2025-05-06,2025-05-19,2025-05-21,Started,,
PT09416,2024-09-26,2024-10-01,2024-10-25,2024-11-08,Started,,
PT09417,2023-04-26,2023-05-03,2023-05-25,2023-05-30,Discontinued,2023-10-14,Adverse Event
PT09418,2024-01-23,2024-01-24,2024-01-27,2024-02-04,Started,,
PT09419,2023-02-21,2023-02-28,2023-03-09,2023-03-15,Started,,
PT09420,2023-04-22,2023-04-28,2023-05-12,2023-05-14,Started,,
PT09421,2023-05-17,2023-05-22,2023-06-06,2023-06-13,Started,,
PT09422,2025-10-06,2025-10-07,2025-11-08,2025-11-20,Started,,
PT09423,2024-07-16,2024-07-21,2024-08-11,2024-08-18,Started,,
PT09424,2025-01-03,2025-01-05,2025-01-24,2025-01-30,Started,,
PT09425,2023-10-02,2023-10-07,2023-10-20,2023-10-27,Started,,
PT09426,2025-07-19,2025-07-25,2025-08-03,2025-08-10,Started,,
PT09427,2025-07-11,2025-07-14,2025-08-06,2025-08-19,Started,,
PT09428,2023-10-10,2023-10-12,2023-11-02,,Not Started,,
PT09429,2025-11-24,2025-11-25,2025-12-19,2026-01-01,Started,,
PT09430,2024-06-04,2024-06-08,2024-07-01,2024-07-03,Started,,
PT09431,2025-08-27,2025-08-28,2025-09-08,2025-09-20,Started,,
PT09432,2023-01-18,2023-01-25,2023-02-15,2023-02-25,Discontinued,2023-07-23,Patient Decision
PT09433,2023-01-22,2023-01-26,2023-02-10,2023-02-23,Started,,
PT09434,2025-05-22,2025-05-26,2025-06-09,2025-06-17,Started,,
PT09435,2025-02-07,2025-02-10,2025-03-01,2025-03-06,Started,,
PT09436,2024-03-23,2024-03-29,2024-04-16,2024-04-22,Started,,
PT09437,2024-01-17,2024-01-24,2024-02-06,2024-02-10,Started,,
PT09438,2023-12-02,2023-12-06,2023-12-21,2023-12-26,Started,,
PT09439,2024-05-07,2024-05-10,2024-05-27,2024-06-06,Started,,
PT09440,2025-07-27,2025-07-28,2025-08-06,,Not Started,,
PT09441,2023-06-17,2023-06-23,2023-07-14,2023-07-22,Started,,
PT09442,2024-05-20,2024-05-22,2024-06-08,,Not Started,,
PT09443,2024-02-11,2024-02-15,2024-02-28,2024-03-06,Discontinued,2024-05-06,Patient Decision
PT09444,2024-03-22,2024-03-29,2024-04-23,2024-05-04,Started,,
PT09445,2023-04-16,2023-04-21,2023-05-01,2023-05-06,Started,,
PT09446,2023-12-19,2023-12-26,2024-01-13,2024-01-20,Started,,
PT09447,2025-12-20,2025-12-22,2025-12-30,2026-01-01,Started,,
PT09448,2025-01-25,2025-01-31,2025-02-16,2025-02-27,Started,,
PT09449,2024-12-20,2024-12-26,2025-01-18,,Not Started,,
PT09450,2023-12-13,2023-12-20,2024-01-06,,Not Started,,
PT09451,2023-11-06,2023-11-12,2023-12-11,2023-12-21,Started,,
PT09452,2024-10-08,2024-10-09,2024-10-31,2024-11-02,Started,,
PT09453,2024-08-27,2024-08-29,2024-09-19,2024-09-25,Started,,
PT09454,2024-07-10,2024-07-17,2024-07-29,2024-08-05,Started,,
PT09455,2023-06-05,2023-06-10,2023-06-21,2023-07-02,Started,,
PT09456,2024-08-19,2024-08-22,2024-09-04,2024-09-06,Discontinued,2025-04-11,Cost / Affordability
PT09457,2024-08-01,2024-08-04,2024-09-01,2024-09-03,Discontinued,2024-11-27,Access Issue
PT09458,2023-03-13,2023-03-18,2023-04-15,2023-04-23,Started,,
PT09459,2024-10-31,2024-11-04,2024-11-11,2024-11-19,Started,,
PT09460,2023-04-24,2023-04-26,2023-05-22,2023-06-02,Started,,
PT09461,2023-09-05,2023-09-12,2023-09-25,2023-10-04,Started,,
PT09462,2025-10-19,2025-10-21,2025-11-03,2025-11-17,Started,,
PT09463,2023-12-17,2023-12-19,2024-01-07,,Not Started,,
PT09464,2023-03-26,2023-03-31,2023-04-09,2023-04-17,Started,,
PT09465,2025-10-19,2025-10-20,2025-11-14,2025-11-25,Started,,
PT09466,2023-08-06,2023-08-12,2023-08-22,2023-08-28,Discontinued,2024-02-23,Cost / Affordability
PT09467,2025-08-13,2025-08-17,2025-08-29,,Not Started,,
PT09468,2025-09-20,2025-09-25,2025-10-08,2025-10-20,Discontinued,2026-04-27,Access Issue
PT09469,2023-10-31,2023-11-01,2023-12-08,2023-12-17,Discontinued,2024-05-28,Adverse Event
PT09470,2025-04-29,2025-05-05,2025-05-19,2025-05-24,Started,,
PT09471,2024-06-28,2024-06-29,2024-07-12,2024-07-25,Started,,
PT09472,2025-03-28,2025-03-30,2025-04-10,2025-04-18,Started,,
PT09473,2025-01-03,2025-01-08,2025-02-03,2025-02-07,Discontinued,2025-05-03,Patient Decision
PT09474,2024-08-05,2024-08-09,2024-08-24,2024-08-27,Started,,
PT09475,2024-01-17,2024-01-22,2024-02-03,2024-02-16,Started,,
PT09476,2023-08-30,2023-09-06,2023-09-17,2023-09-30,Started,,
PT09477,2024-05-25,2024-05-29,2024-06-13,2024-06-27,Started,,
PT09478,2023-08-28,2023-09-01,2023-09-18,2023-09-25,Started,,
PT09479,2024-03-31,2024-04-06,2024-04-13,2024-04-16,Started,,
PT09480,2024-05-06,2024-05-07,2024-05-19,2024-05-31,Started,,
PT09481,2024-01-12,2024-01-16,2024-01-26,2024-02-06,Started,,
PT09482,2025-03-06,2025-03-11,2025-03-23,2025-03-26,Started,,
PT09483,2023-09-27,2023-09-29,2023-10-21,2023-10-23,Started,,
PT09484,2023-05-22,2023-05-25,2023-06-09,2023-06-14,Discontinued,2023-12-13,Patient Decision
PT09485,2023-12-19,2023-12-20,2024-01-12,2024-01-20,Started,,
PT09486,2025-11-10,2025-11-13,2025-11-16,2025-11-25,Started,,
PT09487,2024-08-01,2024-08-08,2024-08-23,2024-08-29,Discontinued,2024-11-14,Patient Decision
PT09488,2025-12-07,2025-12-08,2025-12-29,2025-12-31,Started,,
PT09489,2025-06-10,2025-06-16,2025-06-29,2025-07-05,Started,,
PT09490,2023-07-04,2023-07-06,2023-07-25,2023-08-05,Discontinued,2024-01-10,Access Issue
PT09491,2025-07-15,2025-07-19,2025-08-05,2025-08-07,Started,,
PT09492,2025-04-29,2025-04-30,2025-05-27,,Not Started,,
PT09493,2024-10-15,2024-10-20,2024-11-01,2024-11-06,Discontinued,2025-04-15,Patient Decision
PT09494,2025-11-13,2025-11-15,2025-11-29,2025-12-08,Started,,
PT09495,2025-12-18,2025-12-19,2025-12-31,2026-01-14,Started,,
PT09496,2024-08-09,2024-08-14,2024-09-14,,Not Started,,
PT09497,2025-01-06,2025-01-08,2025-01-28,2025-02-04,Started,,
PT09498,2025-05-12,2025-05-15,2025-05-29,2025-06-03,Started,,
PT09499,2025-09-16,2025-09-22,2025-10-09,2025-10-19,Started,,
PT09500,2025-07-06,2025-07-09,2025-07-26,2025-08-05,Started,,
PT09501,2024-04-11,2024-04-13,2024-04-27,2024-05-07,Started,,
PT09502,2025-04-11,2025-04-13,2025-05-03,2025-05-06,Started,,
PT09503,2023-03-26,2023-03-28,2023-04-07,,Not Started,,
PT09504,2025-08-12,2025-08-17,2025-09-04,,Not Started,,
PT09505,2024-06-29,2024-07-01,2024-07-19,2024-07-23,Discontinued,2025-01-13,Adverse Event
PT09506,2023-09-28,2023-10-05,2023-10-26,2023-10-31,Started,,
PT09507,2023-10-30,2023-11-03,2023-11-13,2023-11-20,Started,,
PT09508,2025-08-23,2025-08-30,2025-09-23,2025-10-02,Started,,
PT09509,2025-05-10,2025-05-11,2025-05-25,2025-06-03,Started,,
PT09510,2024-11-02,2024-11-07,2024-11-21,2024-11-29,Started,,
PT09511,2023-06-25,2023-07-02,2023-07-20,2023-07-30,Started,,
PT09512,2024-06-01,2024-06-07,2024-06-16,2024-06-20,Started,,
PT09513,2023-12-13,2023-12-20,2023-12-29,2024-01-10,Started,,
PT09514,2023-06-11,2023-06-14,2023-06-25,,Not Started,,
PT09515,2025-11-30,2025-12-06,2025-12-12,2025-12-25,Discontinued,2026-08-05,Access Issue
PT09516,2025-03-04,2025-03-11,2025-03-14,,Not Started,,
PT09517,2025-01-06,2025-01-09,2025-01-23,,Not Started,,
PT09518,2024-08-03,2024-08-07,2024-08-19,2024-08-21,Started,,
PT09519,2025-10-28,2025-10-31,2025-11-29,2025-12-06,Started,,
PT09520,2023-01-27,2023-02-01,2023-02-19,2023-03-04,Started,,
PT09521,2025-04-08,2025-04-10,2025-04-29,,Not Started,,
PT09522,2025-05-27,2025-06-02,2025-06-10,,Not Started,,
PT09523,2024-12-04,2024-12-07,2024-12-23,2024-12-26,Discontinued,2025-07-25,Patient Decision
PT09524,2023-09-04,2023-09-10,2023-09-18,2023-09-25,Started,,
PT09525,2024-04-12,2024-04-13,2024-04-27,2024-05-05,Started,,
PT09526,2025-08-02,2025-08-03,2025-08-30,,Not Started,,
PT09527,2025-10-04,2025-10-06,2025-10-17,2025-10-26,Started,,
PT09528,2025-01-16,2025-01-21,2025-02-11,2025-02-15,Started,,
PT09529,2023-09-27,2023-09-29,2023-10-16,2023-10-21,Started,,
PT09530,2025-05-25,2025-05-31,2025-06-18,2025-06-28,Started,,
PT09531,2024-03-12,2024-03-17,2024-04-02,2024-04-05,Started,,
PT09532,2024-09-15,2024-09-19,2024-10-08,2024-10-20,Started,,
PT09533,2023-08-06,2023-08-13,2023-08-24,2023-09-05,Started,,
PT09534,2024-09-13,2024-09-15,2024-10-05,2024-10-13,Started,,
PT09535,2024-11-27,2024-12-03,2024-12-09,2024-12-21,Started,,
PT09536,2024-12-27,2025-01-01,2025-01-23,2025-01-29,Started,,
PT09537,2024-08-18,2024-08-20,2024-09-07,2024-09-19,Started,,
PT09538,2024-10-19,2024-10-23,2024-11-02,2024-11-07,Started,,
PT09539,2024-09-03,2024-09-06,2024-09-19,2024-09-29,Started,,
PT09540,2023-12-23,2023-12-25,2024-01-04,2024-01-18,Started,,
PT09541,2023-06-23,2023-06-30,2023-07-20,2023-08-03,Started,,
PT09542,2025-10-01,2025-10-03,2025-11-04,2025-11-16,Started,,
PT09543,2024-06-06,2024-06-08,2024-06-19,2024-06-28,Started,,
PT09544,2025-12-27,2026-01-02,2026-01-17,2026-01-30,Started,,
PT09545,2024-10-01,2024-10-05,2024-10-27,2024-11-04,Started,,
PT09546,2025-06-23,2025-06-25,2025-07-14,2025-07-21,Started,,
PT09547,2025-09-14,2025-09-15,2025-10-05,2025-10-13,Started,,
PT09548,2024-10-22,2024-10-28,2024-11-16,,Not Started,,
PT09549,2023-01-08,2023-01-10,2023-01-25,2023-01-29,Discontinued,2023-06-16,Adverse Event
PT09550,2024-06-08,2024-06-09,2024-06-23,2024-07-04,Started,,
PT09551,2025-07-18,2025-07-19,2025-08-20,,Not Started,,
PT09552,2024-05-20,2024-05-22,2024-06-19,2024-06-30,Started,,
PT09553,2024-05-13,2024-05-19,2024-06-01,,Not Started,,
PT09554,2025-02-17,2025-02-24,2025-03-13,2025-03-24,Discontinued,2025-09-01,Patient Decision
PT09555,2023-01-25,2023-01-28,2023-02-09,2023-02-13,Started,,
PT09556,2024-10-09,2024-10-12,2024-10-26,2024-11-08,Started,,
PT09557,2023-10-05,2023-10-12,2023-11-06,2023-11-17,Started,,
PT09558,2024-03-14,2024-03-15,2024-03-24,2024-04-06,Started,,
PT09559,2023-04-20,2023-04-22,2023-05-06,2023-05-12,Started,,
PT09560,2023-08-17,2023-08-23,2023-09-03,2023-09-13,Started,,
PT09561,2025-11-08,2025-11-13,2025-11-23,2025-12-04,Started,,
PT09562,2024-02-07,2024-02-13,2024-02-26,2024-03-05,Started,,
PT09563,2023-03-05,2023-03-07,2023-03-27,2023-04-07,Started,,
PT09564,2025-12-21,2025-12-22,2026-01-15,2026-01-29,Started,,
PT09565,2025-06-28,2025-07-01,2025-07-13,2025-07-20,Started,,
PT09566,2024-11-01,2024-11-04,2024-11-16,2024-11-25,Started,,
PT09567,2024-12-24,2024-12-30,2025-01-17,2025-01-23,Started,,
PT09568,2024-08-27,2024-09-03,2024-09-21,2024-09-28,Discontinued,2025-04-07,Patient Decision
PT09569,2025-10-28,2025-11-02,2025-11-26,2025-12-09,Discontinued,2026-02-17,Patient Decision
PT09570,2023-03-28,2023-04-04,2023-04-19,2023-04-25,Started,,
PT09571,2023-06-27,2023-06-30,2023-07-18,2023-07-29,Started,,
PT09572,2025-03-17,2025-03-19,2025-04-07,2025-04-17,Started,,
PT09573,2024-09-06,2024-09-09,2024-10-01,2024-10-04,Started,,
PT09574,2024-12-06,2024-12-10,2024-12-27,2024-12-31,Started,,
PT09575,2024-05-17,2024-05-20,2024-06-04,2024-06-15,Started,,
PT09576,2023-11-13,2023-11-19,2023-12-22,2023-12-25,Started,,
PT09577,2024-07-04,2024-07-10,2024-08-02,2024-08-04,Started,,
PT09578,2024-09-11,2024-09-14,2024-09-24,2024-09-26,Started,,
PT09579,2024-08-24,2024-08-25,2024-09-09,2024-09-15,Started,,
PT09580,2023-08-01,2023-08-03,2023-08-31,,Not Started,,
PT09581,2025-07-20,2025-07-22,2025-07-29,2025-08-04,Discontinued,2026-02-21,Patient Decision
PT09582,2024-06-18,2024-06-25,2024-07-15,2024-07-21,Started,,
PT09583,2025-01-31,2025-02-07,2025-03-08,,Not Started,,
PT09584,2024-06-08,2024-06-13,2024-06-25,2024-07-07,Started,,
PT09585,2025-04-07,2025-04-10,2025-04-18,2025-04-25,Started,,
PT09586,2025-08-16,2025-08-18,2025-09-01,2025-09-13,Discontinued,2025-11-06,Adverse Event
PT09587,2024-09-30,2024-10-07,2024-10-23,2024-10-29,Started,,
PT09588,2023-01-12,2023-01-17,2023-02-06,2023-02-10,Discontinued,2023-06-11,Patient Decision
PT09589,2025-02-06,2025-02-13,2025-02-28,2025-03-04,Started,,
PT09590,2025-10-22,2025-10-28,2025-11-22,,Not Started,,
PT09591,2024-10-05,2024-10-11,2024-11-03,,Not Started,,
PT09592,2024-05-24,2024-05-30,2024-06-14,2024-06-22,Started,,
PT09593,2025-02-16,2025-02-17,2025-03-17,2025-03-25,Discontinued,2025-06-14,Access Issue
PT09594,2023-02-09,2023-02-15,2023-03-15,2023-03-27,Discontinued,2023-08-27,Cost / Affordability
PT09595,2025-02-22,2025-02-25,2025-03-17,2025-03-25,Started,,
PT09596,2025-01-09,2025-01-15,2025-01-29,2025-02-05,Started,,
PT09597,2024-05-19,2024-05-23,2024-06-05,2024-06-10,Started,,
PT09598,2023-02-13,2023-02-20,2023-03-17,2023-03-28,Started,,
PT09599,2024-06-25,2024-06-30,2024-07-17,2024-07-19,Started,,
PT09600,2023-01-15,2023-01-19,2023-02-02,,Not Started,,
PT09601,2025-11-21,2025-11-26,2025-12-05,2025-12-15,Started,,
PT09602,2025-02-12,2025-02-17,2025-03-08,2025-03-10,Started,,
PT09603,2024-06-26,2024-07-01,2024-07-24,2024-08-03,Discontinued,2024-12-30,Adverse Event
PT09604,2023-05-24,2023-05-31,2023-06-12,2023-06-21,Started,,
PT09605,2024-08-10,2024-08-11,2024-08-17,2024-08-28,Started,,
PT09606,2023-07-08,2023-07-09,2023-07-23,2023-08-01,Started,,
PT09607,2024-07-11,2024-07-16,2024-07-31,2024-08-14,Started,,
PT09608,2025-05-10,2025-05-12,2025-05-29,2025-06-05,Started,,
PT09609,2024-09-25,2024-09-30,2024-10-06,2024-10-10,Discontinued,2024-11-25,Cost / Affordability
PT09610,2024-03-10,2024-03-13,2024-03-26,2024-04-02,Started,,
PT09611,2024-09-18,2024-09-22,2024-10-04,2024-10-09,Started,,
PT09612,2024-07-02,2024-07-03,2024-07-20,2024-07-31,Started,,
PT09613,2023-02-05,2023-02-10,2023-02-23,2023-03-02,Started,,
PT09614,2025-05-08,2025-05-11,2025-05-29,2025-05-31,Started,,
PT09615,2025-11-18,2025-11-24,2025-12-10,2025-12-19,Started,,
PT09616,2023-01-16,2023-01-18,2023-02-08,2023-02-19,Started,,
PT09617,2024-06-09,2024-06-15,2024-07-12,2024-07-25,Started,,
PT09618,2024-05-19,2024-05-21,2024-06-05,2024-06-13,Started,,
PT09619,2023-09-23,2023-09-24,2023-10-16,2023-10-28,Started,,
PT09620,2024-05-03,2024-05-06,2024-05-24,2024-06-03,Started,,
PT09621,2025-01-01,2025-01-06,2025-01-18,,Not Started,,
PT09622,2025-10-09,2025-10-10,2025-10-29,2025-11-08,Discontinued,2026-05-16,Cost / Affordability
PT09623,2023-03-17,2023-03-18,2023-04-09,2023-04-18,Started,,
PT09624,2025-01-25,2025-01-31,2025-02-15,2025-02-23,Started,,
PT09625,2024-10-14,2024-10-15,2024-11-01,2024-11-15,Started,,
PT09626,2023-09-29,2023-10-04,2023-10-28,,Not Started,,
PT09627,2023-11-11,2023-11-17,2023-12-14,2023-12-18,Started,,
PT09628,2023-04-30,2023-05-07,2023-06-03,2023-06-11,Started,,
PT09629,2024-09-28,2024-10-03,2024-10-23,2024-11-02,Started,,
PT09630,2025-07-28,2025-08-04,2025-08-24,2025-09-04,Started,,
PT09631,2024-10-18,2024-10-19,2024-11-17,2024-11-23,Started,,
PT09632,2023-02-17,2023-02-21,2023-03-03,2023-03-13,Discontinued,2023-09-15,Treatment Ineffectiveness
PT09633,2025-03-24,2025-03-29,2025-04-22,2025-04-24,Started,,
PT09634,2023-12-29,2024-01-04,2024-01-20,2024-02-01,Started,,
PT09635,2025-09-29,2025-10-05,2025-11-09,,Not Started,,
PT09636,2025-04-26,2025-04-30,2025-05-19,2025-05-21,Started,,
PT09637,2023-03-29,2023-04-01,2023-04-16,2023-04-27,Started,,
PT09638,2024-09-27,2024-10-02,2024-10-06,2024-10-17,Started,,
PT09639,2025-04-17,2025-04-24,2025-05-07,2025-05-20,Started,,
PT09640,2025-08-29,2025-09-01,2025-09-21,,Not Started,,
PT09641,2023-02-10,2023-02-12,2023-03-14,2023-03-25,Started,,
PT09642,2024-05-03,2024-05-05,2024-05-24,,Not Started,,
PT09643,2024-03-20,2024-03-21,2024-04-15,2024-04-20,Discontinued,2024-10-25,Access Issue
PT09644,2025-01-19,2025-01-21,2025-01-28,2025-02-05,Started,,
PT09645,2024-07-05,2024-07-06,2024-07-22,2024-08-03,Started,,
PT09646,2023-09-10,2023-09-12,2023-09-29,2023-10-11,Discontinued,2024-03-24,Access Issue
PT09647,2025-01-26,2025-01-27,2025-02-13,,Not Started,,
PT09648,2025-02-22,2025-03-01,2025-03-15,2025-03-20,Started,,
PT09649,2025-03-08,2025-03-09,2025-03-27,,Not Started,,
PT09650,2024-11-04,2024-11-11,2024-12-05,2024-12-14,Started,,
PT09651,2024-08-25,2024-08-29,2024-09-17,2024-10-01,Started,,
PT09652,2024-05-10,2024-05-15,2024-06-04,2024-06-11,Started,,
PT09653,2023-07-06,2023-07-10,2023-07-30,2023-08-06,Started,,
PT09654,2025-05-28,2025-06-04,2025-06-18,2025-06-29,Started,,
PT09655,2025-11-18,2025-11-20,2025-12-14,2025-12-19,Started,,
PT09656,2023-10-13,2023-10-15,2023-10-21,2023-11-03,Started,,
PT09657,2024-09-24,2024-09-27,2024-10-15,2024-10-19,Started,,
PT09658,2025-02-09,2025-02-16,2025-03-02,2025-03-08,Started,,
PT09659,2023-04-18,2023-04-19,2023-04-29,2023-05-12,Started,,
PT09660,2025-02-25,2025-03-02,2025-03-14,2025-03-27,Started,,
PT09661,2023-05-30,2023-05-31,2023-06-11,2023-06-20,Started,,
PT09662,2023-08-17,2023-08-20,2023-09-03,2023-09-13,Started,,
PT09663,2023-05-07,2023-05-08,2023-05-22,2023-05-27,Started,,
PT09664,2023-05-29,2023-06-04,2023-06-22,2023-07-04,Started,,
PT09665,2023-11-27,2023-11-30,2023-12-20,2024-01-01,Started,,
PT09666,2024-12-31,2025-01-05,2025-01-18,2025-01-26,Started,,
PT09667,2025-09-13,2025-09-20,2025-10-13,2025-10-15,Started,,
PT09668,2024-12-28,2024-12-30,2025-01-16,2025-01-21,Started,,
PT09669,2023-10-08,2023-10-10,2023-10-15,2023-10-19,Started,,
PT09670,2023-02-24,2023-03-02,2023-03-24,2023-04-03,Started,,
PT09671,2023-03-25,2023-03-27,2023-04-10,2023-04-14,Discontinued,2023-07-18,Patient Decision
PT09672,2024-01-18,2024-01-20,2024-02-10,2024-02-15,Started,,
PT09673,2023-11-25,2023-11-28,2023-12-08,2023-12-15,Started,,
PT09674,2023-05-19,2023-05-20,2023-06-04,2023-06-08,Started,,
PT09675,2023-04-19,2023-04-24,2023-05-07,2023-05-14,Started,,
PT09676,2025-02-21,2025-02-28,2025-03-11,2025-03-20,Started,,
PT09677,2024-04-10,2024-04-11,2024-04-22,2024-05-03,Started,,
PT09678,2023-12-19,2023-12-20,2024-01-12,2024-01-25,Started,,
PT09679,2023-06-25,2023-06-29,2023-07-17,2023-07-26,Started,,
PT09680,2025-11-08,2025-11-12,2025-11-25,2025-11-30,Started,,
PT09681,2025-06-16,2025-06-21,2025-07-13,2025-07-23,Started,,
PT09682,2023-03-08,2023-03-14,2023-03-28,2023-04-02,Started,,
PT09683,2024-12-01,2024-12-08,2024-12-28,2025-01-07,Discontinued,2025-03-19,Cost / Affordability
PT09684,2025-06-11,2025-06-12,2025-07-02,2025-07-04,Discontinued,2025-09-08,Patient Decision
PT09685,2025-07-13,2025-07-20,2025-08-09,2025-08-19,Started,,
PT09686,2025-03-27,2025-03-29,2025-04-15,2025-04-21,Started,,
PT09687,2025-03-14,2025-03-16,2025-03-25,2025-04-03,Started,,
PT09688,2025-04-01,2025-04-05,2025-04-09,2025-04-15,Started,,
PT09689,2023-09-14,2023-09-18,2023-10-11,2023-10-22,Started,,
PT09690,2023-08-13,2023-08-17,2023-09-11,,Not Started,,
PT09691,2023-02-26,2023-03-04,2023-03-20,2023-03-24,Started,,
PT09692,2025-11-25,2025-11-26,2025-12-05,2025-12-18,Discontinued,2026-03-05,Cost / Affordability
PT09693,2024-04-29,2024-05-02,2024-05-17,2024-05-29,Started,,
PT09694,2024-06-07,2024-06-10,2024-06-30,2024-07-04,Started,,
PT09695,2025-01-31,2025-02-02,2025-02-11,2025-02-13,Started,,
PT09696,2023-08-01,2023-08-07,2023-08-25,2023-08-29,Started,,
PT09697,2024-07-07,2024-07-12,2024-07-31,2024-08-02,Started,,
PT09698,2023-01-27,2023-02-02,2023-02-17,2023-02-26,Started,,
PT09699,2025-02-07,2025-02-12,2025-03-06,2025-03-18,Started,,
PT09700,2024-04-12,2024-04-19,2024-05-05,,Not Started,,
PT09701,2024-06-20,2024-06-27,2024-07-11,2024-07-20,Started,,
PT09702,2024-10-22,2024-10-26,2024-11-08,2024-11-11,Started,,
PT09703,2024-04-18,2024-04-24,2024-05-18,,Not Started,,
PT09704,2023-04-05,2023-04-07,2023-04-23,,Not Started,,
PT09705,2025-08-10,2025-08-13,2025-09-02,2025-09-04,Started,,
PT09706,2025-08-29,2025-09-04,2025-09-15,2025-09-23,Started,,
PT09707,2024-09-22,2024-09-25,2024-10-07,,Not Started,,
PT09708,2024-03-30,2024-04-05,2024-05-06,,Not Started,,
PT09709,2024-11-07,2024-11-13,2024-12-09,2024-12-13,Started,,
PT09710,2025-06-22,2025-06-27,2025-07-21,,Not Started,,
PT09711,2023-09-15,2023-09-18,2023-09-28,2023-10-10,Started,,
PT09712,2024-06-18,2024-06-20,2024-07-09,2024-07-16,Started,,
PT09713,2025-01-21,2025-01-24,2025-02-08,2025-02-21,Started,,
PT09714,2025-04-29,2025-05-05,2025-05-20,2025-05-31,Started,,
PT09715,2024-02-19,2024-02-22,2024-02-28,2024-03-04,Started,,
PT09716,2024-05-21,2024-05-25,2024-06-15,2024-06-26,Discontinued,2025-02-06,Patient Decision
PT09717,2024-06-30,2024-07-02,2024-07-16,2024-07-18,Started,,
PT09718,2023-01-11,2023-01-15,2023-01-22,2023-01-25,Started,,
PT09719,2023-03-03,2023-03-08,2023-03-11,2023-03-19,Started,,
PT09720,2023-01-03,2023-01-07,2023-01-26,2023-02-05,Started,,
PT09721,2023-11-06,2023-11-10,2023-12-08,2023-12-15,Started,,
PT09722,2023-01-23,2023-01-28,2023-02-10,2023-02-19,Started,,
PT09723,2025-11-03,2025-11-05,2025-11-18,2025-12-02,Started,,
PT09724,2023-02-01,2023-02-03,2023-02-21,2023-03-02,Started,,
PT09725,2023-10-23,2023-10-24,2023-11-05,2023-11-17,Started,,
PT09726,2025-09-08,2025-09-14,2025-09-22,2025-10-06,Started,,
PT09727,2025-03-10,2025-03-11,2025-03-28,2025-04-01,Started,,
PT09728,2025-06-16,2025-06-21,2025-07-11,2025-07-13,Discontinued,2025-11-16,Cost / Affordability
PT09729,2023-06-19,2023-06-22,2023-07-13,2023-07-17,Started,,
PT09730,2023-05-06,2023-05-12,2023-06-04,2023-06-10,Discontinued,2023-08-26,Patient Decision
PT09731,2024-07-28,2024-08-04,2024-08-27,2024-09-09,Started,,
PT09732,2023-04-30,2023-05-03,2023-05-15,2023-05-24,Started,,
PT09733,2024-06-15,2024-06-17,2024-07-09,2024-07-18,Started,,
PT09734,2025-05-03,2025-05-10,2025-05-28,,Not Started,,
PT09735,2023-09-17,2023-09-23,2023-10-05,2023-10-19,Started,,
PT09736,2023-04-12,2023-04-13,2023-04-18,2023-05-02,Discontinued,2023-08-14,Adverse Event
PT09737,2024-07-01,2024-07-07,2024-08-04,2024-08-11,Started,,
PT09738,2025-02-19,2025-02-20,2025-03-15,2025-03-26,Started,,
PT09739,2024-03-25,2024-03-27,2024-04-19,2024-04-28,Started,,
PT09740,2023-11-17,2023-11-18,2023-12-03,2023-12-10,Started,,
PT09741,2025-07-07,2025-07-12,2025-07-29,2025-07-31,Started,,
PT09742,2024-03-09,2024-03-16,2024-04-08,2024-04-21,Started,,
PT09743,2024-02-03,2024-02-08,2024-02-23,2024-02-28,Started,,
PT09744,2023-04-08,2023-04-14,2023-04-24,2023-05-08,Started,,
PT09745,2023-07-03,2023-07-09,2023-07-21,2023-07-23,Started,,
PT09746,2023-02-05,2023-02-09,2023-02-27,,Not Started,,
PT09747,2025-07-17,2025-07-20,2025-08-09,2025-08-21,Started,,
PT09748,2024-12-03,2024-12-08,2024-12-18,2024-12-29,Discontinued,2025-05-10,Access Issue
PT09749,2025-04-29,2025-05-05,2025-05-25,,Not Started,,
PT09750,2024-12-17,2024-12-23,2025-01-03,,Not Started,,
PT09751,2024-07-26,2024-08-02,2024-08-24,2024-09-01,Started,,
PT09752,2023-08-17,2023-08-22,2023-09-06,,Not Started,,
PT09753,2023-06-11,2023-06-16,2023-06-26,2023-06-30,Started,,
PT09754,2025-05-25,2025-05-31,2025-06-14,2025-06-23,Discontinued,2026-02-17,Adverse Event
PT09755,2024-03-25,2024-03-30,2024-04-13,2024-04-17,Started,,
PT09756,2023-01-24,2023-01-29,2023-02-22,,Not Started,,
PT09757,2024-12-19,2024-12-25,2024-12-30,2025-01-13,Started,,
PT09758,2023-06-16,2023-06-22,2023-07-17,2023-07-26,Discontinued,2024-03-09,Patient Decision
PT09759,2025-11-27,2025-11-28,2025-12-24,2025-12-31,Started,,
PT09760,2023-04-22,2023-04-25,2023-05-07,2023-05-21,Started,,
PT09761,2023-02-28,2023-03-02,2023-03-25,2023-04-05,Started,,
PT09762,2025-07-15,2025-07-17,2025-08-12,2025-08-23,Started,,
PT09763,2023-02-10,2023-02-15,2023-03-07,2023-03-12,Discontinued,2023-10-24,Access Issue
PT09764,2024-01-11,2024-01-15,2024-01-27,,Not Started,,
PT09765,2023-09-04,2023-09-09,2023-10-02,,Not Started,,
PT09766,2025-04-06,2025-04-10,2025-05-08,,Not Started,,
PT09767,2023-06-08,2023-06-10,2023-06-27,2023-07-04,Discontinued,2023-10-27,Patient Decision
PT09768,2023-01-21,2023-01-27,2023-02-07,2023-02-16,Started,,
PT09769,2023-08-09,2023-08-10,2023-08-22,2023-08-30,Started,,
PT09770,2025-09-15,2025-09-20,2025-10-12,2025-10-19,Started,,
PT09771,2023-11-06,2023-11-08,2023-11-29,2023-12-09,Started,,
PT09772,2023-12-07,2023-12-13,2024-01-04,2024-01-13,Started,,
PT09773,2025-10-09,2025-10-15,2025-10-30,2025-11-03,Started,,
PT09774,2025-04-18,2025-04-25,2025-05-13,2025-05-25,Started,,
PT09775,2023-01-22,2023-01-27,2023-02-07,,Not Started,,
PT09776,2024-01-23,2024-01-25,2024-02-12,2024-02-21,Started,,
PT09777,2024-01-02,2024-01-04,2024-01-29,2024-01-31,Started,,
PT09778,2025-01-12,2025-01-16,2025-02-13,2025-02-20,Started,,
PT09779,2024-02-03,2024-02-04,2024-02-22,2024-02-24,Started,,
PT09780,2024-05-28,2024-06-01,2024-06-13,2024-06-18,Started,,
PT09781,2023-08-25,2023-08-30,2023-09-13,2023-09-17,Started,,
PT09782,2025-07-26,2025-07-29,2025-08-07,,Not Started,,
PT09783,2023-11-07,2023-11-14,2023-12-01,2023-12-09,Discontinued,2024-07-31,Treatment Ineffectiveness
PT09784,2023-01-11,2023-01-15,2023-02-03,2023-02-05,Started,,
PT09785,2025-10-16,2025-10-21,2025-11-06,2025-11-14,Discontinued,2026-06-09,Patient Decision
PT09786,2024-10-26,2024-10-30,2024-12-01,2024-12-13,Started,,
PT09787,2024-01-22,2024-01-28,2024-02-12,2024-02-22,Discontinued,2024-04-21,Adverse Event
PT09788,2025-01-13,2025-01-16,2025-02-09,2025-02-21,Started,,
PT09789,2025-10-18,2025-10-21,2025-11-14,,Not Started,,
PT09790,2025-04-26,2025-05-02,2025-05-15,2025-05-17,Started,,
PT09791,2025-05-09,2025-05-10,2025-05-30,2025-06-08,Started,,
PT09792,2024-01-05,2024-01-09,2024-01-24,2024-02-05,Started,,
PT09793,2024-12-31,2025-01-02,2025-01-20,2025-02-03,Started,,
PT09794,2023-11-25,2023-11-28,2023-12-13,2023-12-26,Started,,
PT09795,2024-12-25,2024-12-31,2025-01-20,2025-01-23,Started,,
PT09796,2023-09-04,2023-09-05,2023-09-25,2023-10-07,Started,,
PT09797,2023-11-03,2023-11-06,2023-11-12,2023-11-16,Discontinued,2024-05-13,Access Issue
PT09798,2025-05-10,2025-05-15,2025-05-28,2025-06-07,Started,,
PT09799,2024-12-16,2024-12-17,2025-01-03,2025-01-10,Started,,
PT09800,2024-11-03,2024-11-09,2024-12-02,,Not Started,,
PT09801,2023-01-15,2023-01-17,2023-01-26,2023-01-28,Started,,
PT09802,2023-05-28,2023-05-30,2023-06-17,2023-06-21,Started,,
PT09803,2025-04-21,2025-04-28,2025-05-10,2025-05-14,Started,,
PT09804,2025-12-24,2025-12-30,2026-01-17,,Not Started,,
PT09805,2023-01-27,2023-01-28,2023-02-09,2023-02-22,Started,,
PT09806,2025-06-11,2025-06-13,2025-06-28,,Not Started,,
PT09807,2023-11-26,2023-11-28,2023-12-10,2023-12-13,Discontinued,2024-04-09,Treatment Ineffectiveness
PT09808,2024-05-29,2024-05-31,2024-06-20,2024-07-01,Started,,
PT09809,2023-05-03,2023-05-07,2023-05-21,2023-06-03,Started,,
PT09810,2024-06-13,2024-06-20,2024-07-14,2024-07-19,Started,,
PT09811,2025-02-15,2025-02-17,2025-03-10,,Not Started,,
PT09812,2024-07-04,2024-07-06,2024-07-24,2024-07-30,Started,,
PT09813,2025-04-07,2025-04-09,2025-04-20,2025-05-01,Discontinued,2025-10-12,Treatment Ineffectiveness
PT09814,2023-05-06,2023-05-07,2023-05-22,,Not Started,,
PT09815,2025-08-27,2025-08-29,2025-09-16,2025-09-20,Started,,
PT09816,2024-11-29,2024-12-02,2024-12-11,2024-12-24,Discontinued,2025-04-06,Adverse Event
PT09817,2025-08-22,2025-08-25,2025-09-04,2025-09-15,Started,,
PT09818,2024-10-15,2024-10-18,2024-11-07,2024-11-17,Discontinued,2025-05-16,Adverse Event
PT09819,2025-06-13,2025-06-18,2025-07-14,2025-07-20,Started,,
PT09820,2024-04-03,2024-04-08,2024-04-25,2024-04-28,Started,,
PT09821,2025-08-24,2025-08-27,2025-09-20,2025-09-25,Started,,
PT09822,2023-12-07,2023-12-08,2023-12-26,,Not Started,,
PT09823,2025-04-02,2025-04-08,2025-04-25,2025-05-09,Started,,
PT09824,2025-02-12,2025-02-19,2025-03-01,2025-03-14,Started,,
PT09825,2025-12-11,2025-12-12,2025-12-27,2025-12-31,Started,,
PT09826,2025-12-03,2025-12-05,2025-12-18,2025-12-26,Started,,
PT09827,2025-03-05,2025-03-09,2025-03-12,2025-03-22,Started,,
PT09828,2023-10-04,2023-10-08,2023-11-03,,Not Started,,
PT09829,2025-07-06,2025-07-13,2025-07-27,2025-08-07,Started,,
PT09830,2023-12-13,2023-12-19,2024-01-16,2024-01-21,Started,,
PT09831,2023-07-21,2023-07-27,2023-08-21,2023-08-28,Discontinued,2023-11-07,Access Issue
PT09832,2025-05-31,2025-06-05,2025-06-22,,Not Started,,
PT09833,2023-05-05,2023-05-06,2023-05-28,,Not Started,,
PT09834,2023-07-22,2023-07-24,2023-08-06,2023-08-09,Started,,
PT09835,2025-11-08,2025-11-14,2025-11-27,2025-12-06,Started,,
PT09836,2023-08-10,2023-08-14,2023-09-07,2023-09-10,Started,,
PT09837,2023-12-15,2023-12-22,2024-01-03,2024-01-05,Started,,
PT09838,2025-04-03,2025-04-08,2025-04-26,,Not Started,,
PT09839,2024-04-27,2024-05-03,2024-05-18,2024-05-24,Started,,
PT09840,2024-05-21,2024-05-23,2024-05-31,2024-06-13,Started,,
PT09841,2024-10-19,2024-10-20,2024-10-27,2024-10-30,Started,,
PT09842,2024-10-19,2024-10-23,2024-11-03,2024-11-15,Started,,
PT09843,2025-03-11,2025-03-14,2025-04-06,2025-04-13,Started,,
PT09844,2024-08-19,2024-08-24,2024-09-09,,Not Started,,
PT09845,2023-10-07,2023-10-14,2023-10-23,,Not Started,,
PT09846,2024-03-19,2024-03-26,2024-04-09,2024-04-14,Discontinued,2024-11-04,Patient Decision
PT09847,2024-03-30,2024-04-06,2024-04-15,2024-04-17,Started,,
PT09848,2024-08-10,2024-08-16,2024-09-11,2024-09-13,Discontinued,2025-01-09,Cost / Affordability
PT09849,2023-01-11,2023-01-12,2023-01-21,2023-02-03,Started,,
PT09850,2023-11-25,2023-12-01,2023-12-21,2023-12-25,Discontinued,2024-06-03,Patient Decision
PT09851,2023-01-25,2023-01-27,2023-02-17,2023-02-28,Started,,
PT09852,2025-07-05,2025-07-10,2025-07-21,2025-07-31,Started,,
PT09853,2023-09-19,2023-09-22,2023-10-17,2023-10-22,Started,,
PT09854,2023-06-06,2023-06-07,2023-06-30,,Not Started,,
PT09855,2023-01-13,2023-01-17,2023-02-11,2023-02-20,Started,,
PT09856,2025-11-16,2025-11-22,2025-12-26,,Not Started,,
PT09857,2025-03-11,2025-03-15,2025-03-30,2025-04-07,Started,,
PT09858,2025-10-04,2025-10-09,2025-10-30,2025-11-01,Started,,
PT09859,2024-03-07,2024-03-09,2024-03-19,2024-03-27,Discontinued,2024-08-21,Adverse Event
PT09860,2024-05-09,2024-05-11,2024-06-01,2024-06-15,Started,,
PT09861,2025-05-13,2025-05-18,2025-05-29,2025-06-11,Started,,
PT09862,2024-04-14,2024-04-15,2024-04-27,2024-05-08,Started,,
PT09863,2023-08-05,2023-08-08,2023-09-01,,Not Started,,
PT09864,2025-03-22,2025-03-28,2025-04-22,,Not Started,,
PT09865,2023-03-26,2023-03-28,2023-04-03,2023-04-08,Discontinued,2023-10-26,Access Issue
PT09866,2024-05-06,2024-05-12,2024-05-26,2024-06-02,Started,,
PT09867,2023-01-20,2023-01-24,2023-02-08,2023-02-12,Started,,
PT09868,2023-04-27,2023-04-29,2023-05-14,,Not Started,,
PT09869,2025-01-01,2025-01-06,2025-01-20,2025-01-30,Started,,
PT09870,2024-06-27,2024-07-01,2024-07-07,2024-07-14,Discontinued,2025-03-04,Adverse Event
PT09871,2023-09-25,2023-09-26,2023-10-18,2023-10-28,Started,,
PT09872,2024-10-17,2024-10-24,2024-11-14,2024-11-26,Discontinued,2025-06-30,Adverse Event
PT09873,2024-08-07,2024-08-10,2024-08-27,2024-08-29,Started,,
PT09874,2024-05-05,2024-05-09,2024-05-22,2024-06-05,Discontinued,2025-01-15,Adverse Event
PT09875,2025-02-13,2025-02-19,2025-03-09,2025-03-16,Started,,
PT09876,2024-01-19,2024-01-23,2024-02-17,2024-02-23,Started,,
PT09877,2025-08-24,2025-08-29,2025-09-06,2025-09-16,Started,,
PT09878,2025-01-19,2025-01-21,2025-02-05,2025-02-15,Started,,
PT09879,2023-02-21,2023-02-25,2023-03-28,,Not Started,,
PT09880,2025-03-13,2025-03-18,2025-03-22,2025-03-30,Started,,
PT09881,2023-12-24,2023-12-31,2024-01-29,,Not Started,,
PT09882,2025-01-03,2025-01-07,2025-01-18,2025-01-25,Started,,
PT09883,2025-02-19,2025-02-25,2025-03-08,2025-03-14,Started,,
PT09884,2025-07-03,2025-07-09,2025-07-30,,Not Started,,
PT09885,2024-08-09,2024-08-10,2024-08-24,2024-08-29,Started,,
PT09886,2024-12-24,2024-12-27,2025-01-08,2025-01-16,Started,,
PT09887,2023-06-03,2023-06-05,2023-06-25,2023-06-27,Discontinued,2023-09-01,Access Issue
PT09888,2024-01-20,2024-01-25,2024-02-16,2024-02-26,Started,,
PT09889,2025-10-26,2025-10-29,2025-11-18,2025-11-20,Started,,
PT09890,2024-12-06,2024-12-13,2024-12-23,2024-12-28,Discontinued,2025-08-24,Access Issue
PT09891,2025-09-16,2025-09-18,2025-10-14,2025-10-22,Discontinued,2026-04-07,Access Issue
PT09892,2025-06-19,2025-06-20,2025-07-12,,Not Started,,
PT09893,2024-10-04,2024-10-05,2024-10-24,2024-11-05,Started,,
PT09894,2025-10-04,2025-10-10,2025-10-21,2025-10-25,Started,,
PT09895,2023-06-23,2023-06-24,2023-07-06,2023-07-18,Started,,
PT09896,2024-01-15,2024-01-16,2024-01-23,2024-01-29,Started,,
PT09897,2024-01-04,2024-01-09,2024-01-12,2024-01-15,Started,,
PT09898,2023-09-28,2023-10-02,2023-10-13,2023-10-22,Started,,
PT09899,2025-08-07,2025-08-09,2025-09-02,,Not Started,,
PT09900,2024-12-10,2024-12-11,2025-01-10,2025-01-24,Started,,
PT09901,2025-11-08,2025-11-15,2025-12-04,2025-12-09,Started,,
PT09902,2025-10-25,2025-10-30,2025-11-21,2025-11-23,Started,,
PT09903,2025-01-14,2025-01-18,2025-01-28,2025-01-30,Started,,
PT09904,2023-09-06,2023-09-11,2023-10-09,,Not Started,,
PT09905,2024-04-18,2024-04-19,2024-05-05,2024-05-08,Started,,
PT09906,2024-09-15,2024-09-16,2024-10-05,2024-10-14,Started,,
PT09907,2025-12-29,2026-01-04,2026-01-23,2026-01-27,Started,,
PT09908,2023-08-28,2023-09-02,2023-09-27,,Not Started,,
PT09909,2024-11-14,2024-11-21,2024-11-29,2024-12-10,Started,,
PT09910,2025-03-05,2025-03-10,2025-03-25,2025-04-05,Started,,
PT09911,2024-01-27,2024-01-30,2024-02-14,2024-02-25,Started,,
PT09912,2023-03-24,2023-03-30,2023-04-22,2023-04-24,Started,,
PT09913,2023-11-11,2023-11-17,2023-12-03,2023-12-13,Started,,
PT09914,2023-04-22,2023-04-26,2023-05-26,2023-06-03,Discontinued,2023-09-10,Access Issue
PT09915,2023-01-07,2023-01-08,2023-01-18,2023-01-21,Started,,
PT09916,2023-05-20,2023-05-27,2023-06-07,,Not Started,,
PT09917,2023-11-15,2023-11-17,2023-12-01,2023-12-05,Started,,
PT09918,2025-04-06,2025-04-13,2025-04-28,2025-05-10,Started,,
PT09919,2023-02-25,2023-02-26,2023-03-16,2023-03-23,Started,,
PT09920,2025-08-12,2025-08-16,2025-09-03,,Not Started,,
PT09921,2023-10-20,2023-10-24,2023-11-12,2023-11-18,Started,,
PT09922,2023-07-10,2023-07-16,2023-08-11,2023-08-23,Started,,
PT09923,2024-07-02,2024-07-08,2024-07-14,2024-07-28,Started,,
PT09924,2024-05-19,2024-05-21,2024-06-22,2024-07-03,Started,,
PT09925,2025-10-23,2025-10-28,2025-11-14,2025-11-20,Started,,
PT09926,2025-02-06,2025-02-08,2025-02-21,2025-03-03,Started,,
PT09927,2023-07-09,2023-07-12,2023-07-23,2023-08-05,Discontinued,2023-12-06,Access Issue
PT09928,2025-06-05,2025-06-09,2025-06-19,2025-06-24,Started,,
PT09929,2024-12-14,2024-12-21,2025-01-15,2025-01-24,Started,,
PT09930,2024-06-23,2024-06-29,2024-07-13,2024-07-27,Started,,
PT09931,2024-09-23,2024-09-30,2024-10-20,2024-10-30,Started,,
PT09932,2024-10-30,2024-11-02,2024-11-20,2024-12-01,Started,,
PT09933,2023-04-02,2023-04-07,2023-05-09,,Not Started,,
PT09934,2023-01-18,2023-01-19,2023-01-31,2023-02-06,Started,,
PT09935,2025-03-31,2025-04-04,2025-04-29,2025-05-05,Started,,
PT09936,2025-06-24,2025-06-27,2025-07-01,2025-07-12,Started,,
PT09937,2025-05-23,2025-05-24,2025-06-09,2025-06-20,Discontinued,2025-10-01,Access Issue
PT09938,2024-06-29,2024-07-01,2024-07-15,2024-07-23,Started,,
PT09939,2025-05-05,2025-05-07,2025-05-23,2025-05-28,Started,,
PT09940,2023-07-30,2023-08-04,2023-08-21,2023-08-24,Started,,
PT09941,2025-08-08,2025-08-14,2025-08-28,,Not Started,,
PT09942,2023-03-05,2023-03-09,2023-03-23,,Not Started,,
PT09943,2025-01-05,2025-01-10,2025-01-31,2025-02-08,Started,,
PT09944,2024-06-03,2024-06-07,2024-06-26,2024-07-04,Started,,
PT09945,2023-02-03,2023-02-10,2023-02-15,2023-02-23,Started,,
PT09946,2023-07-19,2023-07-26,2023-08-02,2023-08-08,Discontinued,2023-12-22,Adverse Event
PT09947,2023-06-10,2023-06-11,2023-06-20,2023-06-23,Discontinued,2024-01-30,Adverse Event
PT09948,2023-03-10,2023-03-13,2023-03-25,2023-03-29,Started,,
PT09949,2025-10-02,2025-10-06,2025-10-24,2025-11-05,Started,,
PT09950,2024-09-03,2024-09-07,2024-09-26,2024-10-10,Started,,
PT09951,2024-02-11,2024-02-14,2024-02-27,2024-03-06,Started,,
PT09952,2025-02-10,2025-02-15,2025-03-03,2025-03-16,Started,,
PT09953,2025-10-07,2025-10-08,2025-10-31,,Not Started,,
PT09954,2025-02-11,2025-02-14,2025-02-21,,Not Started,,
PT09955,2024-05-20,2024-05-24,2024-06-15,2024-06-26,Started,,
PT09956,2024-06-03,2024-06-08,2024-07-02,,Not Started,,
PT09957,2025-06-23,2025-06-29,2025-07-10,2025-07-15,Started,,
PT09958,2025-05-15,2025-05-16,2025-05-21,2025-05-25,Discontinued,2025-09-21,Access Issue
PT09959,2025-02-12,2025-02-15,2025-03-04,2025-03-12,Started,,
PT09960,2025-02-14,2025-02-15,2025-02-19,2025-03-04,Started,,
PT09961,2023-02-02,2023-02-06,2023-02-28,2023-03-11,Started,,
PT09962,2025-12-04,2025-12-10,2025-12-31,2026-01-07,Started,,
PT09963,2024-02-03,2024-02-08,2024-02-28,2024-03-09,Started,,
PT09964,2024-08-12,2024-08-13,2024-09-10,2024-09-24,Started,,
PT09965,2023-09-12,2023-09-19,2023-09-30,2023-10-13,Started,,
PT09966,2024-07-12,2024-07-16,2024-07-29,2024-08-06,Started,,
PT09967,2023-01-01,2023-01-08,2023-01-26,2023-02-07,Started,,
PT09968,2025-08-16,2025-08-23,2025-08-28,2025-09-10,Started,,
PT09969,2024-08-07,2024-08-08,2024-08-17,2024-08-19,Started,,
PT09970,2024-12-11,2024-12-18,2025-01-01,2025-01-03,Started,,
PT09971,2023-08-28,2023-09-04,2023-09-17,2023-09-29,Started,,
PT09972,2025-07-06,2025-07-08,2025-07-19,,Not Started,,
PT09973,2023-10-31,2023-11-06,2023-11-24,2023-12-04,Started,,
PT09974,2024-12-03,2024-12-07,2024-12-29,2025-01-10,Started,,
PT09975,2025-12-23,2025-12-24,2026-01-01,2026-01-14,Started,,
PT09976,2023-09-22,2023-09-29,2023-10-19,2023-10-24,Started,,
PT09977,2025-09-30,2025-10-06,2025-11-06,2025-11-15,Started,,
PT09978,2023-04-17,2023-04-18,2023-05-02,2023-05-06,Started,,
PT09979,2025-01-16,2025-01-23,2025-02-04,,Not Started,,
PT09980,2023-08-09,2023-08-11,2023-08-31,2023-09-09,Started,,
PT09981,2023-07-08,2023-07-09,2023-08-05,2023-08-10,Started,,
PT09982,2025-03-09,2025-03-15,2025-03-29,2025-04-03,Started,,
PT09983,2025-04-08,2025-04-13,2025-05-07,2025-05-15,Started,,
PT09984,2023-03-27,2023-03-31,2023-04-18,2023-04-24,Started,,
PT09985,2025-06-29,2025-07-03,2025-07-17,2025-07-24,Started,,
PT09986,2025-10-20,2025-10-25,2025-11-09,2025-11-16,Started,,
PT09987,2023-03-01,2023-03-03,2023-03-19,2023-03-23,Started,,
PT09988,2023-02-23,2023-02-28,2023-03-18,2023-04-01,Started,,
PT09989,2025-06-06,2025-06-07,2025-06-23,,Not Started,,
PT09990,2023-11-25,2023-11-27,2023-12-18,2023-12-27,Started,,
PT09991,2025-03-04,2025-03-09,2025-03-27,2025-03-29,Started,,
PT09992,2024-09-22,2024-09-25,2024-10-15,2024-10-29,Discontinued,2025-03-16,Adverse Event
PT09993,2023-11-10,2023-11-11,2023-11-25,2023-12-01,Started,,
PT09994,2024-11-13,2024-11-14,2024-11-30,2024-12-08,Discontinued,2025-05-31,Adverse Event
PT09995,2024-07-31,2024-08-06,2024-08-20,2024-08-26,Started,,
PT09996,2023-03-14,2023-03-19,2023-04-06,2023-04-17,Discontinued,2023-06-13,Access Issue
PT09997,2025-09-23,2025-09-29,2025-10-10,2025-10-24,Started,,
PT09998,2023-08-26,2023-08-28,2023-09-17,2023-09-23,Started,,
PT09999,2025-03-19,2025-03-24,2025-04-21,2025-04-25,Started,,
PT10000,2023-06-19,2023-06-26,2023-07-26,2023-08-08,Started,,
